objectid,vilnam_soi,stcode11,dtcode11,sdtcode11,vilcode11,stname,dtname,sdtname,vilname11,vil_lgd,dist_lgd,state_lgd,gp_code,gp_name,subdt_lgd,block_name,block_lgd,remark,ac_no,search_village,st_length(shape),st_area(shape),temp,id,b_pan_code,b_pan_name,d_pan_code,d_pan_name,test
388724,VILAVANCODE,33,629,05881,643111,TAMIL NADU,Kanniyakumari,Vilavancode,Vilavancode (CT),643111,575,33,224566,Vilavancode,5881,Munchira,6192,,233.0,1,11524.662537206488,2473188.887969545,1,393992,6497,MUNCHIRAI,529,Kanniyakumari,393992
388737,KULAPPURAM,33,629,05881,643110,TAMIL NADU,Kanniyakumari,Vilavancode,Methukummal (CT),643110,575,33,224571,Methukummal,5881,Munchira,6192,,234.0,1,13482.348263900616,6712978.08481064,1,394005,6497,MUNCHIRAI,529,Kanniyakumari,394005
388750,VILAVANCODE,33,629,05881,803884,TAMIL NADU,Kanniyakumari,Vilavancode,Kaliyakkavilai (TP),803884,575,33,0,,5881,Munchira,6192,,233.0,1,12431.433870189245,5750352.8419054,1,394018,6497,MUNCHIRAI,529,Kanniyakumari,394018
388848,CHITTAR,33,629,05881,803880,TAMIL NADU,Kanniyakumari,Vilavancode,Kadayal (TP),803880,575,33,0,,5881,Melpuram,6191,,233.0,1,50572.48457343432,52188489.83415468,1,394117,6496,MELPURAM,529,Kanniyakumari,394117
388906,KALAMALAI R.F,33,629,05881,643100,TAMIL NADU,Kanniyakumari,Vilavancode,Kilamalai R.F.,643100,575,33,224604,Pechiparai,5881,Melpuram,6191,,233.0,1,60859.88378279242,84221551.46796758,1,394176,6496,MELPURAM,529,Kanniyakumari,394176
389342,KUTTALAM RESERVED FOREST,33,790,05873,642775,TAMIL NADU,Tenkasi,Tenkasi,Courtallam Slopes R.F.,642775,733,33,230858,Kasimajorpuram,5873,Tenkasi,6400,,222.0,1,38213.11911740993,46303806.90917467,1,394618,6705,TENKASI,296956,Tenkasi,394618
389270,TERKUVIRAVANALLUR R.F,33,628,05878,642989,TAMIL NADU,Tirunelveli,Ambasamudram,Therku Viravanallur R.F.,642989,592,33,230532,T.Veeravanallur,5878,Ambasamudram,6385,,225.0,1,168849.99603926158,610227434.0403125,1,394546,6690,AMBASAMUDRAM,546,Tirunelveli,394546
388715,KOLLENCODE,33,629,05881,803889,TAMIL NADU,Kanniyakumari,Vilavancode,Kollancode (TP),803889,575,33,0,,5881,Munchira,6192,,0.0,1,15510.970916652557,7345428.774751525,1,393983,6497,MUNCHIRAI,529,Kanniyakumari,393983
388723,KOLLENCODE,33,629,05881,643112,TAMIL NADU,Kanniyakumari,Vilavancode,Choozhal (CT),643112,575,33,224568,Choozal,5881,Munchira,6192,,234.0,1,14159.266372539789,5513848.395853805,1,393991,6497,MUNCHIRAI,529,Kanniyakumari,393991
388731,MEL THUKUMMEL,33,629,05881,643109,TAMIL NADU,Kanniyakumari,Vilavancode,Adaikkakuzhi (CT),643109,575,33,224567,Adaikkakuzhi,5881,Munchira,6192,,234.0,1,12511.323642822234,4559936.22275636,1,393999,6497,MUNCHIRAI,529,Kanniyakumari,393999
388734,KULAPPURAM,33,629,05881,643108,TAMIL NADU,Kanniyakumari,Vilavancode,Kulappuram (CT),643108,575,33,224569,Kulappuram,5881,Munchira,6192,,234.0,1,9601.780861876046,3912811.889820385,1,394002,6497,MUNCHIRAI,529,Kanniyakumari,394002
189317,KAROD,32,601,05692,628532,KERALA,Thiruvananthapuram,Neyyattinkara,Karode,628532,565,32,221788,Karode,5692,Parassala,6075,,140.0,1,25118.36084122656,14217869.22868409,1,191449,6382,PARASSALA,520,Thiruvananthapuram,191449
189318,PARASSALA,32,601,05692,628547,KERALA,Thiruvananthapuram,Neyyattinkara,Parassala (CT),628547,565,32,221790,Parassala,5692,Parassala,6075,,137.0,1,19709.90419586648,10930294.985416915,1,191450,6382,PARASSALA,520,Thiruvananthapuram,191450
189312,CHENKAL,32,601,05692,628533,KERALA,Thiruvananthapuram,Neyyattinkara,Chenkal (Part),628533,565,32,221787,Chenkal,5692,Parassala,6075,,140.0,1,20820.45253576529,20945744.734658085,1,191444,6382,PARASSALA,520,Thiruvananthapuram,191444
388754,VILAVANCODE,33,629,05881,643105,TAMIL NADU,Kanniyakumari,Vilavancode,Vanniyoor (CT),643105,575,33,224564,Vanniyoor,5881,Munchira,6192,,233.0,1,6733.763328673342,1842522.233477755,1,394023,6497,MUNCHIRAI,529,Kanniyakumari,394023
388762,PALUKAL,33,629,05881,643104,TAMIL NADU,Kanniyakumari,Vilavancode,Malayadi (CT),643104,575,33,224558,Malayadi,5881,Munchira,6192,,233.0,1,8961.253702246131,3608950.446615565,1,394031,6497,MUNCHIRAI,529,Kanniyakumari,394031
388778,PALUKAL,33,629,05881,803883,TAMIL NADU,Kanniyakumari,Vilavancode,Palugal (TP),803883,575,33,0,,5881,Munchira,6192,,233.0,1,15397.640168070346,7231895.88303615,1,394047,6497,MUNCHIRAI,529,Kanniyakumari,394047
388789,EDAICODE,33,629,05881,803882,TAMIL NADU,Kanniyakumari,Vilavancode,Edaicode (TP),803882,575,33,0,,5881,Melpuram,6191,,233.0,1,17393.678084927284,10677745.127457745,1,394058,6496,MELPURAM,529,Kanniyakumari,394058
388797,MANGOD,33,629,05881,643101,TAMIL NADU,Kanniyakumari,Vilavancode,Puliyoorsalai (CT),643101,575,33,224563,Puliyoor Salai,5881,Melpuram,6191,,233.0,1,12962.602695050027,4516372.022954655,1,394066,6496,MELPURAM,529,Kanniyakumari,394066
189321,KUNNATTUKAL,32,601,05692,628530,KERALA,Thiruvananthapuram,Neyyattinkara,Kunnathukal,628530,565,32,221797,Kunnathukal,5692,Perumkadavila,6076,,137.0,1,21854.338130757867,18941621.043163434,1,191453,6383,PERUMKADAVILA,520,Thiruvananthapuram,191453
388810,MANGOD,33,629,05881,643093,TAMIL NADU,Kanniyakumari,Vilavancode,Mancode (Part),643093,575,33,224560,Mancode,5881,Melpuram,6191,,233.0,1,24601.345292741877,12748260.207796725,1,394079,6496,MELPURAM,529,Kanniyakumari,394079
189323,VELLARADA,32,601,05692,628525,KERALA,Thiruvananthapuram,Neyyattinkara,Vellarada,628525,565,32,221800,Vellarada,5692,Perumkadavila,6076,,137.0,1,23938.10830211601,23388448.41661619,1,191455,6383,PERUMKADAVILA,520,Thiruvananthapuram,191455
189328,KURATTUR,32,601,05692,628534,KERALA,Thiruvananthapuram,Neyyattinkara,Kulathoor,628534,565,32,221789,Kulathoor,5692,Parassala,6075,,140.0,1,21319.524912342637,13778349.54965815,1,191460,6382,PARASSALA,520,Thiruvananthapuram,191460
189327,KARUMKULAM,32,601,05692,628536,KERALA,Thiruvananthapuram,Neyyattinkara,Karumkulam,628536,565,32,221753,Karumkulam,5692,Athiyannoor,6069,,0.0,1,11849.334637874079,5754699.233672485,1,191459,6376,ATHIYANNOOR,520,Thiruvananthapuram,191459
189326,TIRUPURAM,32,601,05692,628535,KERALA,Thiruvananthapuram,Neyyattinkara,Thirupuram,628535,565,32,221792,Thirupuram,5692,Parassala,6075,,140.0,1,21776.066988522616,16610967.661360236,1,191458,6382,PARASSALA,520,Thiruvananthapuram,191458
189316,KANJIRAMKULAM,32,601,05692,628545,KERALA,Thiruvananthapuram,Neyyattinkara,Kanjiramkulam (CT),628545,565,32,221752,Kanjiramkulam,5692,Athiyannoor,6069,,139.0,1,12299.47391148534,8660092.42473893,1,191448,6376,ATHIYANNOOR,520,Thiruvananthapuram,191448
189311,ATIYANNUR,32,601,05692,628544,KERALA,Thiruvananthapuram,Neyyattinkara,Athiyannur (CT),628544,565,32,221751,Athiyannoor,5692,Athiyannoor,6069,,140.0,1,20459.638588201196,14599116.79313535,1,191443,6376,ATHIYANNOOR,520,Thiruvananthapuram,191443
189330,BALARAMAPURAM,32,601,05692,916070,KERALA,Thiruvananthapuram,Neyyattinkara,Balaramapuram,916070,565,32,221780,Balaramapuram,5692,Athiyannoor,6069,,138.0,1,13062.27596099395,5922748.607843725,1,191462,6376,ATHIYANNOOR,520,Thiruvananthapuram,191462
189325,PERUMBAZHUTUR,32,601,05692,803313,KERALA,Thiruvananthapuram,Neyyattinkara,Neyyattinkara (M),803313,565,32,0,,5692,Athiyannoor,6069,,140.0,1,19067.297024762596,10103990.816496585,1,191457,6376,ATHIYANNOOR,520,Thiruvananthapuram,191457
189022,MARANALLUR,32,601,,628527,KERALA,Thiruvananthapuram,Kattakkada,Maranalloor,628527,565,32,221783,Maranalloor,5945,Nemom,6074,,138.0,1,24028.886431406972,25470236.632779904,1,191152,6381,NEMOM,520,Thiruvananthapuram,191152
189013,MALAYINKIZH,32,601,,628541,KERALA,Thiruvananthapuram,Kattakkada,Malayinkeezhu (CT),628541,565,32,221782,Malayinkeezh,5945,Nemom,6074,,138.0,1,24578.339101508922,17496606.869790696,1,191143,6381,NEMOM,520,Thiruvananthapuram,191143
189015,KULATTUMMEL,32,601,,628540,KERALA,Thiruvananthapuram,Kattakkada,Kulathummal (CT),628540,565,32,221817,Kattakkada,5945,Vellanad,6080,,138.0,1,30350.434855687232,22585174.140209876,1,191145,6386,VELLANAD,520,Thiruvananthapuram,191145
189314,VIZHINJAM,32,601,05692,628538,KERALA,Thiruvananthapuram,Neyyattinkara,Vizhinjam (Part),628538,565,32,0,,5692,Athiyannoor,6069,,139.0,1,21359.273088176295,12556364.041734925,1,191446,6376,ATHIYANNOOR,520,Thiruvananthapuram,191446
189315,KOTTUKAL,32,601,05692,628537,KERALA,Thiruvananthapuram,Neyyattinkara,Kottukal (Part),628537,565,32,221754,Kottukal,5692,Athiyannoor,6069,,139.0,1,24349.475401947686,19043246.856289085,1,191447,6376,ATHIYANNOOR,520,Thiruvananthapuram,191447
189538,VENGANUR,32,601,05691,628518,KERALA,Thiruvananthapuram,Thiruvananthapuram,Venganoor (CT),628518,565,32,221755,Venganoor,5691,Athiyannoor,6069,,139.0,1,20682.230024536173,15490411.571534045,1,191672,6376,ATHIYANNOOR,520,Thiruvananthapuram,191672
189536,KALLIYUR,32,601,05691,628517,KERALA,Thiruvananthapuram,Thiruvananthapuram,Kalliyoor (CT),628517,565,32,221781,Kalliyoor,5691,Nemom,6074,,139.0,1,24141.19012105224,18470365.42335948,1,191670,6381,NEMOM,520,Thiruvananthapuram,191670
189313,PALLICHAL,32,601,05692,628543,KERALA,Thiruvananthapuram,Neyyattinkara,Pallichal (CT),628543,565,32,221784,Pallichal,5692,Nemom,6074,,138.0,1,19729.982609997078,16840052.450734396,1,191445,6381,NEMOM,520,Thiruvananthapuram,191445
189541,TYKKAD(SASTAMANGALAM),32,601,05691,803312,KERALA,Thiruvananthapuram,Thiruvananthapuram,Sreekaryam (CT),803312,565,32,0,,5691,Pothencode,6071,,135.0,1,21155.71907684397,14864066.40224332,1,191675,6378,POTHENCODE,520,Thiruvananthapuram,191675
189014,VILAVURKAL,32,601,,628542,KERALA,Thiruvananthapuram,Kattakkada,Vilavoorkkal (CT),628542,565,32,221786,Vilavoorkkal,5945,Nemom,6074,,138.0,1,16843.653285752527,11877168.22192036,1,191144,6381,NEMOM,520,Thiruvananthapuram,191144
189528,TIRUMALA,32,601,05691,803312,KERALA,Thiruvananthapuram,Thiruvananthapuram,Sreekaryam (CT),803312,565,32,0,,5691,Pothencode,6071,,134.0,1,18216.56059545337,9672823.78392369,1,191662,6378,POTHENCODE,520,Thiruvananthapuram,191662
189535,VATTIYURKAVU,32,601,05691,803312,KERALA,Thiruvananthapuram,Thiruvananthapuram,Sreekaryam (CT),803312,565,32,0,,5691,Pothencode,6071,,133.0,1,13100.71110700251,6977850.747918985,1,191669,6378,POTHENCODE,520,Thiruvananthapuram,191669
189019,VILAPPIL,32,601,,628539,KERALA,Thiruvananthapuram,Kattakkada,Vilappil (CT),628539,565,32,221785,Vilappil,5945,Nemom,6074,,138.0,1,23794.607603531913,22041407.663139764,1,191149,6381,NEMOM,520,Thiruvananthapuram,191149
189319,PARASUVAKKAL,32,601,05692,628546,KERALA,Thiruvananthapuram,Neyyattinkara,Parasuvaikkal (CT),628546,565,32,221790,Parassala,5692,Parassala,6075,,137.0,1,13535.44358270832,9656029.289545676,1,191451,6382,PARASSALA,520,Thiruvananthapuram,191451
189320,KOLLAYIL,32,601,05692,628531,KERALA,Thiruvananthapuram,Neyyattinkara,Kollayil (Part),628531,565,32,221796,Kollayil,5692,Perumkadavila,6076,,137.0,1,20962.885498143016,14929783.687378185,1,191452,6383,PERUMKADAVILA,520,Thiruvananthapuram,191452
189329,NEYYATTINKARA,32,601,05692,803313,KERALA,Thiruvananthapuram,Neyyattinkara,Neyyattinkara (M),803313,565,32,0,,5692,Athiyannoor,6069,,140.0,1,24588.761924695777,15785574.65929839,1,191461,6376,ATHIYANNOOR,520,Thiruvananthapuram,191461
189324,PERUMKADAVILA,32,601,05692,628528,KERALA,Thiruvananthapuram,Neyyattinkara,Perumkadavila,628528,565,32,221799,Perumkadavila,5692,Perumkadavila,6076,,137.0,1,20662.63172140127,17949800.019663285,1,191456,6383,PERUMKADAVILA,520,Thiruvananthapuram,191456
189322,ANAVUR,32,601,05692,628529,KERALA,Thiruvananthapuram,Neyyattinkara,Anavoor,628529,565,32,221797,Kunnathukal,5692,Perumkadavila,6076,,137.0,1,19967.5839753252,12427937.497554366,1,191454,6383,PERUMKADAVILA,520,Thiruvananthapuram,191454
189020,KIZHAVUR,32,601,,628526,KERALA,Thiruvananthapuram,Kattakkada,Keezharoor,628526,565,32,221794,Aryancode,5945,Perumkadavila,6076,,137.0,1,27485.169608064203,21482682.89397816,1,191150,6383,PERUMKADAVILA,520,Thiruvananthapuram,191150
189021,OTTASEKHARAMANGALAM,32,601,,628521,KERALA,Thiruvananthapuram,Kattakkada,Ottasekharamangalam,628521,565,32,221798,Ottasekharamangalam,5945,Perumkadavila,6076,,137.0,1,23804.988210094696,18991018.08196555,1,191151,6383,PERUMKADAVILA,520,Thiruvananthapuram,191151
189016,VIRANAKAVU,32,601,,628502,KERALA,Thiruvananthapuram,Kattakkada,Veeranakavu,628502,565,32,221819,Poovachal,5945,Vellanad,6080,,136.0,1,20709.095908931016,18108910.650118884,1,191146,6386,VELLANAD,520,Thiruvananthapuram,191146
189017,KALLIKKAD,32,601,,628522,KERALA,Thiruvananthapuram,Kattakkada,Kallikkad,628522,565,32,221795,Kallikkadu,5945,Perumkadavila,6076,,137.0,1,19629.92490264531,15068910.607705655,1,191147,6383,PERUMKADAVILA,520,Thiruvananthapuram,191147
189302,ARYANAD,32,601,05690,628496,KERALA,Thiruvananthapuram,Nedumangad,Aryanad,628496,565,32,221816,Aryanad,5690,Vellanad,6080,,136.0,1,37851.21342895507,31951463.82666351,1,191434,6386,VELLANAD,520,Thiruvananthapuram,191434
189018,AMBURI,32,601,,628524,KERALA,Thiruvananthapuram,Kattakkada,Amboori,628524,565,32,221793,Amboori,5945,Perumkadavila,6076,,137.0,1,34983.005096697605,29623880.313992616,1,191148,6383,PERUMKADAVILA,520,Thiruvananthapuram,191148
189024,VAZHICHAL,32,601,,628523,KERALA,Thiruvananthapuram,Kattakkada,Vazhichal,628523,565,32,221793,Amboori,5945,Perumkadavila,6076,,137.0,1,69546.77268491943,119452945.39928491,1,191154,6383,PERUMKADAVILA,520,Thiruvananthapuram,191154
189023,MANNURKARA,32,601,,628495,KERALA,Thiruvananthapuram,Kattakkada,Mannoorkara,628495,565,32,221818,Kuttichal,5945,Vellanad,6080,,136.0,1,58461.218032255434,93020351.65757985,1,191153,6386,VELLANAD,520,Thiruvananthapuram,191153
389420,PULIYARAI RESERVED FOREST,33,790,05874,,TAMIL NADU,Tenkasi,Shenkottai, ,0,733,33,0,,5874,Shencottah,6399,,221.0,1,36514.374660325346,22325687.33301161,1,394696,0, ,296956,Tenkasi,394696
389584,PULIYARAI RESERVED FOREST,33,790,05874,,TAMIL NADU,Tenkasi,Shenkottai, ,0,733,33,0,,5874,Shencottah,6399,,221.0,1,54960.965540754696,32134156.004374824,1,394862,0, ,296956,Tenkasi,394862
189299,PERUMKULAM,32,601,05690,628501,KERALA,Thiruvananthapuram,Nedumangad,Perumkulam,628501,565,32,221819,Poovachal,5690,Vellanad,6080,,136.0,1,34657.26113308182,21621898.310403496,1,191431,6386,VELLANAD,520,Thiruvananthapuram,191431
189300,VELLANAD,32,601,05690,628500,KERALA,Thiruvananthapuram,Nedumangad,Vellanad,628500,565,32,221822,Vellanad,5690,Vellanad,6080,,136.0,1,28380.128988343473,23928253.385243915,1,191432,6386,VELLANAD,520,Thiruvananthapuram,191432
189301,UZHAMALAKKAL,32,601,05690,628497,KERALA,Thiruvananthapuram,Nedumangad,Uzhamalackal,628497,565,32,221821,Uzhamalackal,5690,Vellanad,6080,,136.0,1,21672.811896359814,19236080.755241964,1,191433,6386,VELLANAD,520,Thiruvananthapuram,191433
189308,TOLIKKOD,32,601,05690,628493,KERALA,Thiruvananthapuram,Nedumangad,Tholicode,628493,565,32,221820,Tholicode,5690,Vellanad,6080,,136.0,1,25347.009180495286,27149288.298399534,1,191440,6386,VELLANAD,520,Thiruvananthapuram,191440
189288,PERINGAMALA,32,601,05690,628483,KERALA,Thiruvananthapuram,Nedumangad,Peringamala,628483,565,32,221803,Nanniyode,5690,Vamanapuram,6078,,131.0,1,59246.966754833724,124416654.87391236,1,191420,6384,VAMANAPURAM,520,Thiruvananthapuram,191420
189089,ARUVAPALAM,32,599,,628339,KERALA,Pathanamthitta,Konni,Aruvappulam,628339,564,32,221710,Aruvapulam,5943,Konni,6062,,114.0,1,108286.97142159441,440835960.4269241,1,191219,6370,KONNI,519,Pathanamthitta,191219
189088,CHITTAR SITATODU,32,599,,628321,KERALA,Pathanamthitta,Konni,Chittar,628321,564,32,221742,Chittar,5943,Ranni,6068,,114.0,1,177719.451044662,671290564.5886046,1,191218,6375,RANNI,519,Pathanamthitta,191218
189353,MANJAMALA,32,596,05667,628108,KERALA,Idukki,Peerumade,Manjumala,628108,556,32,221133,Peerumedu,5667,Azhutha,5977,,92.0,1,84081.89202598912,86801243.5346288,1,191486,6287,AZHUTHA,511,Idukki,191486
189350,ANAVILASAM,32,596,05667,628081,KERALA,Idukki,Peerumade,Anavilasam,628081,556,32,221156,Ayyappancoil,5667,Kattappana,5981,,92.0,1,41807.529784059334,31803918.5533101,1,191482,6291,KATTAPPANA,511,Idukki,191482
188994,VATTIKUDI,32,596,,628071,KERALA,Idukki,Idukki,Vathikudy,628071,556,32,221154,Vathikudy,5942,Idukki,5980,,91.0,1,44391.74461715311,52931689.33213513,1,191124,6290,IDUKKI,511,Idukki,191124
189307,VIDURA,32,601,05690,628494,KERALA,Thiruvananthapuram,Nedumangad,Vithura,628494,565,32,221823,Vithura,5690,Vellanad,6080,,136.0,1,55182.949406203064,120521268.2600453,1,191439,6386,VELLANAD,520,Thiruvananthapuram,191439
189287,TENNUR,32,601,05690,628484,KERALA,Thiruvananthapuram,Nedumangad,Thennoor,628484,565,32,221806,Peringamala,5690,Vamanapuram,6078,,131.0,1,67942.59982384654,113669464.91428667,1,191419,6384,VAMANAPURAM,520,Thiruvananthapuram,191419
189413,KULATTUPUZHA,32,600,,628394,KERALA,Kollam,Punalur,Kulathupuzha,628394,559,32,221301,Kulathupuzha,5947,Anchal,5997,,121.0,1,127934.7232779707,440891333.2615425,1,191547,6307,ANCHAL,514,Kollam,191547
189412,ARIANKAVU,32,600,,628393,KERALA,Kollam,Punalur,Arienkavu,628393,559,32,221297,Ariencavu,5947,Anchal,5997,,121.0,1,82683.26903102112,159950486.67252767,1,191546,6307,ANCHAL,514,Kollam,191546
189358,PERIYAR,32,596,05667,628109,KERALA,Idukki,Peerumade,Periyar,628109,556,32,221132,Kumaly,5667,Azhutha,5977,,92.0,1,55565.98676979013,70526431.82375947,1,191492,6287,AZHUTHA,511,Idukki,191492
189576,CHAKKUPALLAM,32,596,05665,628082,KERALA,Idukki,Udumbanchola,Chakkupallam,628082,556,32,221157,Chakkupallam,5665,Kattappana,5981,,92.0,1,36755.50314056369,26562037.33911756,1,191710,6291,KATTAPPANA,511,Idukki,191710
189575,VANDANMEDU,32,596,05665,628078,KERALA,Idukki,Udumbanchola,Vandanmedu,628078,556,32,221162,Vandenmedu,5665,Kattappana,5981,,89.0,1,25662.310480442462,21422987.138910636,1,191709,6291,KATTAPPANA,511,Idukki,191709
189000,KATTAPPANA,32,596,,628079,KERALA,Idukki,Idukki,Kattappana,628079,556,32,0,,5942,Kattappana,5981,,91.0,1,59942.45177589349,80932317.00205512,1,191130,6291,KATTAPPANA,511,Idukki,191130
189572,PAMPADUMPARA,32,596,05665,628076,KERALA,Idukki,Udumbanchola,Pampadumpara,628076,556,32,221165,Pampadumpara,5665,Nedumkandom,5982,,89.0,1,27796.89822229209,37965348.194932655,1,191706,6292,NEDUMKANDOM,511,Idukki,191706
189571,KALKUNTAL,32,596,05665,628074,KERALA,Idukki,Udumbanchola,Kalkoonthal,628074,556,32,221164,Nedumkandam,5665,Nedumkandom,5982,,89.0,1,43985.24976392069,58601544.5701553,1,191705,6292,NEDUMKANDOM,511,Idukki,191705
581055,MILAPARA,32,596,05667,628111,KERALA,Idukki,Peerumade,Mlappara,628111,556,32,221132,Kumaly,5667,Azhutha,5977,,92.0,5,263215.44903433614,586998672.7891649,4,587368,6287,AZHUTHA,511,Idukki,587368
189351,KUMILY,32,596,05667,628110,KERALA,Idukki,Peerumade,Kumily,628110,556,32,221132,Kumaly,5667,Azhutha,5977,,92.0,1,173205.79448976705,196530375.09961233,1,191483,6287,AZHUTHA,511,Idukki,191483
390722,RF,33,624,05845,641144,TAMIL NADU,Theni,Uthamapalayam,Melagudalur North,641144,588,33,229074,Kullappagoundanpatti,5845,Kambam,6342,,198.0,1,34250.647682523435,21496836.937314823,1,396005,6647,CUMBUM,542,Theni,396005
390955,KOMBAI RESERVED FOREST,33,624,05845,641139,TAMIL NADU,Theni,Uthamapalayam,Suranganur RF,641139,588,33,229074,Kullappagoundanpatti,5845,Kambam,6342,,198.0,1,50165.505624854006,24685942.886059616,1,396239,6647,CUMBUM,542,Theni,396239
189574,ANAKKARA,32,596,05665,628083,KERALA,Idukki,Udumbanchola,Anakkara,628083,556,32,221157,Chakkupallam,5665,Kattappana,5981,,89.0,1,30365.119136499612,39125497.2770242,1,191708,6291,KATTAPPANA,511,Idukki,191708
189573,KARUNAPURAM,32,596,05665,628077,KERALA,Idukki,Udumbanchola,Karunapuram,628077,556,32,221163,Karunapuram,5665,Nedumkandom,5982,,89.0,1,38510.37423990146,55365472.0658361,1,191707,6292,NEDUMKANDOM,511,Idukki,191707
189570,NEDUMKANDAM,32,596,05665,628075,KERALA,Idukki,Udumbanchola,Parathodu,628075,556,32,221164,Nedumkandam,5665,Nedumkandom,5982,,89.0,1,62249.59742253417,59518671.91592016,1,191704,6292,NEDUMKANDOM,511,Idukki,191704
189578,CHATURANGANPARA,32,596,05665,628069,KERALA,Idukki,Udumbanchola,Chathurangapara,628069,556,32,221168,Senapathy,5665,Nedumkandom,5982,,89.0,1,34657.955359680134,30327661.45450805,1,191712,6292,NEDUMKANDOM,511,Idukki,191712
189564,SANTTANPARA,32,596,05665,628068,KERALA,Idukki,Udumbanchola,Santhanpara,628068,556,32,221141,Santhanpara,5665,Devikulam,5978,,89.0,1,33659.956091997556,36578362.33061542,1,191698,6288,DEVIKULAM,511,Idukki,191698
189577,UDUMBANCHOLA,32,596,05665,628070,KERALA,Idukki,Udumbanchola,Udumbanchola,628070,556,32,221168,Senapathy,5665,Nedumkandom,5982,,89.0,1,35879.43272154638,41096318.998292,1,191711,6292,NEDUMKANDOM,511,Idukki,191711
189568,GANDHIPARA,32,596,05665,628067,KERALA,Idukki,Udumbanchola,Kanthippara,628067,556,32,221168,Senapathy,5665,Nedumkandom,5982,,89.0,1,31118.5674654182,28321130.05954229,1,191702,6292,NEDUMKANDOM,511,Idukki,191702
189569,RAJAKUMARI,32,596,05665,628066,KERALA,Idukki,Udumbanchola,Rajakumari,628066,556,32,221167,Rajakumari,5665,Nedumkandom,5982,,89.0,1,44415.00282877586,42236933.74225628,1,191703,6292,NEDUMKANDOM,511,Idukki,191703
189566,BAISON VALLEY,32,596,05665,628063,KERALA,Idukki,Udumbanchola,Baisonvally,628063,556,32,221125,Bisonvalley,5665,Adimaly,5976,,88.0,1,36709.71893842368,48924735.6345871,1,191700,6286,ADIMALY,511,Idukki,191700
188959,KANNAN DEVAN HILLS,32,596,05664,628054,KERALA,Idukki,Devikulam,Kannan Devan Hills,628054,556,32,238327,Devikulam,5664,Devikulam,5978,,88.0,1,149125.1437099851,496052263.78432286,1,191089,6288,DEVIKULAM,511,Idukki,191089
389635,VELLAKALTERI  RF,33,790,,642774,TAMIL NADU,Tenkasi,Kadayanallur,Kadayanallur Upper Slopes,642774,733,33,230550,Thirikoodapuram,6639,Kadaiyanallur,6387,,221.0,1,40281.002476876034,34789116.09235653,1,394913,6692,KADAYANALLUR,296956,Tenkasi,394913
389695,K  A  D  A  I  Y  A  N  A  L,33,790,,642773,TAMIL NADU,Tenkasi,Kadayanallur,Vairavankulam R.F.,642773,733,33,230538,Boganallur,6639,Kadaiyanallur,6387,,221.0,1,34263.538396476004,26802277.98548989,1,394973,6692,KADAYANALLUR,296956,Tenkasi,394973
389715,KRISHNAPURAM RESERVED FOREST,33,790,,642772,TAMIL NADU,Tenkasi,Kadayanallur,Krishnapuram R.F.,642772,733,33,230538,Boganallur,6639,Kadaiyanallur,6387,,221.0,1,40691.728850433225,43865569.77973647,1,394994,6692,KADAYANALLUR,296956,Tenkasi,394994
390133,SIVAGIRI RESERVED FOREST,33,790,05870,642638,TAMIL NADU,Tenkasi,Sivagiri,Sivagiri Reserve Forest,642638,733,33,230907,Thirumalapuram,5870,Vasudevanallur,6402,,220.0,1,109835.22779119475,187793041.60570017,1,395413,6707,VASUDEVANALLUR,296956,Tenkasi,395413
390927,RF,33,624,05845,641141,TAMIL NADU,Theni,Uthamapalayam,Suruli RF .,641141,588,33,229076,Surulipatti,5845,Kambam,6342,,198.0,1,85500.65895858678,135341102.90164524,1,396211,6647,CUMBUM,542,Theni,396211
390339,IDUKKI,33,625,05847,641207,TAMIL NADU,Virudhunagar,Rajapalayam,Settur RF,641207,597,33,234132,Dhalavoipuram,5847,Rajapalaiyam,6478,,202.0,1,45024.54872515282,73301795.03488176,1,395620,6783,RAJAPALAYAM,551,Virudhunagar,395620
390717,SRIVILLIPUTTUR,33,625,05848,641260,TAMIL NADU,Virudhunagar,Srivilliputhur,Khansabpuram(Khansapuram RF),641260,597,33,234448,Khansapuram,5848,Watrap,6485,,203.0,1,129845.7244599903,187444888.55008456,1,396000,6790,WATRAP,551,Virudhunagar,396000
391284,ANDIPATTI,33,624,05846,641167,TAMIL NADU,Theni,Andipatti,Megamalai,641167,588,33,229061,Megamalai,5846,Kadamalaikundru Myladumparai,6341,,198.0,1,166469.45785175983,328395087.99864906,1,396569,6646,K MYLADUMPARAI,542,Theni,396569
189537,TIRUVALLAM,32,601,05691,803312,KERALA,Thiruvananthapuram,Thiruvananthapuram,Sreekaryam (CT),803312,565,32,0,,5691,Pothencode,6071,,0.0,1,22394.317723031232,11555002.659279265,1,191671,6378,POTHENCODE,520,Thiruvananthapuram,191671
189539,MUTTATTARA,32,601,05691,803312,KERALA,Thiruvananthapuram,Thiruvananthapuram,Sreekaryam (CT),803312,565,32,0,,5691,Pothencode,6071,,0.0,1,15411.282614115606,9864151.9363525,1,191673,6378,POTHENCODE,520,Thiruvananthapuram,191673
189540,MANAKKAD,32,601,05691,803312,KERALA,Thiruvananthapuram,Thiruvananthapuram,Sreekaryam (CT),803312,565,32,0,,5691,Pothencode,6071,,135.0,1,14520.175289589411,7778540.87924282,1,191674,6378,POTHENCODE,520,Thiruvananthapuram,191674
189529,Thiruvananthapuram (M Corp.),32,601,05691,803312,KERALA,Thiruvananthapuram,Thiruvananthapuram,Sreekaryam (CT),803312,565,32,0,,5691,Pothencode,6071,,134.0,1,11159.635993064583,6133448.27881896,1,191663,6378,POTHENCODE,520,Thiruvananthapuram,191663
189546,TYCAD,32,601,05691,913472,KERALA,Thiruvananthapuram,Thiruvananthapuram,Thycaud,913472,565,32,0,,5691,Pothencode,6071,,134.0,1,12282.8902667515,5744351.310055215,1,191680,6378,POTHENCODE,520,Thiruvananthapuram,191680
189527,SASTAMANGALAM,32,601,05691,803312,KERALA,Thiruvananthapuram,Thiruvananthapuram,Sreekaryam (CT),803312,565,32,0,,5691,Pothencode,6071,,134.0,1,13336.473931131448,7353352.31695648,1,191661,6378,POTHENCODE,520,Thiruvananthapuram,191661
189532,PATTAM,32,601,05691,803312,KERALA,Thiruvananthapuram,Thiruvananthapuram,Sreekaryam (CT),803312,565,32,0,,5691,Pothencode,6071,,132.0,1,8416.9714231722,3674740.59047453,1,191666,6378,POTHENCODE,520,Thiruvananthapuram,191666
189533,KAVUDIYAR,32,601,05691,803312,KERALA,Thiruvananthapuram,Thiruvananthapuram,Sreekaryam (CT),803312,565,32,0,,5691,Pothencode,6071,,133.0,1,10370.883066780549,6143867.69135702,1,191667,6378,POTHENCODE,520,Thiruvananthapuram,191667
189543,KUDAPPANAKKUNNU,32,601,05691,628515,KERALA,Thiruvananthapuram,Thiruvananthapuram,Kudappanakkunnu (CT),628515,565,32,0,,5691,Pothencode,6071,,133.0,1,12005.396473938663,8458034.120804185,1,191677,6378,POTHENCODE,520,Thiruvananthapuram,191677
189542,ULLUR,32,601,05691,803312,KERALA,Thiruvananthapuram,Thiruvananthapuram,Sreekaryam (CT),803312,565,32,0,,5691,Pothencode,6071,,132.0,1,14647.432222468658,9012375.527392605,1,191676,6378,POTHENCODE,520,Thiruvananthapuram,191676
189530,PETTA,32,601,05691,803312,KERALA,Thiruvananthapuram,Thiruvananthapuram,Sreekaryam (CT),803312,565,32,0,,5691,Pothencode,6071,,0.0,1,10839.27511158696,6755668.424856635,1,191664,6378,POTHENCODE,520,Thiruvananthapuram,191664
189531,KADAGAMPALLI,32,601,05691,803312,KERALA,Thiruvananthapuram,Thiruvananthapuram,Sreekaryam (CT),803312,565,32,0,,5691,Pothencode,6071,,132.0,1,15109.473581747412,13450756.84092524,1,191665,6378,POTHENCODE,520,Thiruvananthapuram,191665
189544,CHERUVIKKAL,32,601,05691,628514,KERALA,Thiruvananthapuram,Thiruvananthapuram,Sreekaryam (CT),628514,565,32,0,,5691,Pothencode,6071,,132.0,1,13782.18598847504,9796980.538540196,1,191678,6378,POTHENCODE,520,Thiruvananthapuram,191678
189522,ATTIPRA,32,601,05691,803312,KERALA,Thiruvananthapuram,Thiruvananthapuram,Sreekaryam (CT),803312,565,32,0,,5691,Pothencode,6071,,132.0,1,22226.510859193608,17761548.99399002,1,191656,6378,POTHENCODE,520,Thiruvananthapuram,191656
189524,PANGAPPARA,32,601,05691,803312,KERALA,Thiruvananthapuram,Thiruvananthapuram,Sreekaryam (CT),803312,565,32,0,,5691,Pothencode,6071,,132.0,1,14917.269229517504,9160029.815226424,1,191658,6378,POTHENCODE,520,Thiruvananthapuram,191658
189525,ULIYAZHTTARA,32,601,05691,628513,KERALA,Thiruvananthapuram,Thiruvananthapuram,Uliyazhathura (CT),628513,565,32,0,,5691,Pothencode,6071,,132.0,1,20798.87427996033,14361371.01349406,1,191659,6378,POTHENCODE,520,Thiruvananthapuram,191659
189526,AYIRUPARA,32,601,05691,628512,KERALA,Thiruvananthapuram,Thiruvananthapuram,Iroopara (CT),628512,565,32,221766,Pothencode,5691,Pothencode,6071,,130.0,1,16741.114062672175,11731144.05364853,1,191660,6378,POTHENCODE,520,Thiruvananthapuram,191660
189545,ANDURKONAM,32,601,05691,628508,KERALA,Thiruvananthapuram,Thiruvananthapuram,Andoorkonam,628508,565,32,221763,Andoorkonam,5691,Pothencode,6071,,130.0,1,14944.476968675363,9774024.617279235,1,191679,6378,POTHENCODE,520,Thiruvananthapuram,191679
189517,KIZH TONNAKKAL,32,601,05691,628507,KERALA,Thiruvananthapuram,Thiruvananthapuram,Keezhthonnakkal,628507,565,32,221766,Pothencode,5691,Pothencode,6071,,130.0,1,18987.994182799586,10000373.188102625,1,191651,6378,POTHENCODE,520,Thiruvananthapuram,191651
189295,KOLIYAKKODE,32,601,05690,628489,KERALA,Thiruvananthapuram,Nedumangad,Koliyakode,628489,565,32,221802,Manickal,5690,Vamanapuram,6078,,130.0,1,22645.87100826551,17587798.01975682,1,191427,6384,VAMANAPURAM,520,Thiruvananthapuram,191427
189534,PERURKADA,32,601,05691,628516,KERALA,Thiruvananthapuram,Thiruvananthapuram,Vattiyoorkavu (CT),628516,565,32,0,,5691,Pothencode,6071,,133.0,1,17463.291825209744,12845226.788167385,1,191668,6378,POTHENCODE,520,Thiruvananthapuram,191668
189303,ARUVIKKARA,32,601,05690,628499,KERALA,Thiruvananthapuram,Nedumangad,Aruvikkara,628499,565,32,221776,Aruvikkara,5690,Nedumangad,6073,,136.0,1,22465.424347200773,11748092.639995515,1,191435,6380,NEDUMANGAD,520,Thiruvananthapuram,191435
189304,NEDUMANGAD,32,601,05690,803311,KERALA,Thiruvananthapuram,Nedumangad,Nedumangad (M),803311,565,32,0,,5690,Nedumangad,6073,,130.0,1,20758.95007978603,17833913.018245336,1,191436,6380,NEDUMANGAD,520,Thiruvananthapuram,191436
189310,KARIPPUR,32,601,05690,803311,KERALA,Thiruvananthapuram,Nedumangad,Nedumangad (M),803311,565,32,0,,5690,Nedumangad,6073,,136.0,1,20956.27137290209,14948512.810317514,1,191442,6380,NEDUMANGAD,520,Thiruvananthapuram,191442
189289,ANAD,32,601,05690,628492,KERALA,Thiruvananthapuram,Nedumangad,Anad,628492,565,32,221775,Anad,5690,Nedumangad,6073,,131.0,1,35837.405957352516,26550116.79303641,1,191421,6380,NEDUMANGAD,520,Thiruvananthapuram,191421
189305,KURUPUZHA,32,601,05690,628486,KERALA,Thiruvananthapuram,Nedumangad,Kurupuzha,628486,565,32,221803,Nanniyode,5690,Vamanapuram,6078,,131.0,1,23135.22816236338,19715089.64609672,1,191437,6384,VAMANAPURAM,520,Thiruvananthapuram,191437
189306,PANAVUR,32,601,05690,628487,KERALA,Thiruvananthapuram,Nedumangad,Panavoor,628487,565,32,221778,Panavoor,5690,Nedumangad,6073,,131.0,1,30426.587612852483,22497867.12251329,1,191438,6380,NEDUMANGAD,520,Thiruvananthapuram,191438
189286,PALOD,32,601,05690,628485,KERALA,Thiruvananthapuram,Nedumangad,Palode,628485,565,32,221803,Nanniyode,5690,Vamanapuram,6078,,131.0,1,30551.914237318277,20841561.394262105,1,191418,6384,VAMANAPURAM,520,Thiruvananthapuram,191418
189109,MANGOD,32,600,05687,628428,KERALA,Kollam,Kottarakkara,Mancode,628428,559,32,221306,Chithara,5687,Chadayamangalam,5999,,122.0,1,30111.85045300272,31534071.959210806,1,191239,6308,CHADAYAMANGALAM,514,Kollam,191239
189108,CHITARA,32,600,05687,628429,KERALA,Kollam,Kottarakkara,Chithara,628429,559,32,221306,Chithara,5687,Chadayamangalam,5999,,122.0,1,26733.038063716587,28911881.606253903,1,191238,6308,CHADAYAMANGALAM,514,Kollam,191238
189298,KARAKULAM,32,601,05690,628504,KERALA,Thiruvananthapuram,Nedumangad,Karakulam (CT),628504,565,32,221776,Aruvikkara,5690,Nedumangad,6073,,130.0,1,16665.750842892136,11821346.03708582,1,191430,6380,NEDUMANGAD,520,Thiruvananthapuram,191430
189297,VATTAPPARA,32,601,05690,628503,KERALA,Thiruvananthapuram,Nedumangad,Vattappara (CT),628503,565,32,221777,Karakulam,5690,Nedumangad,6073,,130.0,1,23631.232195399967,16125167.969217844,1,191429,6380,NEDUMANGAD,520,Thiruvananthapuram,191429
189296,VEMBAYAM,32,601,05690,628498,KERALA,Thiruvananthapuram,Nedumangad,Vembayam,628498,565,32,221779,Vembayam,5690,Nedumangad,6073,,130.0,1,21965.149309618268,15104232.12920911,1,191428,6380,NEDUMANGAD,520,Thiruvananthapuram,191428
189290,TEKKADA,32,601,05690,628491,KERALA,Thiruvananthapuram,Nedumangad,Theakada,628491,565,32,221779,Vembayam,5690,Nedumangad,6073,,130.0,1,21340.698325884085,12885356.38718095,1,191422,6380,NEDUMANGAD,520,Thiruvananthapuram,191422
189291,MANIKKAL,32,601,05690,628490,KERALA,Thiruvananthapuram,Nedumangad,Manikkal,628490,565,32,221802,Manickal,5690,Vamanapuram,6078,,130.0,1,20686.62391347947,16839738.755893584,1,191423,6384,VAMANAPURAM,520,Thiruvananthapuram,191423
189293,PULLAMPARA,32,601,05690,628488,KERALA,Thiruvananthapuram,Nedumangad,Pullampara,628488,565,32,221807,Pullampara,5690,Vamanapuram,6078,,131.0,1,38144.006822742704,36077545.79564266,1,191425,6384,VAMANAPURAM,520,Thiruvananthapuram,191425
189309,KALLARA,32,601,05690,628481,KERALA,Thiruvananthapuram,Nedumangad,Kallara,628481,565,32,221801,Kallara,5690,Vamanapuram,6078,,131.0,1,22561.47393487063,10683477.046188245,1,191441,6384,VAMANAPURAM,520,Thiruvananthapuram,191441
189285,PANGOD,32,601,05690,628482,KERALA,Thiruvananthapuram,Nedumangad,Pangode,628482,565,32,221805,Pangode,5690,Vamanapuram,6078,,131.0,1,33416.42243176354,39295583.71248023,1,191417,6384,VAMANAPURAM,520,Thiruvananthapuram,191417
189409,ALAYAMON,32,600,,628402,KERALA,Kollam,Punalur,Alayamon,628402,559,32,221295,Alayamon,5947,Anchal,5997,,122.0,1,36191.947621648374,30604181.55071982,1,191543,6307,ANCHAL,514,Kollam,191543
189415,ERUR,32,600,,628401,KERALA,Kollam,Punalur,Eroor,628401,559,32,221299,Eroor,5947,Anchal,5997,,121.0,1,30474.900981580846,22418174.935308777,1,191549,6307,ANCHAL,514,Kollam,191549
189292,NELLANADU,32,601,05690,628479,KERALA,Thiruvananthapuram,Nedumangad,Nellanad,628479,565,32,221804,Nellanad,5690,Vamanapuram,6078,,131.0,1,19832.834414360677,18809926.044893526,1,191424,6384,VAMANAPURAM,520,Thiruvananthapuram,191424
189294,VAMANAPURAM,32,601,05690,628480,KERALA,Thiruvananthapuram,Nedumangad,Vamanapuram,628480,565,32,221808,Vamanapuram,5690,Vamanapuram,6078,,131.0,1,42725.1723945693,28698606.51069044,1,191426,6384,VAMANAPURAM,520,Thiruvananthapuram,191426
188941,KODUVAZHANNUR,32,601,05689,628463,KERALA,Thiruvananthapuram,Chirayinkeezhu,Koduvazhannoor,628463,565,32,221774,Pulimath,5689,Kilimanoor,6072,,128.0,1,14258.817326097655,8063072.16928001,1,191071,6379,KILIMANOOR,520,Thiruvananthapuram,191071
188940,PULIMATTU,32,601,05689,628462,KERALA,Thiruvananthapuram,Chirayinkeezhu,Pulimath,628462,565,32,221774,Pulimath,5689,Kilimanoor,6072,,128.0,1,21796.378729424465,19692901.783837054,1,191070,6379,KILIMANOOR,520,Thiruvananthapuram,191070
188942,PAZHAYAKUNNUMEL,32,601,05689,628461,KERALA,Thiruvananthapuram,Chirayinkeezhu,Pazhayakunnummel,628461,565,32,221773,Pazhayakunnummel,5689,Kilimanoor,6072,,128.0,1,23062.318515037005,24386306.66202825,1,191072,6379,KILIMANOOR,520,Thiruvananthapuram,191072
189110,KUMMIL,32,600,05687,628427,KERALA,Kollam,Kottarakkara,Kummil,628427,559,32,244115,Kummil,5687,Chadayamangalam,5999,,122.0,1,19965.031134273817,18585487.87369439,1,191240,6308,CHADAYAMANGALAM,514,Kollam,191240
189106,NILAMEL,32,600,05687,628426,KERALA,Kollam,Kottarakkara,Nilamel,628426,559,32,221310,Nilamel,5687,Chadayamangalam,5999,,122.0,1,21209.37047058788,18593968.73909114,1,191236,6308,CHADAYAMANGALAM,514,Kollam,191236
189107,KADAKKAL,32,600,05687,628425,KERALA,Kollam,Kottarakkara,Kadakkal,628425,559,32,221309,Kadakkal,5687,Chadayamangalam,5999,,122.0,1,27594.382426983873,33613038.104420856,1,191237,6308,CHADAYAMANGALAM,514,Kollam,191237
189121,ITTIVA,32,600,05687,628424,KERALA,Kollam,Kottarakkara,Ittiva,628424,559,32,221308,Ittiva,5687,Chadayamangalam,5999,,122.0,1,26386.344009875673,23339100.326332435,1,191251,6308,CHADAYAMANGALAM,514,Kollam,191251
189102,KOTTUKKAL,32,600,05687,628423,KERALA,Kollam,Kottarakkara,Kottukkal,628423,559,32,221308,Ittiva,5687,Chadayamangalam,5999,,122.0,1,22786.64849586062,21126373.08261684,1,191232,6308,CHADAYAMANGALAM,514,Kollam,191232
189403,IDAMULAKAL,32,600,,628399,KERALA,Kollam,Punalur,Edamulackal,628399,559,32,221298,Edamulakkal,5947,Anchal,5997,,121.0,1,24779.46427625491,18966573.56313433,1,191537,6307,ANCHAL,514,Kollam,191537
189408,ANCHAL,32,600,,628400,KERALA,Kollam,Punalur,Anchal,628400,559,32,221296,Anchal,5947,Anchal,5997,,121.0,1,30682.56197559516,27686544.49955953,1,191542,6307,ANCHAL,514,Kollam,191542
189402,ARAKKAL,32,600,,628398,KERALA,Kollam,Punalur,Arackal,628398,559,32,221298,Edamulakkal,5947,Anchal,5997,,121.0,1,19718.27434904828,18540468.86002177,1,191536,6307,ANCHAL,514,Kollam,191536
189405,PUNALUR,32,600,,803307,KERALA,Kollam,Punalur,Punalur (M),803307,559,32,0,,5947,Pathanapuram,6007,,121.0,1,31759.472409530586,25752831.96482557,1,191539,6315,PATHANAPURAM,514,Kollam,191539
189120,CHAKKUVARAKKAL,32,600,05687,628410,KERALA,Kollam,Kottarakkara,Chakkuvarakkal,628410,559,32,221362,Vettikkavala,5687,Vettikkavala,6009,,120.0,1,20371.79574562127,16951565.508450374,1,191250,6317,VETTIKKAVALA,514,Kollam,191250
189406,MANIYAR,32,600,,803307,KERALA,Kollam,Punalur,Punalur (M),803307,559,32,0,,5947,Pathanapuram,6007,,121.0,1,41764.60534706933,20097565.875953026,1,191540,6315,PATHANAPURAM,514,Kollam,191540
189366,VILAKKUDI,32,600,05686,628385,KERALA,Kollam,Pathanapuram,Vilakkudy,628385,559,32,221350,Vilakudy,5686,Pathanapuram,6007,,120.0,1,33164.02958667551,20628001.90586689,1,191500,6315,PATHANAPURAM,514,Kollam,191500
189365,PIDAVUR,32,600,05686,628386,KERALA,Kollam,Pathanapuram,Pidavoor,628386,559,32,221349,Thalavoor,5686,Pathanapuram,6007,,120.0,1,24488.21302336222,15457542.61066318,1,191499,6315,PATHANAPURAM,514,Kollam,191499
189361,PATTANAPURAM,32,600,05686,628387,KERALA,Kollam,Pathanapuram,Pathanapuram,628387,559,32,221345,Pathanapuram,5686,Pathanapuram,6007,,120.0,1,31651.680374277796,26809393.74727686,1,191495,6315,PATHANAPURAM,514,Kollam,191495
189092,KALANJUR,32,599,,628349,KERALA,Pathanamthitta,Konni,Kalanjoor,628349,564,32,221734,Kalanjoor,5943,Parakode,6066,,114.0,1,48512.1689985049,43338518.13994602,1,191222,6373,PARAKODE,519,Pathanamthitta,191222
189414,CHENNAPETTA,32,600,,628403,KERALA,Kollam,Punalur,Channappetta,628403,559,32,221295,Alayamon,5947,Anchal,5997,,122.0,1,30421.856106390816,29357043.041260254,1,191548,6307,ANCHAL,514,Kollam,191548
189410,TINKAL KARIKKAM,32,600,,628395,KERALA,Kollam,Punalur,Thinkalkarikkakom,628395,559,32,221301,Kulathupuzha,5947,Anchal,5997,,121.0,1,46501.53838889659,74953980.34810196,1,191544,6307,ANCHAL,514,Kollam,191544
189411,EDAMAN,32,600,,628391,KERALA,Kollam,Punalur,Edamon,628391,559,32,221302,Thenmala,5947,Anchal,5997,,121.0,1,57631.38262503419,92871544.01789825,1,191545,6307,ANCHAL,514,Kollam,191545
189419,PERUNADU,32,599,05681,628313,KERALA,Pathanamthitta,Ranni,Perunad,628313,564,32,221747,Ranni Perunad,5681,Ranni,6068,,112.0,1,119141.85069721303,193586046.9559016,1,191553,6375,RANNI,519,Pathanamthitta,191553
189352,PIRAMED,32,596,05667,628107,KERALA,Idukki,Peerumade,Peerumade,628107,556,32,221133,Peerumedu,5667,Azhutha,5977,,92.0,1,48013.87259551143,47227060.6001701,1,191485,6287,AZHUTHA,511,Idukki,191485
189357,ELAPPARA,32,596,05667,628105,KERALA,Idukki,Peerumade,Elappara,628105,556,32,221130,Elappara,5667,Azhutha,5977,,92.0,1,76268.4618176237,85863054.60229903,1,191491,6287,AZHUTHA,511,Idukki,191491
189356,UPPUTHARA,32,596,05667,628104,KERALA,Idukki,Peerumade,Upputhara,628104,556,32,221161,Upputhara,5667,Kattappana,5981,,92.0,1,27108.31304522164,31304957.06077686,1,191490,6291,KATTAPPANA,511,Idukki,191490
188999,AYYAPPANKOIL,32,596,,628080,KERALA,Idukki,Idukki,Ayyappancoil,628080,556,32,221156,Ayyappancoil,5942,Kattappana,5981,,91.0,1,69097.1860533779,115406584.21702293,1,191129,6291,KATTAPPANA,511,Idukki,191129
188996,TANKAMANI,32,596,,628073,KERALA,Idukki,Idukki,Thankamony,628073,556,32,221152,Kamakshy,5942,Idukki,5980,,91.0,1,44346.97315579015,54790221.27988271,1,191126,6290,IDUKKI,511,Idukki,191126
188995,UPPUTODU,32,596,,628072,KERALA,Idukki,Idukki,Upputhode,628072,556,32,221152,Kamakshy,5942,Idukki,5980,,91.0,1,28761.91528027854,30623756.7081782,1,191125,6290,IDUKKI,511,Idukki,191125
189404,AIRANALLUR,32,600,,628396,KERALA,Kollam,Punalur,Ayiranalloor,628396,559,32,221299,Eroor,5947,Anchal,5997,,121.0,1,24015.410151054675,20499511.5407408,1,191538,6307,ANCHAL,514,Kollam,191538
189407,VALAKKOD,32,600,,628390,KERALA,Kollam,Punalur,Valacode (Part),628390,559,32,221348,Piravanthur,5947,Pathanapuram,6007,,121.0,1,21594.667916654285,17816348.928521726,1,191541,6315,PATHANAPURAM,514,Kollam,191541
189359,PIRAVANTUR,32,600,05686,628389,KERALA,Kollam,Pathanapuram,Piravanthur,628389,559,32,221348,Piravanthur,5686,Pathanapuram,6007,,120.0,1,58096.58975061948,74749138.937542,1,191493,6315,PATHANAPURAM,514,Kollam,191493
189360,PUNNALA,32,600,05686,628388,KERALA,Kollam,Pathanapuram,Punnala,628388,559,32,221348,Piravanthur,5686,Pathanapuram,6007,,120.0,1,57721.69627916473,65632876.71282366,1,191494,6315,PATHANAPURAM,514,Kollam,191494
189087,TANNITOD,32,599,,628341,KERALA,Pathanamthitta,Konni,Thannithode,628341,564,32,221715,Thannithodu,5943,Konni,6062,,114.0,1,85801.62483916085,152765132.0563579,1,191217,6370,KONNI,519,Pathanamthitta,191217
189420,KOLLAMULA,32,599,05681,628312,KERALA,Pathanamthitta,Ranni,Kollamula,628312,564,32,221743,Naranamoozhy,5681,Ranni,6068,,112.0,1,50982.441136175454,41979356.46589278,1,191554,6375,RANNI,519,Pathanamthitta,191554
581056,PERUVANTANAM,32,596,05667,628112,KERALA,Idukki,Peerumade,Peruvanthanam,628112,556,32,221134,Peruvanthanam,5667,Azhutha,5977,,92.0,2,53493.836198085606,78579695.35417205,2,587370,6287,AZHUTHA,511,Idukki,587370
189354,KOKKAYAR,32,596,05667,628106,KERALA,Idukki,Peerumade,Kokkayar,628106,556,32,221131,Kokkayar,5667,Azhutha,5977,,92.0,1,44365.76884517785,56744592.17376306,1,191487,6287,AZHUTHA,511,Idukki,191487
189355,VAGAMAN,32,596,05667,628103,KERALA,Idukki,Peerumade,Vagamon,628103,556,32,221130,Elappara,5667,Azhutha,5977,,92.0,1,60638.73871199473,80467080.08433294,1,191489,6287,AZHUTHA,511,Idukki,191489
188998,PAINAVU,32,596,,628099,KERALA,Idukki,Idukki,Idukki,628099,556,32,221150,Arakulam,5942,Idukki,5980,,91.0,1,83081.04200103253,278965873.4719213,1,191128,6290,IDUKKI,511,Idukki,191128
189094,KONNITTAZHAM,32,599,,628335,KERALA,Pathanamthitta,Konni,Konnithazham,628335,564,32,221711,Konni,5943,Konni,6062,,114.0,1,30675.892679430657,17652443.12880743,1,191224,6370,KONNI,519,Pathanamthitta,191224
189093,MALAYALAPPUZHA,32,599,,628334,KERALA,Pathanamthitta,Konni,Malayalapuzha (Part),628334,564,32,221712,Malayalapuzha,5943,Konni,6062,,114.0,1,32985.21228571352,31687819.889065385,1,191223,6370,KONNI,519,Pathanamthitta,191223
189426,VADASSERIKARA,32,599,05681,628320,KERALA,Pathanamthitta,Ranni,Vadasserikkara,628320,564,32,221749,Vadasserikkara,5681,Ranni,6068,,112.0,1,52240.922293441115,42953281.1871976,1,191560,6375,RANNI,519,Pathanamthitta,191560
189418,ATTIKKAYAM,32,599,05681,628314,KERALA,Pathanamthitta,Ranni,Athikkayam,628314,564,32,221743,Naranamoozhy,5681,Ranni,6068,,112.0,1,24763.23958461617,17400003.032778345,1,191552,6375,RANNI,519,Pathanamthitta,191552
189424,PAZHAVANGADI,32,599,05681,628315,KERALA,Pathanamthitta,Ranni,Pazhavangadi,628315,564,32,221743,Naranamoozhy,5681,Ranni,6068,,112.0,1,33118.2734523117,27351243.42753871,1,191558,6375,RANNI,519,Pathanamthitta,191558
189423,CHETTAKKAL,32,599,05681,628311,KERALA,Pathanamthitta,Ranni,Chethakkal,628311,564,32,221743,Naranamoozhy,5681,Ranni,6068,,112.0,1,32587.558743222922,29754440.01762169,1,191557,6375,RANNI,519,Pathanamthitta,191557
189005,KUVAPALLI,32,597,05672,628202,KERALA,Kottayam,Kanjirappally,Koovappally,628202,560,32,221385,Kanjirappally,5672,Kanjirappally,6013,,100.0,1,37162.6133981402,31996164.298012294,1,191135,6321,KANJIRAPPALLY,515,Kottayam,191135
189008,EDAKUNNAM,32,597,05672,628196,KERALA,Kottayam,Kanjirappally,Edakkunnam,628196,560,32,221388,Mundakayam,5672,Kanjirappally,6013,,101.0,1,41127.194965668255,38400161.566959195,1,191138,6321,KANJIRAPPALLY,515,Kottayam,191138
189006,MUNDAKKAYAM,32,597,05672,628195,KERALA,Kottayam,Kanjirappally,Mundakayam,628195,560,32,221386,Koottickal,5672,Kanjirappally,6013,,101.0,1,35032.37975861188,29296542.498828653,1,191136,6321,KANJIRAPPALLY,515,Kottayam,191136
189247,PUNJAR TEKKEKARA,32,597,05668,628136,KERALA,Kottayam,Meenachil,Poonjar Thekkekara,628136,560,32,221367,Poonjar Thekkekara,5668,Erattupetta,6010,,101.0,1,36317.103270440246,45732920.76390122,1,191379,6318,ERATTUPETTA,515,Kottayam,191379
189082,KONNI,32,599,,628338,KERALA,Pathanamthitta,Konni,Konni,628338,564,32,221711,Konni,5943,Konni,6062,,114.0,1,27538.287189672363,30160833.144640453,1,191212,6370,KONNI,519,Pathanamthitta,191212
189086,IRAMAN,32,599,,628340,KERALA,Pathanamthitta,Konni,Iravan,628340,564,32,221710,Aruvapulam,5943,Konni,6062,,114.0,1,23911.43838223166,7760229.638067875,1,191216,6370,KONNI,519,Pathanamthitta,191216
189422,KOLLAMULA,32,599,05681,628312,KERALA,Pathanamthitta,Ranni,Kollamula,628312,564,32,221743,Naranamoozhy,5681,Ranni,6068,,112.0,1,23734.84226539877,23467916.26356847,1,191556,6375,RANNI,519,Pathanamthitta,191556
189003,ERUMELI SOUTH,32,597,05672,628204,KERALA,Kottayam,Kanjirappally,Erumeli South,628204,560,32,221384,Erumeli,5672,Kanjirappally,6013,,101.0,1,81494.74616198546,91765734.11894321,1,191133,6321,KANJIRAPPALLY,515,Kottayam,191133
189011,ERUMELI NORTH,32,597,05672,628203,KERALA,Kottayam,Kanjirappally,Erumeli North,628203,560,32,239035,Koruthode,5672,Kanjirappally,6013,,101.0,1,53920.39602145011,58773998.14445064,1,191141,6321,KANJIRAPPALLY,515,Kottayam,191141
189007,MUTTIKKAL,32,597,05672,628194,KERALA,Kottayam,Kanjirappally,Koottickal,628194,560,32,221386,Koottickal,5672,Kanjirappally,6013,,101.0,1,49940.486101851166,49744740.19308062,1,191137,6321,KANJIRAPPALLY,515,Kottayam,191137
188997,KANJIKKUZHI,32,596,,628087,KERALA,Idukki,Idukki,Kanjikuzhi,628087,556,32,221151,Idukki - Kanjikuzhy,5942,Idukki,5980,,90.0,1,52877.65391918982,71450772.63633546,1,191127,6290,IDUKKI,511,Idukki,191127
188964,MANNAMKANDAM,32,596,05664,628056,KERALA,Idukki,Devikulam,Mannamkandam,628056,556,32,221127,Adimaly,5664,Adimaly,5976,,88.0,1,98054.93455991482,189858100.93520236,1,191094,6286,ADIMALY,511,Idukki,191094
189904,KATTAMPUZHA,32,595,05663,628041,KERALA,Ernakulam,Kothamangalam,Kuttampuzha,628041,555,32,221065,Kuttampuzha,5663,Kothamangalam,5965,,87.0,1,171825.96265898526,671912573.6030959,1,192039,6276,KOTHAMANGALAM,510,Ernakulam,192039
391309,KOMBAI RESERVED FOREST,33,624,05845,641137,TAMIL NADU,Theni,Uthamapalayam,Kombai East,641137,588,33,229115,Melasindalaicherri,5845,Uttamapalaiyam,6345,,201.0,1,67542.79581571036,38594252.83723516,1,396594,6650,UTHAMAPALAYAM,542,Theni,396594
391623,KOMBAI RESERVED FOREST,33,624,05845,641136,TAMIL NADU,Theni,Uthamapalayam,Thevaram Hills,641136,588,33,229121,T Renganathapuram,5845,Uttamapalaiyam,6345,,201.0,1,41150.764810839864,25909685.295295727,1,396911,6650,UTHAMAPALAYAM,542,Theni,396911
391988,BODI HILLS WEST,33,624,05842,,TAMIL NADU,Theni,Bodinayakanur, ,0,588,33,0,,5842,Bodinayakkanur,6339,,200.0,1,52174.44679364475,41902886.19734997,1,397279,6644,BODINAICKANUR,542,Theni,397279
406407,KOTTAKUDI,33,624,05842,641072,TAMIL NADU,Theni,Bodinayakanur,Kottagudi,641072,588,33,229032,Kottakudi,5842,Bodinayakkanur,6339,,200.0,1,42347.28092183211,66855690.35679211,1,411862,6644,BODINAICKANUR,542,Theni,411862
188963,VATTAVADA,32,596,05664,628053,KERALA,Idukki,Devikulam,Vattavada,628053,556,32,221142,Vattavada,5664,Devikulam,5978,,88.0,1,28309.114703980053,27278188.26305966,1,191093,6288,DEVIKULAM,511,Idukki,191093
188962,KOTTAMBUR,32,596,05664,628052,KERALA,Idukki,Devikulam,Kottakamboor,628052,556,32,221142,Vattavada,5664,Devikulam,5978,,88.0,1,39411.61598735332,41600365.038090244,1,191092,6288,DEVIKULAM,511,Idukki,191092
392663,MANNAVANUR,33,612,05766,635442,TAMIL NADU,Dindigul,Kodaikanal,Mannavanur,635442,572,33,223306,Mannavanur,5766,Kodaikanal,6144,,127.0,1,79591.92259982685,95270927.23182876,1,397961,6449,KODAIKANAL,526,Dindigul,397961
392831,ANAMALAI R F,33,633,05906,644878,TAMIL NADU,Tiruppur,Udumalaipettai,Manjampatti R.F.,644878,634,33,223306,Mannavanur,5906,Udumalpet,6119,,126.0,1,39446.68519175108,62282085.40410912,1,398130,6424,UDUMALPET,578,Tiruppur,398130
188993,KONNATTADI,32,596,,628061,KERALA,Idukki,Idukki,Konnathady,628061,556,32,221126,Konnathady,5942,Adimaly,5976,,91.0,1,47350.378081829265,76595349.47407769,1,191123,6286,ADIMALY,511,Idukki,191123
189567,RAJAKKAD,32,596,05665,628062,KERALA,Idukki,Udumbanchola,Rajakkad,628062,556,32,221166,Rajakkad,5665,Adimaly,5976,,89.0,1,27077.42948621972,26486299.787607316,1,191701,6286,ADIMALY,511,Idukki,191701
188958,KUNJITANNI,32,596,05664,628059,KERALA,Idukki,Devikulam,Kunjithanny,628059,556,32,221128,Pallivasal,5664,Adimaly,5976,,88.0,1,23775.03152557897,18218572.446475375,1,191088,6286,ADIMALY,511,Idukki,191088
188957,PALLIVASAL,32,596,05664,628058,KERALA,Idukki,Devikulam,Pallivasal,628058,556,32,221128,Pallivasal,5664,Adimaly,5976,,88.0,1,43133.91723066429,39852616.30879962,1,191087,6286,ADIMALY,511,Idukki,191087
189565,PUPPARA,32,596,05665,628065,KERALA,Idukki,Udumbanchola,Poopara,628065,556,32,221141,Santhanpara,5665,Devikulam,5978,,89.0,1,35842.55614103303,46210958.10495022,1,191699,6288,DEVIKULAM,511,Idukki,191699
188968,CHINNAKANAL,32,596,05664,628064,KERALA,Idukki,Devikulam,Chinnakanal,628064,556,32,221136,Chinnakanal,5664,Devikulam,5978,,88.0,1,43622.41629340738,70091724.91308361,1,191098,6288,DEVIKULAM,511,Idukki,191098
188967,KANDALUR,32,596,05664,628051,KERALA,Idukki,Devikulam,Kanthalloor,628051,556,32,221137,Kanthalloor,5664,Devikulam,5978,,88.0,1,41641.38516026898,49624034.06059864,1,191097,6288,DEVIKULAM,511,Idukki,191097
188961,KIZHAMDUR,32,596,05664,628050,KERALA,Idukki,Devikulam,Keezhanthoor,628050,556,32,221137,Kanthalloor,5664,Devikulam,5978,,88.0,1,42392.09242298255,69826907.55673067,1,191091,6288,DEVIKULAM,511,Idukki,191091
188960,MARAYUR,32,596,05664,628049,KERALA,Idukki,Devikulam,Marayoor,628049,556,32,221139,Marayoor,5664,Devikulam,5978,,88.0,1,56794.138203856215,113090763.44649312,1,191090,6288,DEVIKULAM,511,Idukki,191090
393510,ANAMALAI R F,33,633,05906,644876,TAMIL NADU,Tiruppur,Udumalaipettai,Anamalai R.F.,644876,634,33,221945,Marappagoundenpudur,5906,Udumalpet,6119,,126.0,1,137808.41812815185,418633929.5708138,1,398828,6424,UDUMALPET,578,Tiruppur,398828
188966,VELLATTUVAL,32,596,05664,628060,KERALA,Idukki,Devikulam,Vellathuval,628060,556,32,221129,Vellathooval,5664,Adimaly,5976,,88.0,1,37691.39805211073,33373853.647283483,1,191096,6286,ADIMALY,511,Idukki,191096
188956,ANAVERATTI,32,596,05664,628057,KERALA,Idukki,Devikulam,Anaviratty,628057,556,32,221128,Pallivasal,5664,Adimaly,5976,,88.0,1,31107.237036211824,23241217.27182807,1,191086,6286,ADIMALY,511,Idukki,191086
188965,MANKULAM,32,596,05664,628055,KERALA,Idukki,Devikulam,Mankulam,628055,556,32,221138,Mankulam,5664,Devikulam,5978,,88.0,1,47425.73609347026,78984504.75491726,1,191095,6288,DEVIKULAM,511,Idukki,191095
393595,ANAMALAI  RF,33,632,05900,804010,TAMIL NADU,Coimbatore,Valparai,Valparai (M),804010,569,33,0,,5900,Anamalai,6101,,124.0,1,150885.48970534478,620603344.2196668,1,398917,6406,ANAIMALAI,523,Coimbatore,398917
394250,MARCHINAKANPALAIYAM,33,632,,644565,TAMIL NADU,Coimbatore,Anaimalai,Marchinaickenpalayam,644565,569,33,221939,Authupollachi,6643,Anamalai,6101,,124.0,1,46380.59167218502,40951210.05078355,1,399594,6406,ANAIMALAI,523,Coimbatore,399594
394308,VIANAKKADAVU,33,632,05899,,TAMIL NADU,Coimbatore,Pollachi, ,0,569,33,0,,5899,Anamalai,6101,,0.0,1,8558.315523235673,2252725.687973415,1,399652,6406,ANAIMALAI,523,Coimbatore,399652
394371,TIMMANKUTTUR,33,632,05899,644547,TAMIL NADU,Coimbatore,Pollachi,Thimmanguthu,644547,569,33,222165,Thimmankuthu,5899,Pollachi North,6111,,123.0,1,21955.81825936412,12535257.804887965,1,399716,6416,POLLACHI(N),523,Coimbatore,399716
394494,RAMAPATTANAM,33,632,05899,644516,TAMIL NADU,Coimbatore,Pollachi,Ramapatinam,644516,569,33,222159,Ramapattinam,5899,Pollachi North,6111,,123.0,1,33789.17161202001,18377528.92253327,1,399840,6416,POLLACHI(N),523,Coimbatore,399840
394519,MANNUR,33,632,05899,,TAMIL NADU,Coimbatore,Pollachi, ,0,569,33,0,,5899,Pollachi North,6111,,123.0,1,14149.248169909664,7492458.09228238,1,399865,6416,POLLACHI(N),523,Coimbatore,399865
394673,SERVAIKARANPALAIYAM,33,632,05899,644499,TAMIL NADU,Coimbatore,Pollachi,Servakaranpalayam,644499,569,33,222163,Servakaranplm,5899,Pollachi North,6111,,123.0,1,19330.51425519372,17047053.05421037,1,400019,6416,POLLACHI(N),523,Coimbatore,400019
394825,PURAVIPALAYAM,33,632,05899,644498,TAMIL NADU,Coimbatore,Pollachi,Poravipalayam,644498,569,33,222157,Puravipalayam,5899,Pollachi North,6111,,123.0,1,30342.768172055876,30235930.725693393,1,400171,6416,POLLACHI(N),523,Coimbatore,400171
395011,CHOKKANAR,33,632,,644484,TAMIL NADU,Coimbatore,KINATHUKADAVU,Sokkanur,644484,569,33,222075,Sokkanur,5956,Kinathukadavu,6106,,122.0,1,27401.073327939732,23863372.542122334,1,400358,6411,KINATHUKADAVU,523,Coimbatore,400358
394106,PERIYAPODU,33,632,,644582,TAMIL NADU,Coimbatore,Anaimalai,Periapodu,644582,569,33,221945,Marappagoundenpudur,6643,Anamalai,6101,,124.0,1,35243.47185838743,46572119.54182826,1,399448,6406,ANAIMALAI,523,Coimbatore,399448
189755,MULATTARA,32,593,05650,627665,KERALA,Palakkad,Chittur,Moolathara,627665,563,32,221622,Perumatty,5650,Chittur,6049,,58.0,1,27312.535071542807,28139916.598688826,1,191890,6357,CHITTUR,518,Palakkad,191890
189752,KOZHIPATI,32,593,05650,627663,KERALA,Palakkad,Chittur,Kozhipathy,627663,563,32,221618,Eruthampathy,5650,Chittur,6049,,58.0,1,33606.073518614874,31428706.68329613,1,191887,6357,CHITTUR,518,Palakkad,191887
189751,VALIYAVALLAMPATI,32,593,05650,627664,KERALA,Palakkad,Chittur,Valiyavallampathy,627664,563,32,221619,Kozhinjampara,5650,Chittur,6049,,58.0,1,23059.83833965605,18144929.239693765,1,191886,6357,CHITTUR,518,Palakkad,191886
189750,KOZHINJAMPARA,32,593,05650,627659,KERALA,Palakkad,Chittur,Kozhinjampara,627659,563,32,221619,Kozhinjampara,5650,Chittur,6049,,58.0,1,18376.18575994885,12018897.090339525,1,191885,6357,CHITTUR,518,Palakkad,191885
189746,VADAKARAPPATI,32,593,05650,627660,KERALA,Palakkad,Chittur,Vadakarapathy,627660,563,32,221623,Vadakarapathy,5650,Chittur,6049,,58.0,1,30379.347534329445,28682333.64908492,1,191881,6357,CHITTUR,518,Palakkad,191881
395412,MAVUTTAMPATTI,33,632,,644456,TAMIL NADU,Coimbatore,Madukkari,Mavuthampathi,644456,569,33,222095,Mavuthampathy,5986,Thondamuthur,6117,,122.0,1,25452.031691788303,21570888.909848385,1,400760,6422,THONDAMUTHUR,523,Coimbatore,400760
189748,ERUTTEMPATI,32,593,05650,627662,KERALA,Palakkad,Chittur,Eruthempathy,627662,563,32,221618,Eruthampathy,5650,Chittur,6049,,58.0,1,25725.926575244503,21275786.028246064,1,191883,6357,CHITTUR,518,Palakkad,191883
189747,OZHALAPATI,32,593,05650,627661,KERALA,Palakkad,Chittur,Ozhalapathy,627661,563,32,221623,Vadakarapathy,5650,Chittur,6049,,58.0,1,29951.247894866843,22330469.091125995,1,191882,6357,CHITTUR,518,Palakkad,191882
395211,PICHANUR,33,632,,644457,TAMIL NADU,Coimbatore,Madukkari,Pichanur,644457,569,33,222099,Pichanur,5986,Madukkarai,6108,,122.0,1,22116.437620986922,19312015.05854073,1,400558,6413,MADUKKARAI,523,Coimbatore,400558
395362,TIRUMALAYAMPALAYAM,33,632,,803999,TAMIL NADU,Coimbatore,Madukkari,Thirumalayampalayam (TP),803999,569,33,0,,5986,Madukkarai,6108,,122.0,1,37957.27103562289,32125527.05796307,1,400710,6413,MADUKKARAI,523,Coimbatore,400710
189523,KAZHAKKUTTAM  MENAMKULAM,32,601,05691,628509,KERALA,Thiruvananthapuram,Thiruvananthapuram,Menamkulam,628509,565,32,221764,Kadinamkulam,5691,Pothencode,6071,,0.0,1,23034.556220358478,18792766.472470835,1,191657,6378,POTHENCODE,520,Thiruvananthapuram,191657
189521,PALLIPURAM,32,601,05691,628511,KERALA,Thiruvananthapuram,Thiruvananthapuram,Pallippuram (CT),628511,565,32,221763,Andoorkonam,5691,Pothencode,6071,,130.0,1,14137.96036288193,9675114.953438304,1,191655,6378,POTHENCODE,520,Thiruvananthapuram,191655
189520,KADINAMKULAM,32,601,05691,628505,KERALA,Thiruvananthapuram,Thiruvananthapuram,Kadinamkulam,628505,565,32,221764,Kadinamkulam,5691,Pothencode,6071,,0.0,1,26351.28398441768,11414790.437161084,1,191654,6378,POTHENCODE,520,Thiruvananthapuram,191654
189519,VAILUR,32,601,05691,628510,KERALA,Thiruvananthapuram,Thiruvananthapuram,Veiloor (CT),628510,565,32,221765,Mangalapuram,5691,Pothencode,6071,,129.0,1,21793.97561400525,13787273.13464522,1,191653,6378,POTHENCODE,520,Thiruvananthapuram,191653
188955,AZHUR,32,601,05689,628478,KERALA,Thiruvananthapuram,Chirayinkeezhu,Azhoor (CT),628478,565,32,221757,Azhoor,5689,Chirayinkeezhu,6070,,129.0,1,18070.040170492182,13614382.88463322,1,191085,6377,CHIRAYINKEEZHU,520,Thiruvananthapuram,191085
189518,MELTONNAKKAL,32,601,05691,628506,KERALA,Thiruvananthapuram,Thiruvananthapuram,Melthonnakkal,628506,565,32,221765,Mangalapuram,5691,Pothencode,6071,,129.0,1,20485.68862618358,12397435.8307842,1,191652,6378,POTHENCODE,520,Thiruvananthapuram,191652
188944,KIZHVALLAM KUNDALLUR,32,601,05689,628476,KERALA,Thiruvananthapuram,Chirayinkeezhu,Kizhuvilam,628476,565,32,221760,Kizhuvilam,5689,Chirayinkeezhu,6070,,129.0,1,20363.43299981039,16103484.75501677,1,191074,6377,CHIRAYINKEEZHU,520,Thiruvananthapuram,191074
188950,IDAKKOD,32,601,05689,628477,KERALA,Thiruvananthapuram,Chirayinkeezhu,Edakkode (CT),628477,565,32,221761,Mudakkal,5689,Chirayinkeezhu,6070,,129.0,1,16519.722658245857,8987733.563247966,1,191080,6377,CHIRAYINKEEZHU,520,Thiruvananthapuram,191080
188949,ILAMBA MUDAKKAL,32,601,05689,628469,KERALA,Thiruvananthapuram,Chirayinkeezhu,Elamba,628469,565,32,221761,Mudakkal,5689,Chirayinkeezhu,6070,,129.0,1,23284.27978972855,18000540.688775104,1,191079,6377,CHIRAYINKEEZHU,520,Thiruvananthapuram,191079
188951,ATTINGAL AVANAVANCHERI,32,601,05689,803310,KERALA,Thiruvananthapuram,Chirayinkeezhu,Attingal (M),803310,565,32,0,,5689,Chirayinkeezhu,6070,,128.0,1,23656.95741589318,15326924.567812085,1,191081,6377,CHIRAYINKEEZHU,520,Thiruvananthapuram,191081
188945,CHIRAYINKIL,32,601,05689,628472,KERALA,Thiruvananthapuram,Chirayinkeezhu,Sarkara,628472,565,32,221758,Chirayinkeezhu,5689,Chirayinkeezhu,6070,,0.0,1,22828.080421733463,12455840.240232,1,191075,6377,CHIRAYINKEEZHU,520,Thiruvananthapuram,191075
188948,KADAKKAVUR,32,601,05689,628471,KERALA,Thiruvananthapuram,Chirayinkeezhu,Kadakkavoor,628471,565,32,221759,Kadakkavoor,5689,Chirayinkeezhu,6070,,0.0,1,14027.404883500514,5638913.2907373,1,191078,6377,CHIRAYINKEEZHU,520,Thiruvananthapuram,191078
188947,VAKKAM,32,601,05689,628475,KERALA,Thiruvananthapuram,Chirayinkeezhu,Vakkom (CT),628475,565,32,221762,Vakkom,5689,Chirayinkeezhu,6070,,129.0,1,15058.134062928159,7039719.44837796,1,191077,6377,CHIRAYINKEEZHU,520,Thiruvananthapuram,191077
188946,KIZHATTINGAL,32,601,05689,628474,KERALA,Thiruvananthapuram,Chirayinkeezhu,Keezhattingal (CT),628474,565,32,221759,Kadakkavoor,5689,Chirayinkeezhu,6070,,128.0,1,14586.658604576356,7372295.11528576,1,191076,6377,CHIRAYINKEEZHU,520,Thiruvananthapuram,191076
189648,VETTUR CHERUNNIYUR,32,601,,628467,KERALA,Thiruvananthapuram,Varkala,Vettoor,628467,565,32,221815,Vettoor,5946,Varkala,6079,,128.0,1,21278.7699370848,18540056.852238625,1,191783,6385,VARKALA,520,Thiruvananthapuram,191783
189649,MANAMBUR,32,601,,628468,KERALA,Thiruvananthapuram,Varkala,Manamboor,628468,565,32,221813,Manamboor,5946,Varkala,6079,,128.0,1,21835.68900314846,15047940.78375467,1,191784,6385,VARKALA,520,Thiruvananthapuram,191784
189647,OTTUR,32,601,,628466,KERALA,Thiruvananthapuram,Varkala,Ottoor,628466,565,32,221814,Ottoor,5946,Varkala,6079,,128.0,1,15481.398443712049,9548682.631257525,1,191782,6385,VARKALA,520,Thiruvananthapuram,191782
189644,CHEMMARUTI,32,601,,628454,KERALA,Thiruvananthapuram,Varkala,Chemmaruthy,628454,565,32,221809,Chemmaruthy,5946,Varkala,6079,,127.0,1,20961.736252474555,18190210.073952366,1,191779,6385,VARKALA,520,Thiruvananthapuram,191779
189642,NAVAIKULAM,32,601,,628455,KERALA,Thiruvananthapuram,Varkala,Navaikulam,628455,565,32,221771,Navaikulam,5946,Kilimanoor,6072,,127.0,1,20194.65500092527,16943445.75480366,1,191777,6379,KILIMANOOR,520,Thiruvananthapuram,191777
189056,PARIPPALLI,32,600,05688,628437,KERALA,Kollam,Kollam,Parippally,628437,559,32,244116,Chirakkara,5688,Ithikkara,6002,,126.0,1,28510.98726056857,21828880.294481333,1,191186,6311,ITHIKKARA,514,Kollam,191186
188953,ALAMKOD,32,601,05689,628473,KERALA,Thiruvananthapuram,Chirayinkeezhu,Alamcode (CT),628473,565,32,221767,Karavaram,5689,Kilimanoor,6072,,128.0,1,14572.376042030839,8784945.055134565,1,191083,6379,KILIMANOOR,520,Thiruvananthapuram,191083
188939,NAGARUR,32,601,05689,628464,KERALA,Thiruvananthapuram,Chirayinkeezhu,Nagaroor,628464,565,32,221770,Nagaroor,5689,Kilimanoor,6072,,128.0,1,21403.32062925404,12787369.303115046,1,191069,6379,KILIMANOOR,520,Thiruvananthapuram,191069
188952,KARAVARAM,32,601,05689,628465,KERALA,Thiruvananthapuram,Chirayinkeezhu,Karavaram,628465,565,32,221767,Karavaram,5689,Kilimanoor,6072,,128.0,1,17858.639903151754,14170018.28293783,1,191082,6379,KILIMANOOR,520,Thiruvananthapuram,191082
188954,VELLALLUR,32,601,05689,628459,KERALA,Thiruvananthapuram,Chirayinkeezhu,Vellalloor,628459,565,32,221770,Nagaroor,5689,Kilimanoor,6072,,128.0,1,15959.777522486544,11782554.87308525,1,191084,6379,KILIMANOOR,520,Thiruvananthapuram,191084
188943,KILIMANUR,32,601,05689,628460,KERALA,Thiruvananthapuram,Chirayinkeezhu,Kilimanoor,628460,565,32,221768,Kilimanoor,5689,Kilimanoor,6072,,128.0,1,23829.394424446084,19898593.11439687,1,191073,6379,KILIMANOOR,520,Thiruvananthapuram,191073
189650,KUDAVOR,32,601,,628458,KERALA,Thiruvananthapuram,Varkala,Kudavoor,628458,565,32,221771,Navaikulam,5946,Kilimanoor,6072,,127.0,1,21405.59252850134,12548434.30203126,1,191785,6379,KILIMANOOR,520,Thiruvananthapuram,191785
189640,MADAVUR,32,601,,628457,KERALA,Thiruvananthapuram,Varkala,Madavoor,628457,565,32,221769,Madavoor,5946,Kilimanoor,6072,,127.0,1,21201.21806781707,18935005.07350379,1,191775,6379,KILIMANOOR,520,Thiruvananthapuram,191775
189105,CHADAYAMANGALAM,32,600,05687,628422,KERALA,Kollam,Kottarakkara,Chadayamangalam,628422,559,32,221305,Chadayamangalam,5687,Chadayamangalam,5999,,122.0,1,28012.596114720487,24134036.54068948,1,191235,6308,CHADAYAMANGALAM,514,Kollam,191235
189104,ELAMADU,32,600,05687,628418,KERALA,Kollam,Kottarakkara,Elamad,628418,559,32,221307,Elamadu,5687,Chadayamangalam,5999,,122.0,1,33832.150262849864,30421451.73928654,1,191234,6308,CHADAYAMANGALAM,514,Kollam,191234
189122,VALAKAM,32,600,05687,628417,KERALA,Kollam,Kottarakkara,Valakam,628417,559,32,221361,Ummannur,5687,Vettikkavala,6009,,119.0,1,21164.84368712934,18038768.65456441,1,191252,6317,VETTIKKAVALA,514,Kollam,191252
189646,NADAYARA,32,601,,803309,KERALA,Thiruvananthapuram,Varkala,Varkala (M),803309,565,32,0,,5946,Varkala,6079,,127.0,1,19280.48061625914,16508573.265395695,1,191781,6385,VARKALA,520,Thiruvananthapuram,191781
189645,IDAVA,32,601,,628452,KERALA,Thiruvananthapuram,Varkala,Edava,628452,565,32,221811,Edava,5946,Varkala,6079,,0.0,1,16600.163869074648,9770255.20138006,1,191780,6385,VARKALA,520,Thiruvananthapuram,191780
189643,AYIRUR,32,601,,628453,KERALA,Thiruvananthapuram,Varkala,Ayiroor,628453,565,32,221812,Elakamon,5946,Varkala,6079,,127.0,1,23148.137761250226,18445673.568497255,1,191778,6385,VARKALA,520,Thiruvananthapuram,191778
189055,PUTAKULAM,32,600,05688,628451,KERALA,Kollam,Kollam,Poothakkulam (CT),628451,559,32,244116,Chirakkara,5688,Ithikkara,6002,,126.0,1,20342.085317298453,16863267.981281396,1,191185,6311,ITHIKKARA,514,Kollam,191185
189042,CHERAKARA,32,600,05688,628435,KERALA,Kollam,Kollam,Chirakkara,628435,559,32,221324,Chathannur,5688,Ithikkara,6002,,126.0,1,21289.006239542643,11404486.867712496,1,191172,6311,ITHIKKARA,514,Kollam,191172
189041,MINAD,32,600,05688,628450,KERALA,Kollam,Kollam,Meenad (CT),628450,559,32,221324,Chathannur,5688,Ithikkara,6002,,126.0,1,28003.762979665244,17472273.968846485,1,191171,6311,ITHIKKARA,514,Kollam,191171
189044,ADICHANALLUR,32,600,05688,628447,KERALA,Kollam,Kollam,Adichanalloor (CT),628447,559,32,221323,Adichanalloor,5688,Ithikkara,6002,,126.0,1,30268.750600276893,17220627.939225946,1,191174,6311,ITHIKKARA,514,Kollam,191174
189043,PALLIMAN,32,600,05688,628434,KERALA,Kollam,Kollam,Pallimon,628434,559,32,221326,Nedumpana,5688,Ithikkara,6002,,123.0,1,21878.01416149866,14131499.72161257,1,191173,6311,ITHIKKARA,514,Kollam,191173
189045,NEDUMPANA,32,600,05688,628443,KERALA,Kollam,Kollam,Nedumpana (CT),628443,559,32,221326,Nedumpana,5688,Ithikkara,6002,,123.0,1,22720.96547517965,15429736.245854635,1,191175,6311,ITHIKKARA,514,Kollam,191175
189112,KARIPRA,32,600,05687,628414,KERALA,Kollam,Kottarakkara,Kareepra,628414,559,32,221332,Kareepra,5687,Kottarakkara,6004,,119.0,1,23496.878896025613,23592505.78254364,1,191242,6312,KOTTARAKKARA,514,Kollam,191242
189641,PALLIKKAL,32,601,,628456,KERALA,Thiruvananthapuram,Varkala,Pallickal,628456,565,32,221772,Pallickal,5946,Kilimanoor,6072,,127.0,1,24663.28933827848,17494085.771134917,1,191776,6379,KILIMANOOR,520,Thiruvananthapuram,191776
189057,KALLUVATUKKAL,32,600,05688,628438,KERALA,Kollam,Kollam,Kalluvathukkal,628438,559,32,244116,Chirakkara,5688,Ithikkara,6002,,126.0,1,25584.448526905577,17670167.40269906,1,191187,6311,ITHIKKARA,514,Kollam,191187
189103,VELINALLUR,32,600,05687,628421,KERALA,Kollam,Kottarakkara,Velinalloor,628421,559,32,221311,Velinallur,5687,Chadayamangalam,5999,,122.0,1,24014.041768947096,24640396.943867344,1,191233,6308,CHADAYAMANGALAM,514,Kollam,191233
189114,PUYAPPALLI,32,600,05687,628420,KERALA,Kollam,Kottarakkara,Pooyappally,628420,559,32,221335,Pooyappally,5687,Kottarakkara,6004,,126.0,1,28009.125500099282,23984080.028301746,1,191244,6312,KOTTARAKKARA,514,Kollam,191244
189113,VELIYAM,32,600,05687,628419,KERALA,Kollam,Kottarakkara,Veliyam,628419,559,32,221336,Veliyam,5687,Kottarakkara,6004,,119.0,1,20020.299174386357,14639300.615078935,1,191243,6312,KOTTARAKKARA,514,Kollam,191243
189111,ODANAVATTAM,32,600,05687,628415,KERALA,Kollam,Kottarakkara,Odanavattam,628415,559,32,221336,Veliyam,5687,Kottarakkara,6004,,119.0,1,24237.203434480038,16560867.132874286,1,191241,6312,KOTTARAKKARA,514,Kollam,191241
189101,UMMANNUR,32,600,05687,628416,KERALA,Kollam,Kottarakkara,Ummannoor,628416,559,32,221361,Ummannur,5687,Vettikkavala,6009,,119.0,1,24651.847181303332,18359753.622850835,1,191231,6317,VETTIKKAVALA,514,Kollam,191231
189117,KOTTARAKARA,32,600,05687,628430,KERALA,Kollam,Kottarakkara,Kottarakkara (CT),628430,559,32,0,,5687,Kottarakkara,6004,,119.0,1,22900.382800617037,18631656.003989056,1,191247,6312,KOTTARAKKARA,514,Kollam,191247
189098,MAILAM,32,600,05687,628408,KERALA,Kollam,Kottarakkara,Mylom,628408,559,32,221359,Mylam,5687,Vettikkavala,6009,,119.0,1,24121.86400250028,19234252.381926395,1,191228,6317,VETTIKKAVALA,514,Kollam,191228
189097,KALAYAPURAM,32,600,05687,628407,KERALA,Kollam,Kottarakkara,Kalayapuram,628407,559,32,221357,Kulakkada,5687,Vettikkavala,6009,,119.0,1,20380.391580224168,17341987.21156974,1,191227,6317,VETTIKKAVALA,514,Kollam,191227
189116,EZHUKONE,32,600,05687,628413,KERALA,Kollam,Kottarakkara,Ezhukone,628413,559,32,221331,Ezhukone,5687,Kottarakkara,6004,,119.0,1,23215.648621809956,20306173.140857834,1,191246,6312,KOTTARAKKARA,514,Kollam,191246
189100,NEDUVATTUR,32,600,05687,628412,KERALA,Kollam,Kottarakkara,Neduvathoor,628412,559,32,221334,Neduvathur,5687,Kottarakkara,6004,,119.0,1,23975.947671541795,17038416.586350273,1,191230,6312,KOTTARAKKARA,514,Kollam,191230
189115,PAVITRESWARAM,32,600,05687,628404,KERALA,Kollam,Kottarakkara,Pavithreswaram,628404,559,32,221360,Pavithreswaram,5687,Vettikkavala,6009,,118.0,1,25826.377920498056,20549559.81992515,1,191245,6317,VETTIKKAVALA,514,Kollam,191245
189099,PUTTUR,32,600,05687,628405,KERALA,Kollam,Kottarakkara,Puthur,628405,559,32,221357,Kulakkada,5687,Vettikkavala,6009,,119.0,1,19842.56689077933,13857433.37941141,1,191229,6317,VETTIKKAVALA,514,Kollam,191229
189229,KUNNATTUR,32,600,05685,628377,KERALA,Kollam,Kunnathur,Kunnathur,628377,559,32,221351,Kunnathur,5685,Sasthamcottah,6008,,118.0,1,28248.838848228235,22941517.82644414,1,191361,6316,SASTHAMCOTTAH,514,Kollam,191361
189096,KULAKKADA,32,600,05687,628406,KERALA,Kollam,Kottarakkara,Kulakkada,628406,559,32,221357,Kulakkada,5687,Vettikkavala,6009,,119.0,1,18717.796367014107,15887130.90271098,1,191226,6317,VETTIKKAVALA,514,Kollam,191226
188914,KADAMBANAD,32,599,05683,628355,KERALA,Pathanamthitta,Adoor,Kadampanadu,628355,564,32,221733,Kadampanadu,5683,Parakode,6066,,115.0,1,32367.176073836636,26058991.089645546,1,191044,6373,PARAKODE,519,Pathanamthitta,191044
188911,ERATTU,32,599,05683,628352,KERALA,Pathanamthitta,Adoor,Erathu,628352,564,32,221731,Erathu,5683,Parakode,6066,,115.0,1,23427.627072489224,23019823.938577924,1,191041,6373,PARAKODE,519,Pathanamthitta,191041
188912,PERINGANAD,32,599,05683,628353,KERALA,Pathanamthitta,Adoor,Peringanadu (Part),628353,564,32,221736,Pallickal,5683,Parakode,6066,,115.0,1,22376.485721058867,22527566.786626745,1,191042,6373,PARAKODE,519,Pathanamthitta,191042
188916,PANTALAM TEKKEKARA,32,599,05683,628345,KERALA,Pathanamthitta,Adoor,Pandalam Thekkekara,628345,564,32,221728,Pandalam Thekkekara,5683,Pandlam,6065,,115.0,1,27636.517805203766,26918508.20774076,1,191046,6372,PANDLAM,519,Pathanamthitta,191046
189119,VETTIKKAVALA,32,600,05687,628411,KERALA,Kollam,Kottarakkara,Vettikkavala,628411,559,32,221362,Vettikkavala,5687,Vettikkavala,6009,,120.0,1,20683.32634895058,20752804.064026084,1,191249,6317,VETTIKKAVALA,514,Kollam,191249
189118,MELILA,32,600,05687,628409,KERALA,Kollam,Kottarakkara,Melila,628409,559,32,221358,Melila,5687,Vettikkavala,6009,,120.0,1,28613.523923235272,20018026.187720906,1,191248,6317,VETTIKKAVALA,514,Kollam,191248
189364,TALAVUR,32,600,05686,628384,KERALA,Kollam,Pathanapuram,Thalavoor,628384,559,32,221349,Thalavoor,5686,Pathanapuram,6007,,120.0,1,24043.331778587533,24243782.40481437,1,191498,6315,PATHANAPURAM,514,Kollam,191498
189362,PATTAZHI,32,600,05686,628383,KERALA,Kollam,Pathanapuram,Pattazhy,628383,559,32,221346,Pattazhi,5686,Pathanapuram,6007,,120.0,1,23504.106187030953,19058016.87864625,1,191496,6315,PATHANAPURAM,514,Kollam,191496
189363,MALUR,32,600,05686,628382,KERALA,Kollam,Pathanapuram,Pattazhy Vadakkekara,628382,559,32,221347,Pattazhi Vadakkekara,5686,Pathanapuram,6007,,120.0,1,30588.65572161596,22054152.883033697,1,191497,6315,PATHANAPURAM,514,Kollam,191497
188918,ENADIMANGALAM,32,599,05683,628350,KERALA,Pathanamthitta,Adoor,Enadimangalam,628350,564,32,221730,Enadimangalam,5683,Parakode,6066,,114.0,1,37972.00596595152,32757469.024777737,1,191048,6373,PARAKODE,519,Pathanamthitta,191048
189083,KUDAL,32,599,,628348,KERALA,Pathanamthitta,Konni,Koodal,628348,564,32,221734,Kalanjoor,5943,Parakode,6066,,114.0,1,27888.47992918207,23573488.97211324,1,191213,6373,PARAKODE,519,Pathanamthitta,191213
189084,KOTTAYAM,32,599,,628337,KERALA,Pathanamthitta,Konni,Vallicode-Kottayam,628337,564,32,221714,Pramadom,5943,Konni,6062,,114.0,1,21475.08620210212,17920673.30300074,1,191214,6370,KONNI,519,Pathanamthitta,191214
189095,KONNI,32,599,,628338,KERALA,Pathanamthitta,Konni,Konni,628338,564,32,221711,Konni,5943,Konni,6062,,114.0,1,14342.93724631845,7413742.62074129,1,191225,6370,KONNI,519,Pathanamthitta,191225
189085,PRAMATAM,32,599,,628336,KERALA,Pathanamthitta,Konni,Pramadom,628336,564,32,221714,Pramadom,5943,Konni,6062,,114.0,1,25897.72183351371,22414347.01583048,1,191215,6370,KONNI,519,Pathanamthitta,191215
188922,ENATTU,32,599,05683,628356,KERALA,Pathanamthitta,Adoor,Enathu,628356,564,32,221732,Ezhamkulam,5683,Parakode,6066,,115.0,1,24022.069246382627,13061479.49389865,1,191052,6373,PARAKODE,519,Pathanamthitta,191052
188923,EZHAMKULAM,32,599,05683,628351,KERALA,Pathanamthitta,Adoor,Ezhamkulam,628351,564,32,221732,Ezhamkulam,5683,Parakode,6066,,115.0,1,32559.46443192603,16799187.25318103,1,191053,6373,PARAKODE,519,Pathanamthitta,191053
188917,ADUR,32,599,05683,803305,KERALA,Pathanamthitta,Adoor,Adoor (M),803305,564,32,0,,5683,Parakode,6066,,115.0,1,26609.62365040531,16119200.190321134,1,191047,6373,PARAKODE,519,Pathanamthitta,191047
188919,EZHAMKULAM,32,599,05683,628347,KERALA,Pathanamthitta,Adoor,Angadickal,628347,564,32,221735,Kodumon,5683,Parakode,6066,,114.0,1,37629.944621234965,22511956.437756035,1,191049,6373,PARAKODE,519,Pathanamthitta,191049
188915,KODUMON,32,599,05683,628346,KERALA,Pathanamthitta,Adoor,Kodumon,628346,564,32,221735,Kodumon,5683,Parakode,6066,,115.0,1,26197.47959861627,16191893.722049955,1,191045,6373,PARAKODE,519,Pathanamthitta,191045
189091,VALLIKKOD,32,599,,628329,KERALA,Pathanamthitta,Konni,Vallicode,628329,564,32,221716,Vallicode,5943,Konni,6062,,114.0,1,28822.594489488263,18950005.971125294,1,191221,6370,KONNI,519,Pathanamthitta,191221
189187,OMALLUR,32,599,05682,628330,KERALA,Pathanamthitta,Kozhenchery,Omalloor,628330,564,32,221703,Omallur,5682,Elanthoor,6060,,113.0,1,22208.74753150309,15085683.387704546,1,191319,6368,ELANTHOOR,519,Pathanamthitta,191319
189186,PATTANAMTITTA,32,599,05682,803304,KERALA,Pathanamthitta,Kozhenchery,Pathanamthitta (M),803304,564,32,0,,5682,Konni,6062,,113.0,1,33862.125715735885,27346771.62034145,1,191318,6370,KONNI,519,Pathanamthitta,191318
189090,MYLAPRA,32,599,,628333,KERALA,Pathanamthitta,Konni,Mylapra (Part),628333,564,32,221713,Mylapra,5943,Konni,6062,,114.0,1,17641.25335731001,10866104.5724771,1,191220,6370,KONNI,519,Pathanamthitta,191220
189178,NARANGANAM,32,599,05682,628332,KERALA,Pathanamthitta,Kozhenchery,Naranganam,628332,564,32,221702,Naranganam,5682,Elanthoor,6060,,113.0,1,22874.029169168403,21071076.587257084,1,191310,6368,ELANTHOOR,519,Pathanamthitta,191310
188920,KURUMBALA,32,599,05683,628344,KERALA,Pathanamthitta,Adoor,Kurampala,628344,564,32,0,,5683,Pandlam,6065,,115.0,1,21090.669705659897,14305145.760526124,1,191050,6372,PANDLAM,519,Pathanamthitta,191050
189185,CHENNIRKARA,32,599,05682,628328,KERALA,Pathanamthitta,Kozhenchery,Chenneerkara,628328,564,32,221697,Chenneerkara,5682,Elanthoor,6060,,113.0,1,28377.445028245955,18744455.781899635,1,191317,6368,ELANTHOOR,519,Pathanamthitta,191317
189183,MEZHUVELI,32,599,05682,628323,KERALA,Pathanamthitta,Kozhenchery,Mezhuveli,628323,564,32,221718,Kulanada,5682,Elanthoor,6060,,113.0,1,24995.714554798655,18220295.584936265,1,191315,6368,ELANTHOOR,519,Pathanamthitta,191315
189177,ILANTUR,32,599,05682,628327,KERALA,Pathanamthitta,Kozhenchery,Elanthoor,628327,564,32,221699,Elanthoor,5682,Elanthoor,6060,,113.0,1,21936.207231830896,15613022.91814027,1,191309,6368,ELANTHOOR,519,Pathanamthitta,191309
189180,MALLAPPUZHASSERI,32,599,05682,628326,KERALA,Pathanamthitta,Kozhenchery,Mallapuzhassery,628326,564,32,221701,Mallapuzhassery,5682,Elanthoor,6060,,113.0,1,21747.6781408149,11742827.05254312,1,191312,6368,ELANTHOOR,519,Pathanamthitta,191312
189179,KOZHANCHERI,32,599,05682,628342,KERALA,Pathanamthitta,Kozhenchery,Kozhenchery (CT),628342,564,32,221700,Kozhencherry,5682,Elanthoor,6060,,113.0,1,15801.166302867421,10081837.61742834,1,191311,6368,ELANTHOOR,519,Pathanamthitta,191311
189515,TOTTAPPUZHASSERI,32,599,05679,628301,KERALA,Pathanamthitta,Thiruvalla,Thottapuzhassery,628301,564,32,221709,Thottapuzhassery,5679,Koipuram,6061,,113.0,1,19995.471474930782,16198098.095343245,1,191649,6369,KOIPURAM,519,Pathanamthitta,191649
189417,AYIRUR,32,599,05681,628317,KERALA,Pathanamthitta,Ranni,Ayiroor,628317,564,32,221704,Ayiroor,5681,Koipuram,6061,,112.0,1,25735.398890731965,26445154.894168176,1,191551,6369,KOIPURAM,519,Pathanamthitta,191551
189281,TELLIYUR,32,599,05680,628309,KERALA,Pathanamthitta,Mallappally,Thelliyoor,628309,564,32,221706,Ezhumattoor,5680,Koipuram,6061,,112.0,1,15355.107129106102,10901180.996356545,1,191413,6369,KOIPURAM,519,Pathanamthitta,191413
189283,EZHUMATTUR,32,599,05680,628308,KERALA,Pathanamthitta,Mallappally,Ezhumattoor,628308,564,32,221706,Ezhumattoor,5680,Koipuram,6061,,112.0,1,17192.024691455514,12117030.9221522,1,191415,6369,KOIPURAM,519,Pathanamthitta,191415
189421,CHERUKOLE,32,599,05681,628318,KERALA,Pathanamthitta,Ranni,Cherukole,628318,564,32,221698,Cherukole,5681,Elanthoor,6060,,112.0,1,24683.45190144385,15089619.602244506,1,191555,6368,ELANTHOOR,519,Pathanamthitta,191555
189425,RANNI,32,599,05681,628319,KERALA,Pathanamthitta,Ranni,Ranni,628319,564,32,221744,Ranni,5681,Ranni,6068,,112.0,1,21690.133540325864,13391171.24612816,1,191559,6375,RANNI,519,Pathanamthitta,191559
189416,ANGADI,32,599,05681,628316,KERALA,Pathanamthitta,Ranni,Angadi,628316,564,32,221745,Ranni Angadi,5681,Ranni,6068,,112.0,1,26647.249359334495,21464942.592079565,1,191550,6375,RANNI,519,Pathanamthitta,191550
189284,PERUMBETTI,32,599,05680,628307,KERALA,Pathanamthitta,Mallappally,Perumpetty,628307,564,32,221723,Kottanadu,5680,Mallappally,6064,,112.0,1,30539.36336179732,24803672.74944978,1,191416,6371,MALLAPPALLY,519,Pathanamthitta,191416
189010,MANIMALA,32,597,05672,628205,KERALA,Kottayam,Kanjirappally,Manimala,628205,560,32,221387,Manimala,5672,Kanjirappally,6013,,100.0,1,37257.11069566582,38408082.47097939,1,191140,6321,KANJIRAPPALLY,515,Kottayam,191140
189004,CHERUVALLI,32,597,05672,628201,KERALA,Kottayam,Kanjirappally,Cheruvally,628201,560,32,221430,Chirakkadavu,5672,Vazhoor,6020,,100.0,1,16402.312734432875,11978849.76782285,1,191134,6328,VAZHOOR,515,Kottayam,191134
189009,CHIRAKKADAVU,32,597,05672,628200,KERALA,Kottayam,Kanjirappally,Chirakkadavu,628200,560,32,221430,Chirakkadavu,5672,Vazhoor,6020,,100.0,1,27314.98017255735,28090305.919552024,1,191139,6328,VAZHOOR,515,Kottayam,191139
189001,KANJIRAPALLI,32,597,05672,628197,KERALA,Kottayam,Kanjirappally,Kanjirappally,628197,560,32,221385,Kanjirappally,5672,Kanjirappally,6013,,100.0,1,31641.860954896027,36629210.18331371,1,191131,6321,KANJIRAPPALLY,515,Kottayam,191131
189248,KONDUR,32,597,05668,628135,KERALA,Kottayam,Meenachil,Kondoor,628135,560,32,221371,Thidanad,5668,Erattupetta,6010,,101.0,1,40119.09891117673,40197027.199195944,1,191380,6318,ERATTUPETTA,515,Kottayam,191380
189242,IRATTUPETTA,32,597,05668,628138,KERALA,Kottayam,Meenachil,Erattupetta (CT),628138,560,32,221370,Thalappalam,5668,Erattupetta,6010,,101.0,1,21478.378147114578,16174357.32393063,1,191374,6318,ERATTUPETTA,515,Kottayam,191374
189069,KOTTAPURAM,32,600,05688,803308,KERALA,Kollam,Kollam,Paravoor (M),803308,559,32,0,,5688,Ithikkara,6002,,0.0,1,11244.7758002751,5367022.596131675,1,191199,6311,ITHIKKARA,514,Kollam,191199
189068,PARAVUR,32,600,05688,628436,KERALA,Kollam,Kollam,Paravoor (Part),628436,559,32,244116,Chirakkara,5688,Ithikkara,6002,,126.0,1,18875.562282688956,15470525.11151335,1,191198,6311,ITHIKKARA,514,Kollam,191198
189067,MAYYANAD,32,600,05688,628449,KERALA,Kollam,Kollam,Mayyanad (CT),628449,559,32,221339,Mayyanad,5688,Mukhathala,6005,,125.0,1,19303.82633438612,18778941.26393645,1,191197,6313,MUKHATHALA,514,Kollam,191197
189059,TAZHUTTALA,32,600,05688,628448,KERALA,Kollam,Kollam,Thazhuthala (CT),628448,559,32,221339,Mayyanad,5688,Mukhathala,6005,,123.0,1,16980.378433212365,9633266.60655429,1,191189,6313,MUKHATHALA,514,Kollam,191189
189058,TRIKKOVILVATTAM,32,600,05688,628446,KERALA,Kollam,Kollam,Thrikkovilvattom (CT),628446,559,32,221338,Kottamkara,5688,Mukhathala,6005,,123.0,1,18286.28152696639,13068877.217472965,1,191188,6313,MUKHATHALA,514,Kollam,191188
189046,KOTTANGARA,32,600,05688,628444,KERALA,Kollam,Kollam,Kottamkara (CT),628444,559,32,221337,Elamballur,5688,Mukhathala,6005,,123.0,1,25639.023511969608,13047611.034294136,1,191176,6313,MUKHATHALA,514,Kollam,191176
189047,ELAMBALLUR,32,600,05688,628442,KERALA,Kollam,Kollam,Elampalloor (CT),628442,559,32,221337,Elamballur,5688,Mukhathala,6005,,123.0,1,18115.1276366842,13123530.360502856,1,191177,6313,MUKHATHALA,514,Kollam,191177
189062,PERINAD,32,600,05688,628441,KERALA,Kollam,Kollam,Perinad (CT),628441,559,32,221322,Perinad,5688,Chittumala,6001,,123.0,1,19484.692991237367,16401531.590861965,1,191192,6310,CHITTUMALA,514,Kollam,191192
189054,MULAVANA,32,600,05688,628433,KERALA,Kollam,Kollam,Mulavana,628433,559,32,221318,Kundara,5688,Chittumala,6001,,123.0,1,30746.407539349733,28348063.743485443,1,191184,6310,CHITTUMALA,514,Kollam,191184
189053,KIZHAKKE KALLADA,32,600,05688,628432,KERALA,Kollam,Kollam,Kizhakkekallada,628432,559,32,221317,Kizhakkekallada,5688,Chittumala,6001,,118.0,1,25286.253327518098,13241633.24899669,1,191183,6310,CHITTUMALA,514,Kollam,191183
189065,IRAVIPURAM,32,600,05688,628374,KERALA,Kollam,Kollam,Eravipuram (OG) (Part),628374,559,32,221339,Mayyanad,5688,Chittumala,6001,,125.0,1,11849.858230464915,7252227.208107645,1,191195,6310,CHITTUMALA,514,Kollam,191195
189064,MUNDAKKAL,32,600,05688,803306,KERALA,Kollam,Kollam,Kollam (M Corp.),803306,559,32,0,,5688,Chittumala,6001,,0.0,1,11377.120074407985,5346913.57726415,1,191194,6310,CHITTUMALA,514,Kollam,191194
189066,VADAKKEVILA,32,600,05688,803306,KERALA,Kollam,Kollam,Kollam (M Corp.),803306,559,32,0,,5688,Chittumala,6001,,125.0,1,17069.155503823196,10653219.80350936,1,191196,6310,CHITTUMALA,514,Kollam,191196
189052,KOLLAM,32,600,05688,803306,KERALA,Kollam,Kollam,Kollam (M Corp.),803306,559,32,0,,5688,Chittumala,6001,,124.0,1,20204.38255570388,12584803.248999035,1,191182,6310,CHITTUMALA,514,Kollam,191182
189060,KILIKKOLLUR,32,600,05688,803306,KERALA,Kollam,Kollam,Kollam (M Corp.),803306,559,32,0,,5688,Chittumala,6001,,125.0,1,9489.498683626203,4632807.24878525,1,191190,6310,CHITTUMALA,514,Kollam,191190
189063,MANGAD,32,600,05688,803306,KERALA,Kollam,Kollam,Kollam (M Corp.),803306,559,32,0,,5688,Chittumala,6001,,124.0,1,11145.774834741786,6763245.52168629,1,191193,6310,CHITTUMALA,514,Kollam,191193
189051,TRIKKADAVUR,32,600,05688,628445,KERALA,Kollam,Kollam,Thrikkadavoor (CT),628445,559,32,0,,5688,Chittumala,6001,,124.0,1,19816.282348931083,14975282.599644994,1,191181,6310,CHITTUMALA,514,Kollam,191181
189049,TRIKKARUVA,32,600,05688,628439,KERALA,Kollam,Kollam,Thrikkaruva (CT),628439,559,32,221304,Thrikkaruva,5688,Chittumala,6001,,124.0,1,23122.419593554238,18636428.4439759,1,191179,6310,CHITTUMALA,514,Kollam,191179
189061,PANAYAM,32,600,05688,628440,KERALA,Kollam,Kollam,Panayam (CT),628440,559,32,221320,Panayam,5688,Chittumala,6001,,124.0,1,19492.93898769328,9835706.717394305,1,191191,6310,CHITTUMALA,514,Kollam,191191
189048,MANROTURUTTU,32,600,05688,628431,KERALA,Kollam,Kollam,Mundrothuruth,628431,559,32,221319,Mundrothuruthu,5688,Chittumala,6001,,118.0,1,20120.144917124428,13439545.16965965,1,191178,6310,CHITTUMALA,514,Kollam,191178
189050,SAKTIKULANGARA,32,600,05688,803306,KERALA,Kollam,Kollam,Kollam (M Corp.),803306,559,32,0,,5688,Chavara,6000,,124.0,1,17594.00212258661,13012556.09279907,1,191180,6309,CHAVARA,514,Kollam,191180
189039,NINIAKARA,32,600,05684,628373,KERALA,Kollam,Karunagappally,Neendakara (OG),628373,559,32,221313,Neendakara,5684,Chavara,6000,,117.0,1,25437.34260178256,20914389.56582347,1,191169,6309,CHAVARA,514,Kollam,191169
189037,CHAVARA,32,600,05684,628372,KERALA,Kollam,Karunagappally,Chavara (CT),628372,559,32,221312,Chavara,5684,Chavara,6000,,117.0,1,18279.219132746028,12348219.141659494,1,191167,6309,CHAVARA,514,Kollam,191167
189036,KULASEKHARAPURAM,32,600,05684,628371,KERALA,Kollam,Karunagappally,Panmana (CT),628371,559,32,221314,Panmana,5684,Chavara,6000,,117.0,1,17791.25433212297,9825727.43914791,1,191166,6309,CHAVARA,514,Kollam,191166
189035,VADAKKUMTALA,32,600,05684,628370,KERALA,Kollam,Karunagappally,Vadakkumthala (CT),628370,559,32,221314,Panmana,5684,Chavara,6000,,117.0,1,18370.97851801807,7204005.285220415,1,191165,6309,CHAVARA,514,Kollam,191165
189027,AYANAVELIKULANGARA,32,600,05684,628369,KERALA,Kollam,Karunagappally,Ayanivelikulangara (CT),628369,559,32,0,,5684,Oachira,6006,,116.0,1,17301.22780073252,10750075.24935523,1,191157,6314,OACHIRA,514,Kollam,191157
189034,KALLERIBHAGAM,32,600,05684,628367,KERALA,Kollam,Karunagappally,Kallelibhagom (CT),628367,559,32,221330,Thodiyoor,5684,Oachira,6006,,116.0,1,16698.088413101672,8863517.80438156,1,191164,6314,OACHIRA,514,Kollam,191164
189026,KARUNAGAPALLI,32,600,05684,628368,KERALA,Kollam,Karunagappally,Karunagappally (CT),628368,559,32,0,,5684,Oachira,6006,,116.0,1,15097.027528202801,8724881.47104997,1,191156,6314,OACHIRA,514,Kollam,191156
189033,TODIYUR,32,600,05684,628366,KERALA,Kollam,Karunagappally,Thodiyoor (CT),628366,559,32,221330,Thodiyoor,5684,Oachira,6006,,116.0,1,22545.624456117002,12656305.630753955,1,191163,6314,OACHIRA,514,Kollam,191163
189031,TAZHAVA,32,600,05684,628359,KERALA,Kollam,Karunagappally,Thazhava,628359,559,32,221344,Thazhava,5684,Oachira,6006,,116.0,1,18564.051271450957,12415013.32044836,1,191161,6314,OACHIRA,514,Kollam,191161
189038,TEVALAKKARA,32,600,05684,628361,KERALA,Kollam,Karunagappally,Thevalakkara,628361,559,32,221316,Thevalakkara,5684,Chavara,6000,,117.0,1,23398.366569921043,18041229.617846165,1,191168,6309,CHAVARA,514,Kollam,191168
189233,WESTERN KALLADA,32,600,05685,628381,KERALA,Kollam,Kunnathur,West Kallada,628381,559,32,221356,West Kallada,5685,Sasthamcottah,6008,,118.0,1,20165.133392035063,13892543.781013194,1,191365,6316,SASTHAMCOTTAH,514,Kollam,191365
189227,MAINAGAPPALLI,32,600,05685,628380,KERALA,Kollam,Kunnathur,Mynagappally,628380,559,32,221329,Mynagappally,5685,Oachira,6006,,118.0,1,22429.009374522808,20521028.115290854,1,191359,6314,OACHIRA,514,Kollam,191359
189232,SURANADU SOUTH,32,600,05685,628379,KERALA,Kollam,Kunnathur,Sooranad South,628379,559,32,221355,Sooranad South,5685,Sasthamcottah,6008,,118.0,1,24129.59435649553,18035003.57500502,1,191364,6316,SASTHAMCOTTAH,514,Kollam,191364
189032,PAVUMBA,32,600,05684,628360,KERALA,Kollam,Karunagappally,Pavumba,628360,559,32,221344,Thazhava,5684,Oachira,6006,,116.0,1,19560.944508483826,11664873.70866658,1,191162,6314,OACHIRA,514,Kollam,191162
189230,SURANADU NORTH,32,600,05685,628375,KERALA,Kollam,Kunnathur,Sooranad North,628375,559,32,221354,Sooranad North,5685,Sasthamcottah,6008,,118.0,1,24442.4768184591,22711195.785861854,1,191362,6316,SASTHAMCOTTAH,514,Kollam,191362
189952,TAMARAKULAM,32,598,05678,628285,KERALA,Alappuzha,Mavelikkara,Thamarakkulam,628285,554,32,220978,Mavelikkara Thamarakkulam,5678,Bharanicavu,5951,,109.0,1,29941.631583829505,22321600.22795993,1,192087,6262,BHARANICAVU,509,Alappuzha,192087
189951,CHUNAKKARA,32,598,05678,628282,KERALA,Alappuzha,Mavelikkara,Chunakkara,628282,554,32,220977,Chunakkara,5678,Bharanicavu,5951,,109.0,1,20887.20294565062,17968189.96797065,1,192086,6262,BHARANICAVU,509,Alappuzha,192086
189950,NURANAD,32,598,05678,628283,KERALA,Alappuzha,Mavelikkara,Noornad,628283,554,32,220979,Nooranad,5678,Bharanicavu,5951,,109.0,1,24377.6229776334,21628629.915064715,1,192085,6262,BHARANICAVU,509,Alappuzha,192085
189959,VETTIYUR,32,598,05678,628279,KERALA,Alappuzha,Mavelikkara,Vettiyar,628279,554,32,221014,Thazhakkara,5678,Mavelikkara,5956,,109.0,1,21436.900460283447,14818386.131906506,1,192094,6267,MAVELIKKARA,509,Alappuzha,192094
189025,ADINADU,32,600,05684,628365,KERALA,Kollam,Karunagappally,Adinad (CT),628365,559,32,221342,Kulasekharapuram,5684,Oachira,6006,,116.0,1,10010.477604256143,3313132.1821261,1,191155,6314,OACHIRA,514,Kollam,191155
189040,KARUNAGAPALLI,32,600,05684,628357,KERALA,Kollam,Karunagappally,Alappad,628357,559,32,221328,Alappad,5684,Chavara,6000,,0.0,1,33925.410516280375,8537134.89357508,1,191170,6309,CHAVARA,514,Kollam,191170
189030,KULASEKHARAPURAM,32,600,05684,628364,KERALA,Kollam,Karunagappally,Kulasekharapuram (CT),628364,559,32,221342,Kulasekharapuram,5684,Chavara,6000,,116.0,1,20238.81485766394,14469700.92388189,1,191160,6309,CHAVARA,514,Kollam,191160
189028,KLAPPANA,32,600,05684,628358,KERALA,Kollam,Karunagappally,Clappana,628358,559,32,221341,Clappana,5684,Oachira,6006,,116.0,1,13651.067158061987,10969243.48100143,1,191158,6314,OACHIRA,514,Kollam,191158
189808,PUTUPPALLI,32,598,05676,628265,KERALA,Alappuzha,Karthikappally,Puthuppally (CT),628265,554,32,221017,Devikulangara,5676,Muthukulam,5957,,108.0,1,26191.0169833829,19463799.00964657,1,191943,6268,MUTHUKULAM,509,Alappuzha,191943
189818,KANDALLUR,32,598,05676,628264,KERALA,Alappuzha,Karthikappally,Kandalloor (CT),628264,554,32,221018,Kandalloor,5676,Muthukulam,5957,,108.0,1,17050.963264225942,10832832.806442264,1,191953,6268,MUTHUKULAM,509,Alappuzha,191953
189806,KAYAM,32,598,05676,803300,KERALA,Alappuzha,Karthikappally,Kayamkulam (M),803300,554,32,0,,5676,Muthukulam,5957,,108.0,1,14019.810229669272,8839575.820963405,1,191941,6268,MUTHUKULAM,509,Alappuzha,191941
189820,KIRIKKAD,32,598,05676,628262,KERALA,Alappuzha,Karthikappally,Keerikkad (CT),628262,554,32,221021,Pathiyoor,5676,Muthukulam,5957,,108.0,1,16534.754481775188,7920132.774032495,1,191955,6268,MUTHUKULAM,509,Alappuzha,191955
189821,PATTIYUR,32,598,05676,628261,KERALA,Alappuzha,Karthikappally,Pathiyoor (CT),628261,554,32,221021,Pathiyoor,5676,Muthukulam,5957,,108.0,1,18892.535669711113,15348531.01607668,1,191956,6268,MUTHUKULAM,509,Alappuzha,191956
189956,KANNAMANGALAM,32,598,05678,628287,KERALA,Alappuzha,Mavelikkara,Kannamangalam (CT),628287,554,32,221012,Chettikulangara,5678,Mavelikkara,5956,,108.0,1,18696.17175959589,14581198.234113695,1,192091,6267,MAVELIKKARA,509,Alappuzha,192091
189029,OCHIRA,32,600,05684,628363,KERALA,Kollam,Karunagappally,Oachira (CT),628363,559,32,221343,Oachira,5684,Oachira,6006,,116.0,1,16491.03860585267,13381010.384128604,1,191159,6314,OACHIRA,514,Kollam,191159
189958,VALLIKUNNAM,32,598,05678,628286,KERALA,Alappuzha,Mavelikkara,Vallikunnam,628286,554,32,220981,Vallikunnam,5678,Bharanicavu,5951,,109.0,1,23420.417389476752,23298461.19580202,1,192093,6262,BHARANICAVU,509,Alappuzha,192093
189807,KRISHNAPURAM,32,598,05676,628266,KERALA,Alappuzha,Karthikappally,Krishnapuram (CT),628266,554,32,221019,Krishnapuram,5676,Muthukulam,5957,,108.0,1,22158.38095090079,10596490.39147109,1,191942,6268,MUTHUKULAM,509,Alappuzha,191942
189948,KATTANAM,32,598,05678,628291,KERALA,Alappuzha,Mavelikkara,Kattanam (CT),628291,554,32,220976,Bharanikkavu,5678,Bharanicavu,5951,,108.0,1,21536.876161298733,13752420.509743055,1,192083,6262,BHARANICAVU,509,Alappuzha,192083
189949,BHARANIKAVU,32,598,05678,628290,KERALA,Alappuzha,Mavelikkara,Bharanikkavu (CT),628290,554,32,220976,Bharanikkavu,5678,Bharanicavu,5951,,108.0,1,17018.533408504678,11361174.02616152,1,192084,6262,BHARANICAVU,509,Alappuzha,192084
189957,PERUNGALA,32,598,05678,628281,KERALA,Alappuzha,Mavelikkara,Perungala,628281,554,32,221012,Chettikulangara,5678,Mavelikkara,5956,,108.0,1,12588.92853220064,7684822.19094537,1,192092,6267,MAVELIKKARA,509,Alappuzha,192092
189947,TEKKEKARA,32,598,05678,628280,KERALA,Alappuzha,Mavelikkara,Thekkekara (Part),628280,554,32,221013,Mavelikkara Thekkekara,5678,Mavelikkara,5956,,109.0,1,25069.61149769629,20882023.12368175,1,192082,6267,MAVELIKKARA,509,Alappuzha,192082
189946,MAVELIKKARA,32,598,05678,803302,KERALA,Alappuzha,Mavelikkara,Mavelikkara (M),803302,554,32,0,,5678,Mavelikkara,5956,,109.0,1,17550.41930197378,9153375.363150954,1,192081,6267,MAVELIKKARA,509,Alappuzha,192081
189945,TAZHAKKARA,32,598,05678,628289,KERALA,Alappuzha,Mavelikkara,Thazhakara (CT),628289,554,32,221014,Thazhakkara,5678,Mavelikkara,5956,,109.0,1,16873.49217016949,11275426.926570356,1,192080,6267,MAVELIKKARA,509,Alappuzha,192080
189955,CHENNITTALA,32,598,05678,628288,KERALA,Alappuzha,Mavelikkara,Chennithala (CT),628288,554,32,221011,Chennithala Thriperumthara,5678,Mavelikkara,5956,,110.0,1,16590.72548193709,6417340.069855055,1,192090,6267,MAVELIKKARA,509,Alappuzha,192090
189228,SASTAMKOTTA,32,600,05685,628378,KERALA,Kollam,Kunnathur,Sasthamkotta,628378,559,32,221353,Sasthancotta,5685,Sasthamcottah,6008,,118.0,1,35236.86105611556,25618417.03845903,1,191360,6316,SASTHAMCOTTAH,514,Kollam,191360
189231,PORUVAZHY,32,600,05685,628376,KERALA,Kollam,Kunnathur,Poruvazhy,628376,559,32,221352,Poruvazhy,5685,Sasthamcottah,6008,,118.0,1,20806.043966604168,18976856.53344328,1,191363,6316,SASTHAMCOTTAH,514,Kollam,191363
188913,PALLIKKAL,32,599,05683,628354,KERALA,Pathanamthitta,Adoor,Pallickal,628354,564,32,221736,Pallickal,5683,Parakode,6066,,115.0,1,27238.218434642495,24646954.12202974,1,191043,6373,PARAKODE,519,Pathanamthitta,191043
189953,PALAMEL,32,598,05678,628284,KERALA,Alappuzha,Mavelikkara,Palamel,628284,554,32,220980,Palamel,5678,Bharanicavu,5951,,109.0,1,26722.638956906234,27059086.89484961,1,192088,6262,BHARANICAVU,509,Alappuzha,192088
188921,PANTALAM,32,599,05683,628343,KERALA,Pathanamthitta,Adoor,Pandalam,628343,564,32,0,,5683,Pandlam,6065,,115.0,1,19653.26924331317,17085634.51008477,1,191051,6372,PANDLAM,519,Pathanamthitta,191051
189184,KULANADA,32,599,05682,628322,KERALA,Pathanamthitta,Kozhenchery,Kulanada,628322,564,32,221718,Kulanada,5682,Elanthoor,6060,,113.0,1,24617.70909301129,19860452.557986494,1,191316,6368,ELANTHOOR,519,Pathanamthitta,191316
189724,MULAKKUZHA,32,598,05677,628271,KERALA,Alappuzha,Chengannur,Mulakuzha (Part),628271,554,32,220992,Mulakkuzha,5677,Chengannur,5953,,110.0,1,29053.495363933773,23066255.825581905,1,191859,6264,CHENGANNUR,509,Alappuzha,191859
189182,KIDANGANNUR,32,599,05682,628324,KERALA,Pathanamthitta,Kozhenchery,Kidangannur,628324,564,32,221717,Aranmula,5682,Elanthoor,6060,,113.0,1,16803.630603766353,12437883.6203828,1,191314,6368,ELANTHOOR,519,Pathanamthitta,191314
189181,ARANMULA,32,599,05682,628325,KERALA,Pathanamthitta,Kozhenchery,Aranmula,628325,564,32,221717,Aranmula,5682,Elanthoor,6060,,113.0,1,17339.303130935772,12831835.58561226,1,191313,6368,ELANTHOOR,519,Pathanamthitta,191313
189505,KOYIPURAM,32,599,05679,628300,KERALA,Pathanamthitta,Thiruvalla,Koipuram,628300,564,32,221707,Koipuram,5679,Koipuram,6061,,113.0,1,21707.55527391722,22838580.86297434,1,191639,6369,KOIPURAM,519,Pathanamthitta,191639
189722,VENMANI,32,598,05677,628275,KERALA,Alappuzha,Chengannur,Venmony,628275,554,32,220996,Venmony,5677,Chengannur,5953,,110.0,1,27834.57398361738,19324336.16597944,1,191857,6264,CHENGANNUR,509,Alappuzha,191857
189715,CHERIYANAD,32,598,05677,628274,KERALA,Alappuzha,Chengannur,Cheriyanad,628274,554,32,220990,Cheriyanad,5677,Chengannur,5953,,110.0,1,18848.60981758465,14909016.546411606,1,191850,6264,CHENGANNUR,509,Alappuzha,191850
189723,ALA,32,598,05677,628272,KERALA,Alappuzha,Chengannur,Ala (Part),628272,554,32,220988,Ala,5677,Chengannur,5953,,110.0,1,17122.451896752988,11716604.155034564,1,191858,6264,CHENGANNUR,509,Alappuzha,191858
189721,PULIYUR,32,598,05677,628273,KERALA,Alappuzha,Chengannur,Puliyoor(Part),628273,554,32,220994,Puliyoor,5677,Chengannur,5953,,110.0,1,25612.573644806645,11031612.24049016,1,191856,6264,CHENGANNUR,509,Alappuzha,191856
189720,CHENGANNUR,32,598,05677,803301,KERALA,Alappuzha,Chengannur,Chengannur (M),803301,554,32,0,,5677,Chengannur,5953,,110.0,1,19104.92668915198,13906717.135466974,1,191855,6264,CHENGANNUR,509,Alappuzha,191855
189719,PANDANAD,32,598,05677,628268,KERALA,Alappuzha,Chengannur,Pandanad (Part),628268,554,32,220993,Pandanad,5677,Chengannur,5953,,110.0,1,17398.66105245254,10896505.45048469,1,191854,6264,CHENGANNUR,509,Alappuzha,191854
189718,TIRUYANVANDUR,32,598,05677,628269,KERALA,Alappuzha,Chengannur,Thiruvanvandoor,628269,554,32,220993,Pandanad,5677,Chengannur,5953,,110.0,1,20673.15414576469,10754993.653451025,1,191853,6264,CHENGANNUR,509,Alappuzha,191853
189513,KUTTUR,32,599,05679,628297,KERALA,Pathanamthitta,Thiruvalla,Kuttoor,628297,564,32,221738,Kuttoor,5679,Pulikeezhu,6067,,111.0,1,21744.629520759532,9527923.18264794,1,191647,6374,PULIKEEZHU,519,Pathanamthitta,191647
189506,IRAVIPERUR,32,599,05679,628299,KERALA,Pathanamthitta,Thiruvalla,Eraviperoor,628299,564,32,221705,Eraviperoor,5679,Koipuram,6061,,113.0,1,23705.607534534618,23481796.98475408,1,191640,6369,KOIPURAM,519,Pathanamthitta,191640
189507,KUTTAPUZHA,32,599,05679,803303,KERALA,Pathanamthitta,Thiruvalla,Thiruvalla (M),803303,564,32,0,,5679,Pulikeezhu,6067,,111.0,1,19014.206520703177,14718431.63866447,1,191641,6374,PULIKEEZHU,519,Pathanamthitta,191641
189716,ENNAKKAD,32,598,05677,628267,KERALA,Alappuzha,Chengannur,Ennakkad,628267,554,32,220989,Budhannoor,5677,Chengannur,5953,,110.0,1,24414.690973213812,13743295.87062964,1,191851,6264,CHENGANNUR,509,Alappuzha,191851
189717,MANNAR,32,598,05677,628276,KERALA,Alappuzha,Chengannur,Mannar (CT),628276,554,32,220991,Mannar,5677,Chengannur,5953,,110.0,1,14749.163386053217,8680429.477503326,1,191852,6264,CHENGANNUR,509,Alappuzha,191852
189512,KADAPRA,32,599,05679,628293,KERALA,Pathanamthitta,Thiruvalla,Kadapra,628293,564,32,221737,Kadapra,5679,Pulikeezhu,6067,,111.0,1,31240.286512231927,18100975.15608761,1,191646,6374,PULIKEEZHU,519,Pathanamthitta,191646
189514,NEDUMPURAM,32,599,05679,628294,KERALA,Pathanamthitta,Thiruvalla,Nedumpuram,628294,564,32,221739,Nedumpuram,5679,Pulikeezhu,6067,,111.0,1,19299.255253786956,9329105.24346585,1,191648,6374,PULIKEEZHU,519,Pathanamthitta,191648
189508,TIRUVALLA,32,599,05679,803303,KERALA,Pathanamthitta,Thiruvalla,Thiruvalla (M),803303,564,32,0,,5679,Pulikeezhu,6067,,111.0,1,15989.434534682274,8068677.055412785,1,191642,6374,PULIKEEZHU,519,Pathanamthitta,191642
189510,PERUNGANUR,32,599,05679,628295,KERALA,Pathanamthitta,Thiruvalla,Peringara,628295,564,32,221741,Peringara,5679,Pulikeezhu,6067,,111.0,1,17011.85578039555,12518162.75189149,1,191644,6374,PULIKEEZHU,519,Pathanamthitta,191644
189509,KAVUNIBHAGAM,32,599,05679,628296,KERALA,Pathanamthitta,Thiruvalla,Kavumbhagom (Part),628296,564,32,221741,Peringara,5679,Pulikeezhu,6067,,111.0,1,23726.90810202007,11604943.656943364,1,191643,6374,PULIKEEZHU,519,Pathanamthitta,191643
188938,PAYIPPAD,32,597,05671,628193,KERALA,Kottayam,Changanassery,Paippad (CT),628193,560,32,221399,Paippad,5671,Madappally,6015,,99.0,1,16104.834127370843,8771953.760305895,1,191068,6323,MADAPPALLY,515,Kottayam,191068
188935,CHANGANASSERI,32,597,05671,803297,KERALA,Kottayam,Changanassery,Changanassery (M),803297,560,32,0,,5671,Madappally,6015,,99.0,1,23820.78932731751,19034493.091191746,1,191065,6323,MADAPPALLY,515,Kottayam,191065
188936,VAZHAPPALLI EAST,32,597,05671,628183,KERALA,Kottayam,Changanassery,Changanassery (Part),628183,560,32,221399,Paippad,5671,Madappally,6015,,99.0,1,11473.27544967288,6638168.703809055,1,191066,6323,MADAPPALLY,515,Kottayam,191066
189516,KAVIYUR,32,599,05679,628298,KERALA,Pathanamthitta,Thiruvalla,Kaviyoor,628298,564,32,221722,Kaviyoor,5679,Mallappally,6064,,111.0,1,20789.54797412667,15247583.878067235,1,191650,6371,MALLAPPALLY,519,Pathanamthitta,191650
189278,KUNNAMDANAM,32,599,05680,628302,KERALA,Pathanamthitta,Mallappally,Kunnamthanam,628302,564,32,221725,Kunnathanam,5680,Mallappally,6064,,111.0,1,25624.955758318683,16761340.34032731,1,191410,6371,MALLAPPALLY,519,Pathanamthitta,191410
188937,TRIKKODITTANAM,32,597,05671,628192,KERALA,Kottayam,Changanassery,Thrikkodithanam (CT),628192,560,32,221399,Paippad,5671,Madappally,6015,,99.0,1,19237.811973633452,11787611.905512534,1,191067,6323,MADAPPALLY,515,Kottayam,191067
188927,MADAPPALLI,32,597,05671,628184,KERALA,Kottayam,Changanassery,Madappally,628184,560,32,221398,Madappally,5671,Madappally,6015,,99.0,1,22179.92994707664,24858672.033205915,1,191057,6323,MADAPPALLY,515,Kottayam,191057
188926,KARUKACHAL,32,597,05671,628186,KERALA,Kottayam,Changanassery,Karukachal,628186,560,32,221396,Karukachal,5671,Madappally,6015,,100.0,1,26095.203107902063,22090156.947882596,1,191056,6323,MADAPPALLY,515,Kottayam,191056
188933,TOTTAKKADU,32,597,05671,628185,KERALA,Kottayam,Changanassery,Thottackad,628185,560,32,221401,Vakathanam,5671,Madappally,6015,,98.0,1,20109.095009155673,12400999.922240956,1,191063,6323,MADAPPALLY,515,Kottayam,191063
189137,MINADAM,32,597,05670,628169,KERALA,Kottayam,Kottayam,Meenadam,628169,560,32,221413,Meenadom,5670,Pampady,6017,,98.0,1,16955.52546382788,10497505.666146,1,191267,6325,PAMPADY,515,Kottayam,191267
189142,PUDUPALLI,32,597,05670,628179,KERALA,Kottayam,Kottayam,Puthuppally (CT),628179,560,32,221407,Puthuppally,5670,Pallom,6016,,98.0,1,35620.561921803725,23324534.999611586,1,191273,6324,PALLOM,515,Kottayam,191273
189136,PAMBADI,32,597,05670,628170,KERALA,Kottayam,Kottayam,Pampady,628170,560,32,221412,Kooroppada,5670,Pampady,6017,,98.0,1,35390.14280292947,32626314.76185122,1,191266,6325,PAMPADY,515,Kottayam,191266
581052,MANARKAD,32,597,05670,628164,KERALA,Kottayam,Kottayam,Manarcad,628164,560,32,221405,Mannarkadu,5670,Pampady,6017,,98.0,2,36320.87366156259,23220034.377469543,2,587362,6325,PAMPADY,515,Kottayam,587362
189822,ARATTUPUZHA,32,598,05676,628255,KERALA,Alappuzha,Karthikappally,Arattupuzha,628255,554,32,221015,Arattupuzha,5676,Muthukulam,5957,,0.0,1,33489.40436336806,24049998.873319697,1,191957,6268,MUTHUKULAM,509,Alappuzha,191957
189819,MUTUKULAM,32,598,05676,628263,KERALA,Alappuzha,Karthikappally,Muthukulam (CT),628263,554,32,221020,Muthukulam,5676,Muthukulam,5957,,107.0,1,15963.936515400013,12776585.25343127,1,191954,6268,MUTHUKULAM,509,Alappuzha,191954
189814,CHINGOLI,32,598,05676,628259,KERALA,Alappuzha,Karthikappally,Chingoli (CT),628259,554,32,220998,Chingoli,5676,Harippad,5954,,107.0,1,12341.35074148046,7403110.24482332,1,191949,6265,HARIPPAD,509,Alappuzha,191949
189815,KARTIKAPPALLI,32,598,05676,628258,KERALA,Alappuzha,Karthikappally,Karthikappally (CT),628258,554,32,221000,Karthikappally,5676,Harippad,5954,,107.0,1,19253.98147446054,8660330.74804435,1,191950,6265,HARIPPAD,509,Alappuzha,191950
189813,KUMARAPURAM,32,598,05676,628257,KERALA,Alappuzha,Karthikappally,Kumarapuram (CT),628257,554,32,221001,Karuvatta,5676,Harippad,5954,,107.0,1,18356.988390770093,15365454.028840724,1,191948,6265,HARIPPAD,509,Alappuzha,191948
189812,HARIPPAD,32,598,05676,628256,KERALA,Alappuzha,Karthikappally,Haripad (CT),628256,554,32,0,,5676,Harippad,5954,,107.0,1,20458.177255503382,9340836.196350414,1,191947,6265,HARIPPAD,509,Alappuzha,191947
189809,KARUVATTA,32,598,05676,628250,KERALA,Alappuzha,Karthikappally,Karuvatta,628250,554,32,221001,Karuvatta,5676,Harippad,5954,,107.0,1,17759.54456340022,14978807.15024002,1,191944,6265,HARIPPAD,509,Alappuzha,191944
189810,CHERUTANA,32,598,05676,628251,KERALA,Alappuzha,Karthikappally,Cheruthana,628251,554,32,220997,Cheruthana,5676,Harippad,5954,,107.0,1,20790.324504054184,14843115.066518664,1,191945,6265,HARIPPAD,509,Alappuzha,191945
189943,TAKAZHI,32,598,05675,628246,KERALA,Alappuzha,Kuttanad,Thakazhy,628246,554,32,220986,Thakazhi,5675,Champakulam,5952,,106.0,1,28660.204724714757,25963986.929340854,1,192078,6263,CHAMPAKULAM,509,Alappuzha,192078
189941,CHAMBAKULAM,32,598,05675,628244,KERALA,Alappuzha,Kuttanad,Champakkulam,628244,554,32,220982,Champakkulam,5675,Champakulam,5952,,106.0,1,28837.538855867988,23448990.015300184,1,192076,6263,CHAMPAKULAM,509,Alappuzha,192076
189816,CHEPPAD,32,598,05676,628260,KERALA,Alappuzha,Karthikappally,Cheppad (CT),628260,554,32,221016,Cheppad,5676,Muthukulam,5957,,107.0,1,17042.042708655605,13241202.88445436,1,191951,6268,MUTHUKULAM,509,Alappuzha,191951
189817,PALLIPPAD,32,598,05676,628253,KERALA,Alappuzha,Karthikappally,Pallippad,628253,554,32,221003,Pallippad,5676,Harippad,5954,,107.0,1,22814.042559170965,17957653.316756137,1,191952,6265,HARIPPAD,509,Alappuzha,191952
189954,TRIPPERUNTUR,32,598,05678,628278,KERALA,Alappuzha,Mavelikkara,Thriperumthura,628278,554,32,221011,Chennithala Thriperumthara,5678,Mavelikkara,5956,,110.0,1,20302.125387494336,16724152.50412986,1,192089,6267,MAVELIKKARA,509,Alappuzha,192089
189725,KURATTISSERI,32,598,05677,628277,KERALA,Alappuzha,Chengannur,Kurattissery (CT),628277,554,32,220991,Mannar,5677,Chengannur,5953,,110.0,1,14806.951775360689,9933516.96507251,1,191860,6264,CHENGANNUR,509,Alappuzha,191860
189811,VIYAPURAM,32,598,05676,628252,KERALA,Alappuzha,Karthikappally,Veeyapuram,628252,554,32,221005,Veeyapuram,5676,Harippad,5954,,106.0,1,25038.491148426947,14685539.207855444,1,191946,6265,HARIPPAD,509,Alappuzha,191946
189511,NIRANAM,32,599,05679,628292,KERALA,Pathanamthitta,Thiruvalla,Niranam,628292,564,32,221740,Niranam,5679,Pulikeezhu,6067,,111.0,1,19900.88777915549,10845912.93510227,1,191645,6374,PULIKEEZHU,519,Pathanamthitta,191645
189931,TALAVADI,32,598,05675,628249,KERALA,Alappuzha,Kuttanad,Thalavady,628249,554,32,220987,Thalavadi,5675,Champakulam,5952,,106.0,1,21224.36745704033,15553242.687146615,1,192066,6263,CHAMPAKULAM,509,Alappuzha,192066
189932,EDATUA,32,598,05675,628247,KERALA,Alappuzha,Kuttanad,Edathua,628247,554,32,220983,Edathua,5675,Champakulam,5952,,106.0,1,29543.76533927128,28392187.818383057,1,192067,6263,CHAMPAKULAM,509,Alappuzha,192067
189944,MUTTAR,32,598,05675,628248,KERALA,Alappuzha,Kuttanad,Muttar,628248,554,32,221036,Muttar,5675,Veliyanad,5960,,106.0,1,18610.182530369522,11212802.82120811,1,192079,6271,VELIYANAD,509,Alappuzha,192079
189940,RAMANKARI,32,598,05675,628243,KERALA,Alappuzha,Kuttanad,Ramankary,628243,554,32,221039,Ramankari,5675,Veliyanad,5960,,106.0,1,20021.606087542288,12063288.851297366,1,192075,6271,VELIYANAD,509,Alappuzha,192075
189823,TRIKKUNNAPPUZHA,32,598,05676,628254,KERALA,Alappuzha,Karthikappally,Thrikkunnapuzha,628254,554,32,221004,Thrikkunnapuzha,5676,Harippad,5954,,0.0,1,23339.840912843174,12600662.145454805,1,191958,6265,HARIPPAD,509,Alappuzha,191958
189711,PORAKKAD,32,598,05674,628231,KERALA,Alappuzha,Ambalappuzha,Purakkad,628231,554,32,220972,Purakkad,5674,Ambalappuzha,5949,,105.0,1,27355.125140316002,24799328.888699014,1,191846,6260,AMBALAPPUZHA,509,Alappuzha,191846
189710,KARUMADI,32,598,05674,628230,KERALA,Alappuzha,Ambalappuzha,Karumady,628230,554,32,220969,Ambalappuzha(South),5674,Ambalappuzha,5949,,105.0,1,22905.680084015905,17079344.933471024,1,191845,6260,AMBALAPPUZHA,509,Alappuzha,191845
189709,AMBALAPPUZHA,32,598,05674,628229,KERALA,Alappuzha,Ambalappuzha,Ambalappuzha,628229,554,32,220969,Ambalappuzha(South),5674,Ambalappuzha,5949,,0.0,1,12713.021494992774,8336423.269577335,1,191844,6260,AMBALAPPUZHA,509,Alappuzha,191844
189934,NEDUMUDI,32,598,05675,628245,KERALA,Alappuzha,Kuttanad,Nedumudi,628245,554,32,220985,Nedumudi,5675,Champakulam,5952,,106.0,1,24550.52896171939,21462001.339996357,1,192069,6263,CHAMPAKULAM,509,Alappuzha,192069
189935,KAINAKARI SOUTH,32,598,05675,628237,KERALA,Alappuzha,Kuttanad,Kainakary South,628237,554,32,220984,Kainakary,5675,Champakulam,5952,,106.0,1,23934.288144603648,22083516.06693117,1,192070,6263,CHAMPAKULAM,509,Alappuzha,192070
189714,MULLACKAL,32,598,05674,628228,KERALA,Alappuzha,Ambalappuzha,Mullakkal (Part),628228,554,32,0,,5674,Champakulam,5952,,104.0,1,19700.347777126633,10180317.96915382,1,191849,6263,CHAMPAKULAM,509,Alappuzha,191849
189707,ARYAD SOUTH,32,598,05674,628227,KERALA,Alappuzha,Ambalappuzha,Aryad South  (Part),628227,554,32,0,,5674,Aryad,5950,,104.0,1,23081.946562320627,15444408.492584694,1,191842,6261,ARYAD,509,Alappuzha,191842
189937,KAINAKARI NORTH,32,598,05675,628236,KERALA,Alappuzha,Kuttanad,Kainakary North,628236,554,32,220984,Kainakary,5675,Champakulam,5952,,106.0,1,34800.87551731928,33837345.99592785,1,192072,6263,CHAMPAKULAM,509,Alappuzha,192072
189703,KOMALAPURAM,32,598,05674,628234,KERALA,Alappuzha,Ambalappuzha,Komalapuram (CT),628234,554,32,220973,Aryad,5674,Aryad,5950,,104.0,1,25778.62642857566,26609367.231496546,1,191838,6261,ARYAD,509,Alappuzha,191838
189701,PUNNAPRA,32,598,05674,628235,KERALA,Alappuzha,Ambalappuzha,Punnapra (OG),628235,554,32,220971,Punnapra(South),5674,Ambalappuzha,5949,,105.0,1,17784.589278158895,16384415.85946344,1,191836,6260,AMBALAPPUZHA,509,Alappuzha,191836
189702,PARAVUR,32,598,05674,645603,KERALA,Alappuzha,Ambalappuzha,Kalarkode (OG) (Part),645603,554,32,0,,5674,Ambalappuzha,5949,,105.0,1,12488.33935879772,8510065.259116756,1,191837,6260,AMBALAPPUZHA,509,Alappuzha,191837
189713,ALAPPUZHA WEST,32,598,05674,803299,KERALA,Alappuzha,Ambalappuzha,Alappuzha (M),803299,554,32,0,,5674,Ambalappuzha,5949,,0.0,1,11360.306743744897,6597877.999789845,1,191848,6260,AMBALAPPUZHA,509,Alappuzha,191848
189712,PAZHAVIDU,32,598,05674,803299,KERALA,Alappuzha,Ambalappuzha,Alappuzha (M),803299,554,32,0,,5674,Ambalappuzha,5949,,105.0,1,12034.62120249328,8680384.49958303,1,191847,6260,AMBALAPPUZHA,509,Alappuzha,191847
189706,TUMBOLI,32,598,05674,803299,KERALA,Alappuzha,Ambalappuzha,Alappuzha (M),803299,554,32,0,,5674,Aryad,5950,,0.0,1,10483.189494486276,6091520.338109785,1,191841,6261,ARYAD,509,Alappuzha,191841
189705,PATIRAPPALLI,32,598,05674,628233,KERALA,Alappuzha,Ambalappuzha,Pathirappally (CT),628233,554,32,220973,Aryad,5674,Aryad,5950,,0.0,1,11160.218452760131,6410149.79075728,1,191840,6261,ARYAD,509,Alappuzha,191840
189704,KAVALUR,32,598,05674,628226,KERALA,Alappuzha,Ambalappuzha,Kalavoor,628226,554,32,220975,Mararikkulam South,5674,Aryad,5950,,104.0,1,19187.683680116363,14799548.612120965,1,191839,6261,ARYAD,509,Alappuzha,191839
189739,MARARIKULAM,32,598,05673,628213,KERALA,Alappuzha,Cherthala,Mararikkulam North,628213,554,32,221008,Mararikkulam North,5673,Kanjikkuzhy,5955,,104.0,1,18677.29175727353,18395523.34155591,1,191874,6266,KANJIKKUZHY,509,Alappuzha,191874
189738,KANJIKKUZHI,32,598,05673,628224,KERALA,Alappuzha,Cherthala,Kanjikkuzhi (CT),628224,554,32,221007,Kanjikuzhi,5673,Kanjikkuzhy,5955,,103.0,1,19696.138441920404,13032311.420132404,1,191873,6266,KANJIKKUZHY,509,Alappuzha,191873
189740,CHERTTALA SOUTH,32,598,05673,628212,KERALA,Alappuzha,Cherthala,Cherthala South (Part),628212,554,32,221006,Cherthala South,5673,Kanjikkuzhy,5955,,103.0,1,19597.30755017425,17892119.72373072,1,191875,6266,KANJIKKUZHY,509,Alappuzha,191875
189933,VELINAD,32,598,05675,628242,KERALA,Alappuzha,Kuttanad,Veliyanad,628242,554,32,221040,Veliyanad,5675,Veliyanad,5960,,106.0,1,24814.678439045187,19812962.291963875,1,192068,6271,VELIYANAD,509,Alappuzha,192068
188929,VAZHAPPALLI WEST,32,597,05671,628182,KERALA,Kottayam,Changanassery,Vazhappally West,628182,560,32,221402,Vazhappally,5671,Madappally,6015,,99.0,1,21127.77549844475,15848346.67367471,1,191059,6323,MADAPPALLY,515,Kottayam,191059
189942,NILAMPERUR,32,598,05675,628241,KERALA,Alappuzha,Kuttanad,Neelamperoor,628241,554,32,221037,Neelamperoor,5675,Veliyanad,5960,,106.0,1,15159.390884946906,10391854.959038885,1,192077,6271,VELIYANAD,509,Alappuzha,192077
189135,NATTAGAM,32,597,05670,628177,KERALA,Kottayam,Kottayam,Nattakam (CT),628177,560,32,0,,5670,Pallom,6016,,97.0,1,31631.14809802393,21046776.12096703,1,191265,6324,PALLOM,515,Kottayam,191265
189132,TIRUVARPU,32,597,05670,628167,KERALA,Kottayam,Kottayam,Thiruvarpu,628167,560,32,221408,Thiruvarpu,5670,Pallom,6016,,97.0,1,28338.200905150385,25959262.830570716,1,191262,6324,PALLOM,515,Kottayam,191262
189133,VELUR,32,597,05670,628168,KERALA,Kottayam,Kottayam,Veloor  (Part),628168,560,32,0,,5670,Pallom,6016,,97.0,1,13411.569834716654,7736980.180446805,1,191263,6324,PALLOM,515,Kottayam,191263
189130,CHENGALAM,32,597,05670,628176,KERALA,Kottayam,Kottayam,Chengalam West,628176,560,32,221408,Thiruvarpu,5670,Pallom,6016,,96.0,1,17026.67963881215,10317836.91222954,1,191260,6324,PALLOM,515,Kottayam,191260
189129,ARPUKARA,32,597,05670,628155,KERALA,Kottayam,Kottayam,Arpookara,628155,560,32,221373,Arpookara,5670,Ettumanoor,6011,,96.0,1,36778.50154329815,25163102.81100916,1,191259,6319,ETTUMANOOR,515,Kottayam,191259
189128,KAIPPUZHA,32,597,05670,628156,KERALA,Kottayam,Kottayam,Kaipuzha,628156,560,32,221373,Arpookara,5670,Ettumanoor,6011,,96.0,1,20510.17365910912,16173893.562979834,1,191258,6319,ETTUMANOOR,515,Kottayam,191258
189144,ONAMTURUTTU,32,597,05670,628157,KERALA,Kottayam,Kottayam,Onamthuruth,628157,560,32,221376,Neendoor,5670,Ettumanoor,6011,,96.0,1,18154.512300636412,13348096.923280705,1,191275,6319,ETTUMANOOR,515,Kottayam,191275
189939,KUNNUMMA,32,598,05675,628239,KERALA,Alappuzha,Kuttanad,Kunnumma,628239,554,32,221035,Kavalam,5675,Veliyanad,5960,,106.0,1,26341.735983293034,16185590.893845014,1,192074,6271,VELIYANAD,509,Alappuzha,192074
189936,PULIMKUNNU,32,598,05675,628238,KERALA,Alappuzha,Kuttanad,Pulinkunnu,628238,554,32,221038,Pulinkunnu,5675,Veliyanad,5960,,106.0,1,34428.309048163064,31486479.341005336,1,192071,6271,VELIYANAD,509,Alappuzha,192071
189938,KAVALAM,32,598,05675,628240,KERALA,Alappuzha,Kuttanad,Kavalam,628240,554,32,221035,Kavalam,5675,Veliyanad,5960,,106.0,1,33806.725812731216,42729201.09542406,1,192073,6271,VELIYANAD,509,Alappuzha,192073
189131,KUMARAKOM,32,597,05670,628166,KERALA,Kottayam,Kottayam,Kumarakam,628166,560,32,221404,Kumarakom,5670,Pallom,6016,,0.0,1,33691.394243598195,54056786.29520719,1,191261,6324,PALLOM,515,Kottayam,191261
189143,AIMANAM,32,597,05670,628173,KERALA,Kottayam,Kottayam,Aimanam (CT),628173,560,32,221372,Aymanam,5670,Ettumanoor,6011,,96.0,1,36848.43666368407,28561961.50556115,1,191274,6319,ETTUMANOOR,515,Kottayam,191274
189618,VECHOOR,32,597,05669,628150,KERALA,Kottayam,Vaikom,Vechoor,628150,560,32,221429,Vechoor,5669,Vaikom,6019,,95.0,1,22840.987554074098,29213431.727349356,1,191753,6327,VAIKOM,515,Kottayam,191753
189610,KALLARA,32,597,05669,628151,KERALA,Kottayam,Vaikom,Kallara,628151,560,32,221378,Kallara,5669,Kaduthuruthy,6012,,95.0,1,25317.345173593938,29287931.16856626,1,191745,6320,KADUTHURUTHY,515,Kottayam,191745
189619,TALAYAZHAM,32,597,05669,628149,KERALA,Kottayam,Vaikom,Thalayazham,628149,560,32,221426,Thalayazham,5669,Vaikom,6019,,95.0,1,23140.89019162483,23703782.876398735,1,191754,6327,VAIKOM,515,Kottayam,191754
189620,VADAYAR,32,597,05669,628144,KERALA,Kottayam,Vaikom,Vadayar,628144,560,32,221382,Thalayolaparambu,5669,Kaduthuruthy,6012,,95.0,1,23609.48654294182,21071514.313572135,1,191755,6320,KADUTHURUTHY,515,Kottayam,191755
588492,CHEMBU,32,597,05669,628139,KERALA,Kottayam,Vaikom,Chempu,628139,560,32,221424,Chempu,5669,Vaikom,6019,,95.0,3,168.6318892039975,0.679980305,3,587373,6327,VAIKOM,515,Kottayam,594919
189708,MANNANCHERI,32,598,05674,628232,KERALA,Alappuzha,Ambalappuzha,Mannanchery (CT),628232,554,32,220974,Mannanchery,5674,Aryad,5950,,104.0,1,21328.444423306843,19547766.641195316,1,191843,6261,ARYAD,509,Alappuzha,191843
189742,TANNIRMUKKAM SOUTH,32,598,05673,628225,KERALA,Alappuzha,Cherthala,Muhamma (CT),628225,554,32,0,,5673,Kanjikkuzhy,5955,,103.0,1,22382.64336146117,27949950.928854775,1,191877,6266,KANJIKKUZHY,509,Alappuzha,191877
189741,TANNIRMUKKAM NORTH,32,598,05673,628222,KERALA,Alappuzha,Cherthala,Thanneermukkam North(CT),628222,554,32,221007,Kanjikuzhi,5673,Kanjikkuzhy,5955,,103.0,1,26812.03870166101,24507220.7803068,1,191876,6266,KANJIKKUZHY,509,Alappuzha,191876
189744,KOKKOTAMANGALAM,32,598,05673,628223,KERALA,Alappuzha,Cherthala,Kokkothamangalam (CT),628223,554,32,221010,Thanneermukkam,5673,Kanjikkuzhy,5955,,103.0,1,16329.715888684643,11727283.71060508,1,191879,6266,KANJIKKUZHY,509,Alappuzha,191879
189609,NADUVILA,32,597,05669,803295,KERALA,Kottayam,Vaikom,Vaikom (M),803295,560,32,0,,5669,Vaikom,6019,,0.0,1,19433.222102830423,18864199.40219131,1,191744,6327,VAIKOM,515,Kottayam,191744
189733,PALLIPPURAM,32,598,05673,628221,KERALA,Alappuzha,Cherthala,Pallippuram (CT),628221,554,32,221031,Chennampalippuram,5673,Thycattussery,5959,,102.0,1,27633.732309967374,27612705.03809667,1,191868,6270,THYCATTUSSERY,509,Alappuzha,191868
189621,NADUVILA,32,597,05669,628147,KERALA,Kottayam,Vaikom,Naduvile (Part),628147,560,32,0,,5669,Vaikom,6019,,95.0,1,20524.977020337246,15845200.8226701,1,191756,6327,VAIKOM,515,Kottayam,191756
189608,VADAKKEMURI,32,597,05669,628146,KERALA,Kottayam,Vaikom,Vadakkemuri (Part),628146,560,32,221428,Udayanapuram,5669,Vaikom,6019,,95.0,1,17775.494648536922,12420684.788702816,1,191743,6327,VAIKOM,515,Kottayam,191743
189607,KULASEKHARAMANGALAM,32,597,05669,628145,KERALA,Kottayam,Vaikom,Kulasekharamangalam,628145,560,32,221425,Maravanthuruthu,5669,Vaikom,6019,,95.0,1,26360.643270632376,16585024.263281366,1,191742,6327,VAIKOM,515,Kottayam,191742
588493,CHEMBU,32,597,05669,628139,KERALA,Kottayam,Vaikom,Chempu,628139,560,32,221424,Chempu,5669,Vaikom,6019,,95.0,3,23336.391967188672,18022836.24677811,3,587373,6327,VAIKOM,515,Kottayam,594920
189736,CHERTTALA NORTH,32,598,05673,803298,KERALA,Alappuzha,Cherthala,Cherthala (M),803298,554,32,0,,5673,Kanjikkuzhy,5955,,103.0,1,28870.558580490942,20552005.307941183,1,191871,6266,KANJIKKUZHY,509,Alappuzha,191871
189737,KADAKKARAPALLI,32,598,05673,628210,KERALA,Alappuzha,Cherthala,Kadakkarappally,628210,554,32,221024,Kadakkarappally,5673,Pattanakkad,5958,,103.0,1,14347.046124538443,10371782.12457293,1,191872,6269,PATTANAKKAD,509,Alappuzha,191872
189743,VAYALAR EAST,32,598,05673,628220,KERALA,Alappuzha,Cherthala,Vayalar (CT),628220,554,32,221029,Vayalar,5673,Pattanakkad,5958,,103.0,1,19591.212189076796,14365535.336907934,1,191878,6269,PATTANAKKAD,509,Alappuzha,191878
189735,PATTANAKKAD,32,598,05673,628209,KERALA,Alappuzha,Cherthala,Pattanakkad,628209,554,32,221027,Pattanakkad,5673,Pattanakkad,5958,,103.0,1,19023.011584341843,17145278.91043552,1,191870,6269,PATTANAKKAD,509,Alappuzha,191870
189731,TURAVUR SOUTH,32,598,05673,628208,KERALA,Alappuzha,Cherthala,Thuravoor Thekku,628208,554,32,221028,Thuravoor,5673,Pattanakkad,5958,,102.0,1,26652.086510365458,20686807.633419156,1,191866,6269,PATTANAKKAD,509,Alappuzha,191866
189732,KUTTIYATODU,32,598,05673,628219,KERALA,Alappuzha,Cherthala,Kuthiathode (CT),628219,554,32,221026,Kuthiathodu,5673,Pattanakkad,5958,,102.0,1,17790.4216880363,10319205.743323175,1,191867,6269,PATTANAKKAD,509,Alappuzha,191867
189734,TYKKATTUSSERI,32,598,05673,628218,KERALA,Alappuzha,Cherthala,Thaikattussery (CT),628218,554,32,221034,Thaicattussery,5673,Thycattussery,5959,,102.0,1,18901.204703467716,13630625.27131657,1,191869,6270,THYCATTUSSERY,509,Alappuzha,191869
189730,KODAMTURUTTU,32,598,05673,628217,KERALA,Alappuzha,Cherthala,Kodamthuruth (CT),628217,554,32,221025,Kodamthuruthu,5673,Pattanakkad,5958,,102.0,1,21634.829906870684,12766512.47608251,1,191865,6269,PATTANAKKAD,509,Alappuzha,191865
189729,EZHUPUNNA,32,598,05673,628216,KERALA,Alappuzha,Cherthala,Ezhupunna (CT),628216,554,32,221022,Aroor,5673,Pattanakkad,5958,,102.0,1,23471.27858515932,16764755.685554074,1,191864,6269,PATTANAKKAD,509,Alappuzha,191864
189727,ARUKUTTI,32,598,05673,628214,KERALA,Alappuzha,Cherthala,Arookutty (CT),628214,554,32,221030,Arookutty,5673,Thycattussery,5959,,102.0,1,25363.553071049515,11365407.71155024,1,191862,6270,THYCATTUSSERY,509,Alappuzha,191862
189617,MANJUR,32,597,05669,628153,KERALA,Kottayam,Vaikom,Manjoor,628153,560,32,221379,Manjoor,5669,Kaduthuruthy,6012,,94.0,1,18628.135117903654,15878426.30696776,1,191752,6320,KADUTHURUTHY,515,Kottayam,191752
189611,MUTTUCHIRA,32,597,05669,628152,KERALA,Kottayam,Vaikom,Muttuchira,628152,560,32,221377,Kaduthuruthy,5669,Kaduthuruthy,6012,,94.0,1,28826.366851895727,19925842.21335607,1,191746,6320,KADUTHURUTHY,515,Kottayam,191746
189612,KADUTURUTTI,32,597,05669,628143,KERALA,Kottayam,Vaikom,Kaduthuruthy,628143,560,32,221377,Kaduthuruthy,5669,Kaduthuruthy,6012,,94.0,1,26998.937799688018,20176147.28525278,1,191747,6320,KADUTHURUTHY,515,Kottayam,191747
189613,MULAKKULAM,32,597,05669,628141,KERALA,Kottayam,Vaikom,Mulakulam,628141,560,32,221380,Mulakulam,5669,Kaduthuruthy,6012,,94.0,1,25868.522900009735,27561002.60225053,1,191748,6320,KADUTHURUTHY,515,Kottayam,191748
190044,PIRAVAM,32,595,05662,628031,KERALA,Ernakulam,Muvattupuzha,Piravom,628031,555,32,0,,5662,Pampakuda,5969,,85.0,1,29250.47802608403,31538498.54166304,1,192179,6280,PAMPAKUDA,510,Ernakulam,192179
190048,RAMAMANGALAM,32,595,05662,628029,KERALA,Ernakulam,Muvattupuzha,Ramamangalam,628029,555,32,221093,Ramamangalam,5662,Pampakuda,5969,,85.0,1,20297.571992985875,15602900.722863564,1,192183,6280,PAMPAKUDA,510,Ernakulam,192183
189915,AIKKARANAD SOUTH,32,595,05657,627954,KERALA,Ernakulam,Kunnathunad,Aikaranad South,627954,555,32,221108,Poothrikka,5657,Vadavucode,5972,,84.0,1,26864.189715791577,30661709.197243355,1,192050,6283,VADAVUCODE,510,Ernakulam,192050
189914,AIKKARANAD NORTH,32,595,05657,627953,KERALA,Ernakulam,Kunnathunad,Aikaranad North,627953,555,32,221105,Aikkaranad,5657,Vadavucode,5972,,84.0,1,29181.23703240365,20240394.60826604,1,192049,6283,VADAVUCODE,510,Ernakulam,192049
189909,MAZHUVANNUR,32,595,05657,627949,KERALA,Ernakulam,Kunnathunad,Mazhuvannoor,627949,555,32,221107,Mazhuvannoor,5657,Vadavucode,5972,,84.0,1,34236.92129231111,27718005.1430185,1,192044,6283,VADAVUCODE,510,Ernakulam,192044
189910,AYIRAPURAM,32,595,05657,627948,KERALA,Ernakulam,Kunnathunad,Irapuram,627948,555,32,221107,Mazhuvannoor,5657,Vadavucode,5972,,84.0,1,22900.941933402857,22732856.42778468,1,192045,6283,VADAVUCODE,510,Ernakulam,192045
189728,PANAVALLI,32,598,05673,628207,KERALA,Alappuzha,Cherthala,Panavally,628207,554,32,221032,Panavally,5673,Thycattussery,5959,,102.0,1,25774.86692142592,19480684.309486873,1,191863,6270,THYCATTUSSERY,509,Alappuzha,191863
189745,PERUMBALAM,32,598,05673,628206,KERALA,Alappuzha,Cherthala,Perumbalam,628206,554,32,221033,Perumbalam,5673,Thycattussery,5959,,0.0,1,17140.266072634757,14819301.21516297,1,191880,6270,THYCATTUSSERY,509,Alappuzha,191880
189839,AMBALLUR,32,595,05661,628019,KERALA,Ernakulam,Kanayannur,Amballur (CT),628019,555,32,221072,Amballur,5661,Mulanthuruthy,5966,,85.0,1,18443.339517937173,11920309.8587027,1,191974,6277,MULANTHURUTHY,510,Ernakulam,191974
189832,KICHERI,32,595,05661,628006,KERALA,Ernakulam,Kanayannur,Keecherry,628006,555,32,221072,Amballur,5661,Mulanthuruthy,5966,,0.0,1,48995.17421670067,37454554.56974483,1,191967,6277,MULANTHURUTHY,510,Ernakulam,191967
189842,KURIKAD,32,595,05661,628014,KERALA,Ernakulam,Kanayannur,Kureekkad (CT),628014,555,32,221073,Chottanikkara,5661,Mulanthuruthy,5966,,85.0,1,13606.865856526852,5631792.94415723,1,191977,6277,MULANTHURUTHY,510,Ernakulam,191977
189928,TIRUVANIYUR,32,595,05657,627955,KERALA,Ernakulam,Kunnathunad,Thiruvaniyoor,627955,555,32,221109,Thiruvaniyoor,5657,Vadavucode,5972,,84.0,1,34551.4081473897,36113443.45255186,1,192063,6283,VADAVUCODE,510,Ernakulam,192063
189841,TIRUVANKULAM,32,595,05661,628012,KERALA,Ernakulam,Kanayannur,Thiruvankulam (CT),628012,555,32,0,,5661,Mulanthuruthy,5966,,85.0,1,19399.632455769926,10386086.21555848,1,191976,6277,MULANTHURUTHY,510,Ernakulam,191976
189917,PUTTANKURISU,32,595,05657,627963,KERALA,Ernakulam,Kunnathunad,Puthencruz (CT),627963,555,32,221109,Thiruvaniyoor,5657,Vadavucode,5972,,84.0,1,34243.5872534835,29565405.154786214,1,192052,6283,VADAVUCODE,510,Ernakulam,192052
189844,KAKKANAD,32,595,05661,628007,KERALA,Ernakulam,Kanayannur,Kakkanad (CT),628007,555,32,0,,5661,Edappally,5963,,77.0,1,15924.650251519308,11085411.683987245,1,191979,6274,EDAPPALLY,510,Ernakulam,191979
189911,KUNNATNAD,32,595,05657,627962,KERALA,Ernakulam,Kunnathunad,Kunnathunad (CT),627962,555,32,221106,Kunnathunad,5657,Vadavucode,5972,,84.0,1,19204.904608338948,18274762.369056124,1,192046,6283,VADAVUCODE,510,Ernakulam,192046
188934,CHETTIPUZHA,32,597,05671,628191,KERALA,Kottayam,Changanassery,Chethipuzha (CT),628191,560,32,221402,Vazhappally,5671,Madappally,6015,,99.0,1,14633.260970536894,9605405.001088616,1,191064,6323,MADAPPALLY,515,Kottayam,191064
188928,KURICHI,32,597,05671,628181,KERALA,Kottayam,Changanassery,Kurichy,628181,560,32,221397,Kurichy,5671,Madappally,6015,,99.0,1,23372.020224193384,17527696.809075575,1,191058,6323,MADAPPALLY,515,Kottayam,191058
188932,VAKATTANAM,32,597,05671,628180,KERALA,Kottayam,Changanassery,Vakathanam,628180,560,32,221401,Vakathanam,5671,Madappally,6015,,98.0,1,20150.54718146314,15494982.757356845,1,191062,6323,MADAPPALLY,515,Kottayam,191062
189134,PANACHIKAD,32,597,05670,628178,KERALA,Kottayam,Kottayam,Panachikkad (CT),628178,560,32,221406,Panachikkad,5670,Pallom,6016,,97.0,1,29413.902532588952,24612008.745874546,1,191264,6324,PALLOM,515,Kottayam,191264
189141,KOTTAYAM,32,597,05670,803296,KERALA,Kottayam,Kottayam,Kottayam (M),803296,560,32,0,,5670,Pallom,6016,,97.0,1,18776.342602520086,12675961.46945085,1,191272,6324,PALLOM,515,Kottayam,191272
189140,VIJAYAPURAM,32,597,05670,628175,KERALA,Kottayam,Kottayam,Vijayapuram (CT),628175,560,32,221409,Vijayapuram,5670,Pampady,6017,,97.0,1,25261.4492459031,15575172.70826373,1,191271,6325,PAMPADY,515,Kottayam,191271
189145,PERUMBAIKAD,32,597,05670,628174,KERALA,Kottayam,Kottayam,Perumbaikad (CT),628174,560,32,221373,Arpookara,5670,Ettumanoor,6011,,97.0,1,18844.675576371905,15055023.843192974,1,191276,6319,ETTUMANOOR,515,Kottayam,191276
189125,PERUR,32,597,05670,628158,KERALA,Kottayam,Kottayam,Peroor,628158,560,32,0,,5670,Ettumanoor,6011,,96.0,1,15621.20823431298,12407660.805473235,1,191255,6319,ETTUMANOOR,515,Kottayam,191255
189127,ADIRAMPUZHA,32,597,05670,628172,KERALA,Kottayam,Kottayam,Athirampuzha (CT),628172,560,32,221374,Athirampuzha,5670,Ettumanoor,6011,,96.0,1,24371.358304313813,22254842.142906535,1,191257,6319,ETTUMANOOR,515,Kottayam,191257
189126,ETTUMANUR,32,597,05670,628171,KERALA,Kottayam,Kottayam,Ettumanoor (CT),628171,560,32,0,,5670,Ettumanoor,6011,,96.0,1,22114.85595748843,15556451.125635685,1,191256,6319,ETTUMANOOR,515,Kottayam,191256
189124,AYARKUNNAM,32,597,05670,628159,KERALA,Kottayam,Kottayam,Ayarkunnam,628159,560,32,221403,Ayarkkunnam,5670,Pampady,6017,,98.0,1,29076.852400614243,23769852.74162469,1,191254,6325,PAMPADY,515,Kottayam,191254
189235,KIDANGUR,32,597,05668,628131,KERALA,Kottayam,Meenachil,Kidangoor,628131,560,32,221418,Kidangoor,5668,Uzhavoor,6018,,94.0,1,29340.94800078332,29316830.521541834,1,191367,6326,UZHAVOOR,515,Kottayam,191367
189236,ELAKAD,32,597,05668,628130,KERALA,Kottayam,Meenachil,Elackad,628130,560,32,221420,Marangattupilly,5668,Uzhavoor,6018,,94.0,1,26254.17692720983,24348775.967852253,1,191368,6326,UZHAVOOR,515,Kottayam,191368
189250,KURICHITTANAM,32,597,05668,628127,KERALA,Kottayam,Meenachil,Kurichithanam,628127,560,32,221420,Marangattupilly,5668,Uzhavoor,6018,,94.0,1,23920.676516210362,16263012.66274569,1,191382,6326,UZHAVOOR,515,Kottayam,191382
189258,UZHAVUR,32,597,05668,628115,KERALA,Kottayam,Meenachil,Uzhavoor,628115,560,32,221422,Uzhavoor,5668,Uzhavoor,6018,,94.0,1,19600.803382367907,13293150.730964774,1,191390,6326,UZHAVOOR,515,Kottayam,191390
189249,MONIPPALLI,32,597,05668,628114,KERALA,Kottayam,Meenachil,Monippally,628114,560,32,221420,Marangattupilly,5668,Uzhavoor,6018,,94.0,1,23322.723634323134,19267718.638638645,1,191381,6326,UZHAVOOR,515,Kottayam,191381
189259,VELIYANNUR,32,597,05668,628113,KERALA,Kottayam,Meenachil,Veliyannoor,628113,560,32,221423,Veliyannoor,5668,Uzhavoor,6018,,94.0,1,29748.21662291201,19497032.095263336,1,191391,6326,UZHAVOOR,515,Kottayam,191391
190035,KUTTATTUKULAM,32,595,05662,628035,KERALA,Ernakulam,Muvattupuzha,Koothattukulam,628035,555,32,0,,5662,Pampakuda,5969,,85.0,1,25551.285488123078,22697289.545395035,1,192170,6280,PAMPAKUDA,510,Ernakulam,192170
190034,PALAKKUZHA,32,595,05662,628034,KERALA,Ernakulam,Muvattupuzha,Palakkuzha,628034,555,32,221090,Palakuzha,5662,Pampakuda,5969,,86.0,1,23626.90823724143,23151090.867290955,1,192169,6280,PAMPAKUDA,510,Ernakulam,192169
190037,ARAKKUZHA,32,595,05662,628026,KERALA,Ernakulam,Muvattupuzha,Arakuzha,628026,555,32,221077,Arakuzha,5662,Muvattupuzha,5967,,86.0,1,35417.03302018002,28388765.567490816,1,192172,6278,MUVATTUPUZHA,510,Ernakulam,192172
189255,KANAKKARI,32,597,05668,628129,KERALA,Kottayam,Meenachil,Kanakkari,628129,560,32,221417,Kanakkari,5668,Uzhavoor,6018,,94.0,1,31006.085531134184,23592575.25775882,1,191387,6326,UZHAVOOR,515,Kottayam,191387
189616,KOTANALLUR,32,597,05669,628154,KERALA,Kottayam,Vaikom,Kothanalloor,628154,560,32,221379,Manjoor,5669,Kaduthuruthy,6012,,94.0,1,19096.988126512268,14763059.013632355,1,191751,6320,KADUTHURUTHY,515,Kottayam,191751
189256,KURAVILANGAD,32,597,05668,628128,KERALA,Kottayam,Meenachil,Kuravilangad,628128,560,32,221419,Kuravilangad,5668,Uzhavoor,6018,,94.0,1,29098.65830939396,23819930.40932067,1,191388,6326,UZHAVOOR,515,Kottayam,191388
189615,NIZHUR,32,597,05669,628142,KERALA,Kottayam,Vaikom,Njeezhoor,628142,560,32,221381,Njeezhoor,5669,Kaduthuruthy,6012,,94.0,1,33730.61143234731,29169325.04864075,1,191750,6320,KADUTHURUTHY,515,Kottayam,191750
190051,ILANJI,32,595,05662,628036,KERALA,Ernakulam,Muvattupuzha,Elanji,628036,555,32,221087,Elanji,5662,Pampakuda,5969,,85.0,1,30591.961457868074,31149747.2255533,1,192186,6280,PAMPAKUDA,510,Ernakulam,192186
190036,TIRUMARADY,32,595,05662,628033,KERALA,Ernakulam,Muvattupuzha,Thirumarady,628033,555,32,221094,Thirumarady,5662,Pampakuda,5969,,85.0,1,31132.919631603272,31406969.12136432,1,192171,6280,PAMPAKUDA,510,Ernakulam,192171
190045,ONAKKUR,32,595,05662,628032,KERALA,Ernakulam,Muvattupuzha,Onakkoor,628032,555,32,221091,Pampakuda,5662,Pampakuda,5969,,85.0,1,32384.15131132844,19989504.524660897,1,192180,6280,PAMPAKUDA,510,Ernakulam,192180
190049,MEMURI,32,595,05662,628028,KERALA,Ernakulam,Muvattupuzha,Memury,628028,555,32,221091,Pampakuda,5662,Pampakuda,5969,,85.0,1,29523.680379577945,25502997.513248086,1,192184,6280,PAMPAKUDA,510,Ernakulam,192184
190050,MARADI,32,595,05662,803291,KERALA,Ernakulam,Muvattupuzha,Muvattupuzha (M),803291,555,32,0,,5662,Muvattupuzha,5967,,86.0,1,29581.036005003803,25177406.62318234,1,192185,6278,MUVATTUPUZHA,510,Ernakulam,192185
190040,VALAKOM,32,595,05662,628020,KERALA,Ernakulam,Muvattupuzha,Valakam,628020,555,32,221084,Valakom,5662,Muvattupuzha,5967,,86.0,1,24603.93366131695,22744083.611974675,1,192175,6278,MUVATTUPUZHA,510,Ernakulam,192175
189251,VALLICHIRA,32,597,05668,628126,KERALA,Kottayam,Meenachil,Vallichira,628126,560,32,221392,Karoor,5668,Lalam,6014,,93.0,1,26439.11206396642,23570348.990547653,1,191383,6322,LALAM,515,Kottayam,191383
189257,VELLILAPALLI,32,597,05668,628116,KERALA,Kottayam,Meenachil,Vellilappally,628116,560,32,221421,Ramapuram,5668,Lalam,6014,,93.0,1,38130.36383890558,30234357.63086833,1,191389,6322,LALAM,515,Kottayam,191389
189234,RAMAPURAM,32,597,05668,628117,KERALA,Kottayam,Meenachil,Ramapuram,628117,560,32,221421,Ramapuram,5668,Uzhavoor,6018,,93.0,1,31949.72398463816,34816337.9312766,1,191366,6326,UZHAVOOR,515,Kottayam,191366
189562,PURAPPUZHA,32,596,05666,628094,KERALA,Idukki,Thodupuzha,Purapuzha,628094,556,32,221175,Purapuzha,5666,Thodupuzha,5983,,90.0,1,22513.828438803826,21884641.234958626,1,191696,6293,THODUPUZHA,511,Idukki,191696
189561,MANAKKAD,32,596,05666,628093,KERALA,Idukki,Thodupuzha,Manakkad (Part),628093,556,32,221173,Manakkad,5666,Thodupuzha,5983,,90.0,1,26829.746871311865,26809807.999085274,1,191695,6293,THODUPUZHA,511,Idukki,191695
190047,MANJALLUR,32,595,05662,628024,KERALA,Ernakulam,Muvattupuzha,Manjalloor,628024,555,32,221080,Kalloorkkad,5662,Muvattupuzha,5967,,86.0,1,29829.476784398394,24467978.06226812,1,192182,6278,MUVATTUPUZHA,510,Ernakulam,192182
190039,ENANALLUR,32,595,05662,628022,KERALA,Ernakulam,Muvattupuzha,Enanalloor,628022,555,32,221079,Ayavana,5662,Muvattupuzha,5967,,86.0,1,37876.48653975564,34940383.80912786,1,192174,6278,MUVATTUPUZHA,510,Ernakulam,192174
189900,PINDIMANA,32,595,05663,628040,KERALA,Ernakulam,Kothamangalam,Pindimana,628040,555,32,221069,Pindimana,5663,Kothamangalam,5965,,87.0,1,25660.77066244984,23388704.1141515,1,192035,6276,KOTHAMANGALAM,510,Ernakulam,192035
189760,ELAVANCHERI,32,593,05650,627677,KERALA,Palakkad,Chittur,Elavancherry,627677,563,32,221655,Elavancherry,5650,Nemmara,6054,,59.0,1,30028.576490106876,32779804.677270964,1,191895,6362,NEMMARA,518,Palakkad,191895
189771,PALLASSANA,32,593,05650,627670,KERALA,Palakkad,Chittur,Pallassana,627670,563,32,221659,Pallassana,5650,Nemmara,6054,,59.0,1,29801.607749079056,30518881.52315814,1,191906,6362,NEMMARA,518,Palakkad,191906
190038,MUVATTUPUZHA,32,595,05662,628025,KERALA,Ernakulam,Muvattupuzha,Muvattupuzha (Part),628025,555,32,221078,Avoly,5662,Muvattupuzha,5967,,86.0,1,32356.150894691844,21892686.963155296,1,192173,6278,MUVATTUPUZHA,510,Ernakulam,192173
189907,VARAPPATTI,32,595,05663,628047,KERALA,Ernakulam,Kothamangalam,Varappetty,628047,555,32,221071,Varappetty,5663,Kothamangalam,5965,,87.0,1,23980.02073239948,22841181.207392965,1,192042,6276,KOTHAMANGALAM,510,Ernakulam,192042
189897,KOTAMANGALAM,32,595,05663,803292,KERALA,Ernakulam,Kothamangalam,Kothamangalam (M),803292,555,32,0,,5663,Kothamangalam,5965,,87.0,1,44011.0001311453,34834205.438758425,1,192032,6276,KOTHAMANGALAM,510,Ernakulam,192032
189903,IRAMALLUR,32,595,05663,628048,KERALA,Ernakulam,Kothamangalam,Eramalloor (CT),628048,555,32,221066,Nellikkuzhi,5663,Kothamangalam,5965,,87.0,1,25368.307753385292,24495772.806281015,1,192038,6276,KOTHAMANGALAM,510,Ernakulam,192038
189902,TRIKKARIYUR,32,595,05663,628038,KERALA,Ernakulam,Kothamangalam,Thrikkariyoor (Part),628038,555,32,221064,Kottappady,5663,Kothamangalam,5965,,87.0,1,23632.440918771135,17939179.943414465,1,192037,6276,KOTHAMANGALAM,510,Ernakulam,192037
189901,KOTTAPADI,32,595,05663,628039,KERALA,Ernakulam,Kothamangalam,Kottappady,628039,555,32,221064,Kottappady,5663,Kothamangalam,5965,,87.0,1,25183.794263307245,27024233.97568279,1,192036,6276,KOTHAMANGALAM,510,Ernakulam,192036
189918,KOMBANAD,32,595,05657,627942,KERALA,Ernakulam,Kunnathunad,Kombanad,627942,555,32,221061,Vengoor,5657,Koovappady,5964,,74.0,1,32111.042263687457,41964505.37595402,1,192053,6275,KOOVAPPADY,510,Ernakulam,192053
190473,PARIYARAM,32,594,05656,627903,KERALA,Thrissur,Mukundapuram,Pariyaram,627903,566,32,221828,Athirappally,5656,Chalakkudy,6082,,72.0,1,227929.37107931083,723562772.5140755,1,192609,6388,CHALAKKUDY,521,Thrissur,192609
189763,TIRUVAZHIYAD,32,593,05650,627675,KERALA,Palakkad,Chittur,Thiruvazhiyad,627675,563,32,221654,Ayiloor,5650,Nemmara,6054,,59.0,1,29078.193365369123,16838439.91273412,1,191898,6362,NEMMARA,518,Palakkad,191898
189762,NIMARA,32,593,05650,627672,KERALA,Palakkad,Chittur,Nemmara,627672,563,32,221658,Nemmara,5650,Nemmara,6054,,59.0,1,34146.86491027677,17302070.7043003,1,191897,6362,NEMMARA,518,Palakkad,191897
190041,VELLURKUNNAM,32,595,05662,628037,KERALA,Ernakulam,Muvattupuzha,Velloorkunnam (CT),628037,555,32,221083,Paipra,5662,Muvattupuzha,5967,,86.0,1,23044.00613813452,16097884.147868466,1,192176,6278,MUVATTUPUZHA,510,Ernakulam,192176
190042,MULAVUR,32,595,05662,628021,KERALA,Ernakulam,Muvattupuzha,Mulavoor,628021,555,32,221083,Paipra,5662,Muvattupuzha,5967,,86.0,1,27963.802383303988,26488578.851986,1,192177,6278,MUVATTUPUZHA,510,Ernakulam,192177
189929,ASSAMANNUR,32,595,05657,627945,KERALA,Ernakulam,Kunnathunad,Asamannoor,627945,555,32,221056,Asamannoor,5657,Koovappady,5964,,74.0,1,30875.110133883478,22499314.767189644,1,192064,6275,KOOVAPPADY,510,Ernakulam,192064
189919,VENGUR,32,595,05657,627943,KERALA,Ernakulam,Kunnathunad,Vengoor,627943,555,32,221061,Vengoor,5657,Koovappady,5964,,74.0,1,22029.04206298196,15769085.92782704,1,192054,6275,KOOVAPPADY,510,Ernakulam,192054
189696,AYYAMPUZHA,32,595,05658,627967,KERALA,Ernakulam,Aluva,Ayyampuzha,627967,555,32,221045,Ayyampuzha,5658,Angamali,5962,,75.0,1,84507.83463099076,259777694.9981546,1,191831,6273,ANGAMALI,510,Ernakulam,191831
189681,MANGALAMDAM,32,593,05651,627710,KERALA,Palakkad,Alathur,Mangalam Dam,627710,563,32,221614,Vandazhy,5651,Alathur,6047,,60.0,1,32468.439355798477,31096067.71340993,1,191816,6355,ALATHUR,518,Palakkad,191816
189662,KIZHAKKANCHERI-II,32,593,05651,627711,KERALA,Palakkad,Alathur,Kizhakkencheri-II,627711,563,32,221610,Kizhakkancherry,5651,Alathur,6047,,60.0,1,46541.901559217986,61473354.07111124,1,191797,6355,ALATHUR,518,Palakkad,191797
189764,KAIRADI,32,593,05650,627674,KERALA,Palakkad,Chittur,Kairady,627674,563,32,221654,Ayiloor,5650,Nemmara,6054,,59.0,1,25635.330077089122,19197715.34447623,1,191899,6362,NEMMARA,518,Palakkad,191899
189661,VANDAZH-I,32,593,05651,627709,KERALA,Palakkad,Alathur,Vandazhi-I,627709,563,32,221614,Vandazhy,5651,Alathur,6047,,60.0,1,20899.671825540016,16192310.962809885,1,191796,6355,ALATHUR,518,Palakkad,191796
189769,NIMARA,32,593,05650,627673,KERALA,Palakkad,Chittur,Ayiloor,627673,563,32,221654,Ayiloor,5650,Nemmara,6054,,59.0,1,17128.548658550222,8400302.560609056,1,191904,6362,NEMMARA,518,Palakkad,191904
189926,ARAKKAPADI,32,595,05657,627947,KERALA,Ernakulam,Kunnathunad,Arakapady,627947,555,32,221116,Vengola,5657,Vazhakkulam,5973,,74.0,1,22772.376934847664,17812201.515247326,1,192061,6284,VAZHAKKULAM,510,Ernakulam,192061
189920,RAYAMANGALAM,32,595,05657,627946,KERALA,Ernakulam,Kunnathunad,Rayamangalam,627946,555,32,221060,Rayamangalam,5657,Koovappady,5964,,74.0,1,31059.906461119663,30909335.464569356,1,192055,6275,KOOVAPPADY,510,Ernakulam,192055
189925,VENGOLA,32,595,05657,627960,KERALA,Ernakulam,Kunnathunad,Vengola (CT),627960,555,32,221116,Vengola,5657,Vazhakkulam,5973,,74.0,1,22732.69770670929,18457441.74994151,1,192060,6284,VAZHAKKULAM,510,Ernakulam,192060
189921,PERUMBAVUR,32,595,05657,803284,KERALA,Ernakulam,Kunnathunad,Perumbavoor (M),803284,555,32,0,,5657,Koovappady,5964,,74.0,1,20297.011160790014,17130276.905895516,1,192056,6275,KOOVAPPADY,510,Ernakulam,192056
189908,VENGUR WEST,32,595,05657,627944,KERALA,Ernakulam,Kunnathunad,Vengoor West,627944,555,32,221058,Mudakuzha,5657,Koovappady,5964,,74.0,1,26608.774784889847,20458992.42259904,1,192043,6275,KOOVAPPADY,510,Ernakulam,192043
189922,KUVAPPADI,32,595,05657,627956,KERALA,Ernakulam,Kunnathunad,Koovappady (CT),627956,555,32,221057,Koovappady,5657,Koovappady,5964,,74.0,1,25500.326796822224,22515194.98853693,1,192057,6275,KOOVAPPADY,510,Ernakulam,192057
189930,KODANAD,32,595,05657,627941,KERALA,Ernakulam,Kunnathunad,Kodanad,627941,555,32,221057,Koovappady,5657,Koovappady,5964,,74.0,1,21384.88078209347,18251543.43658358,1,192065,6275,KOOVAPPADY,510,Ernakulam,192065
189691,MALAYATTUR,32,595,05658,627969,KERALA,Ernakulam,Aluva,Malayattoor,627969,555,32,221049,Malayattoor Neeleswaram,5658,Angamali,5962,,75.0,1,22023.806744484933,20027144.09168887,1,191826,6273,ANGAMALI,510,Ernakulam,191826
189663,KIZHAKKANCHERI-I,32,593,05651,627712,KERALA,Palakkad,Alathur,Kizhakkencheri-I,627712,563,32,221610,Kizhakkancherry,5651,Alathur,6047,,60.0,1,44170.41977387496,51819102.81205582,1,191798,6355,ALATHUR,518,Palakkad,191798
189682,KIZHAKKANC HERI-II,32,593,05651,,KERALA,Palakkad,Alathur, ,0,563,32,0,,5651,Alathur,6047,,60.0,1,14542.96300423078,4914621.639239645,1,191817,6355,ALATHUR,518,Palakkad,191817
189761,VALLANGI,32,593,05650,627671,KERALA,Palakkad,Chittur,Vallanghy,627671,563,32,221658,Nemmara,5650,Nemmara,6054,,59.0,1,23260.070477236157,19011801.866971277,1,191896,6362,NEMMARA,518,Palakkad,191896
189678,ERIMAYUR-II,32,593,05651,627699,KERALA,Palakkad,Alathur,Erimayur-II,627699,563,32,221607,Erimayur,5651,Alathur,6047,,60.0,1,24201.371822711822,16837969.447753243,1,191813,6355,ALATHUR,518,Palakkad,191813
189665,TENKURUSSI-II,32,593,05651,627692,KERALA,Palakkad,Alathur,Thenkurissi-II,627692,563,32,221635,Thenkurissi,5651,Kuzhalmannam,6051,,60.0,1,27168.483779413546,16793429.779929105,1,191800,6359,KUZHALMANNAM,518,Palakkad,191800
189680,KUZHALMANNAM-I,32,593,05651,627693,KERALA,Palakkad,Alathur,Kuzhalmannam-I,627693,563,32,221632,Kuzhalmannam,5651,Kuzhalmannam,6051,,60.0,1,31764.958862244413,19555587.729946956,1,191815,6359,KUZHALMANNAM,518,Palakkad,191815
189679,TENKURUSSI-I,32,593,05651,627691,KERALA,Palakkad,Alathur,Thenkurissi-I,627691,563,32,221635,Thenkurissi,5651,Kuzhalmannam,6051,,60.0,1,18258.534909129423,14535817.760404365,1,191814,6359,KUZHALMANNAM,518,Palakkad,191814
189664,KUZHALMANNAM-II,32,593,05651,627690,KERALA,Palakkad,Alathur,Kuzhalmannam-II,627690,563,32,221632,Kuzhalmannam,5651,Kuzhalmannam,6051,,60.0,1,29018.838060194474,12512329.694720134,1,191799,6359,KUZHALMANNAM,518,Palakkad,191799
190095,KANNADI-I,32,593,05649,627641,KERALA,Palakkad,Palakkad,Kannadi-II,627641,563,32,221629,Kannadi,5649,Kuzhalmannam,6051,,56.0,1,20218.92492642206,14457501.727344874,1,192231,6359,KUZHALMANNAM,518,Palakkad,192231
189671,MATTUR-II,32,593,05651,627689,KERALA,Palakkad,Alathur,Mathur -II,627689,563,32,221633,Mathur,5651,Kuzhalmannam,6051,,56.0,1,24259.44181772469,13187579.85183231,1,191806,6359,KUZHALMANNAM,518,Palakkad,191806
190101,PIRAYIRI,32,593,05649,627653,KERALA,Palakkad,Palakkad,Pirayiri (CT),627653,563,32,221672,Pirayari,5649,Palakkad,6056,,56.0,1,20388.951683997686,20040461.967805326,1,192237,6364,PALAKKAD,518,Palakkad,192237
190087,PUDUPPARIYARAM-I,32,593,05649,627637,KERALA,Palakkad,Palakkad,Puthuppariyaram-II,627637,563,32,221642,Puduppariyaram,5649,Malampuzha,6052,,56.0,1,9960.329571984385,4482740.73612651,1,192223,6360,MALAMPUZHA,518,Palakkad,192223
189657,VADAKKANCHERI-I,32,593,05651,627706,KERALA,Palakkad,Alathur,Vadakkancheri-I,627706,563,32,221613,Vadakkancheri,5651,Alathur,6047,,57.0,1,28153.18718827823,22534018.81149292,1,191792,6355,ALATHUR,518,Palakkad,191792
189675,VADAKKANCHERI-II,32,593,05651,627707,KERALA,Palakkad,Alathur,Vadakkancheri-II,627707,563,32,221613,Vadakkancheri,5651,Alathur,6047,,57.0,1,20390.342956155786,14096025.11762893,1,191810,6355,ALATHUR,518,Palakkad,191810
189674,KANNAMBRA-II,32,593,05651,627705,KERALA,Palakkad,Alathur,Kannambra-II,627705,563,32,221608,Kannambara,5651,Alathur,6047,,57.0,1,17192.5106679911,8209033.96633815,1,191809,6355,ALATHUR,518,Palakkad,191809
189673,KAVASSERI-II,32,593,05651,627702,KERALA,Palakkad,Alathur,Kavasseri-II,627702,563,32,221609,Kavasery,5651,Alathur,6047,,57.0,1,23927.438865769083,16468219.82837796,1,191808,6355,ALATHUR,518,Palakkad,191808
189651,TARUR-II,32,593,05651,627697,KERALA,Palakkad,Alathur,Tarur-II,627697,563,32,221612,Tarur,5651,Alathur,6047,,57.0,1,31066.338794531886,20605112.062770315,1,191786,6355,ALATHUR,518,Palakkad,191786
189672,TARUR-I,32,593,05651,627696,KERALA,Palakkad,Alathur,Tarur-I,627696,563,32,221612,Tarur,5651,Alathur,6047,,57.0,1,22644.629258403893,14126099.934813324,1,191807,6355,ALATHUR,518,Palakkad,191807
189653,KUTTANUR-II,32,593,05651,627695,KERALA,Palakkad,Alathur,Kuthannur-II,627695,563,32,221631,Kuthanoor,5651,Kuzhalmannam,6051,,57.0,1,20534.7945382314,12334848.50320213,1,191788,6359,KUZHALMANNAM,518,Palakkad,191788
189669,PERINGOTTUKURUSSI-II,32,593,05651,627684,KERALA,Palakkad,Alathur,Peringottukurissi-II,627684,563,32,221634,Peringottukurissi,5651,Kuzhalmannam,6051,,57.0,1,25866.534511101978,22168001.966662046,1,191804,6359,KUZHALMANNAM,518,Palakkad,191804
189668,PERINGOTTUKURUSSI-I,32,593,05651,627685,KERALA,Palakkad,Alathur,Peringottukurissi-I,627685,563,32,221634,Peringottukurissi,5651,Kuzhalmannam,6051,,57.0,1,17394.44213485674,11528959.959713776,1,191803,6359,KUZHALMANNAM,518,Palakkad,191803
190092,MANKARA,32,593,05649,627631,KERALA,Palakkad,Palakkad,Mankara,627631,563,32,221668,Mankara,5649,Palakkad,6056,,53.0,1,25968.943227974614,22471200.833230633,1,192228,6364,PALAKKAD,518,Palakkad,192228
189660,VANDAZH-II,32,593,05651,627708,KERALA,Palakkad,Alathur,Vandazhi-II,627708,563,32,221614,Vandazhy,5651,Alathur,6047,,60.0,1,16396.05483069589,10940394.30981453,1,191795,6355,ALATHUR,518,Palakkad,191795
189677,MELARKODE,32,593,05651,627700,KERALA,Palakkad,Alathur,Melarcode,627700,563,32,221656,Melarcode,5651,Nemmara,6054,,60.0,1,28393.779910362657,26768712.30563854,1,191812,6362,NEMMARA,518,Palakkad,191812
189676,ALATTUR,32,593,05651,627713,KERALA,Palakkad,Alathur,Alathur (CT),627713,563,32,221606,Alathur,5651,Alathur,6047,,60.0,1,27684.093217203615,19203452.35938266,1,191811,6355,ALATHUR,518,Palakkad,191811
189655,ERIMAYUR-I,32,593,05651,627698,KERALA,Palakkad,Alathur,Erimayur-I,627698,563,32,221607,Erimayur,5651,Alathur,6047,,60.0,1,33886.03306606084,18293090.76892549,1,191790,6355,ALATHUR,518,Palakkad,191790
189654,KAVASSERI-I,32,593,05651,627701,KERALA,Palakkad,Alathur,Kavasseri-I,627701,563,32,221609,Kavasery,5651,Alathur,6047,,57.0,1,24579.087367305736,15604735.851921756,1,191789,6355,ALATHUR,518,Palakkad,191789
189652,KUTTANUR-I,32,593,05651,627694,KERALA,Palakkad,Alathur,Kuthannur-I,627694,563,32,221631,Kuthanoor,5651,Kuzhalmannam,6051,,57.0,1,28965.954907820516,26597726.451502707,1,191787,6359,KUZHALMANNAM,518,Palakkad,191787
189670,MATTUR-I,32,593,05651,627688,KERALA,Palakkad,Alathur,Mathur -I,627688,563,32,221633,Mathur,5651,Kuzhalmannam,6051,,56.0,1,20745.46421272175,12214884.583433665,1,191805,6359,KUZHALMANNAM,518,Palakkad,191805
189666,KOTTAYI-II,32,593,05651,627687,KERALA,Palakkad,Alathur,Kottayi-II,627687,563,32,221630,Kottayi,5651,Kuzhalmannam,6051,,57.0,1,19614.596905845712,9976261.50384851,1,191801,6359,KUZHALMANNAM,518,Palakkad,191801
189667,KOTTAYI-I,32,593,05651,627686,KERALA,Palakkad,Alathur,Kottayi-I,627686,563,32,221630,Kottayi,5651,Kuzhalmannam,6051,,57.0,1,14439.844192747498,10795070.693720685,1,191802,6359,KUZHALMANNAM,518,Palakkad,191802
190088,PARALI-II,32,593,05649,627636,KERALA,Palakkad,Palakkad,Parli-II,627636,563,32,221671,Parli,5649,Palakkad,6056,,53.0,1,20532.11174410004,15044513.69105982,1,192224,6364,PALAKKAD,518,Palakkad,192224
189280,PURAMATTAM,32,599,05680,628310,KERALA,Pathanamthitta,Mallappally,Puramattam,628310,564,32,221708,Puramattom,5680,Koipuram,6061,,111.0,1,28172.13525640124,14525504.92187725,1,191412,6369,KOIPURAM,519,Pathanamthitta,191412
189279,KALLUPARA,32,599,05680,628303,KERALA,Pathanamthitta,Mallappally,Kallooppara,628303,564,32,221721,Kallooppara,5680,Mallappally,6064,,111.0,1,23665.82200966745,16677275.52199574,1,191411,6371,MALLAPPALLY,519,Pathanamthitta,191411
189277,MALLAPPALLI,32,599,05680,628304,KERALA,Pathanamthitta,Mallappally,Mallappally,628304,564,32,221726,Mallappally,5680,Mallappally,6064,,111.0,1,30198.84262559572,21192217.897279777,1,191409,6371,MALLAPPALLY,519,Pathanamthitta,191409
189276,ANIKKAD,32,599,05680,628305,KERALA,Pathanamthitta,Mallappally,Anicad,628305,564,32,221720,Anicadu,5680,Mallappally,6064,,111.0,1,23253.340755263936,20512108.88285347,1,191408,6371,MALLAPPALLY,519,Pathanamthitta,191408
188925,NEDUMKUNNAM,32,597,05671,628187,KERALA,Kottayam,Changanassery,Nedumkunnam,628187,560,32,221396,Karukachal,5671,Vazhoor,6020,,100.0,1,24957.090135803406,25871666.415134005,1,191055,6328,VAZHOOR,515,Kottayam,191055
189138,KUROPPADA,32,597,05670,628163,KERALA,Kottayam,Kottayam,Kooroppada,628163,560,32,221412,Kooroppada,5670,Pampady,6017,,98.0,1,33425.37142233448,28572329.119325574,1,191268,6325,PAMPADY,515,Kottayam,191268
189123,AGALAKUNNAM,32,597,05670,628160,KERALA,Kottayam,Kottayam,Akalakunnam,628160,560,32,221410,Akalakunnam,5670,Pampady,6017,,98.0,1,26354.277958185423,23659772.42743992,1,191253,6325,PAMPADY,515,Kottayam,191253
189238,MINACHIL,32,597,05668,628133,KERALA,Kottayam,Meenachil,Meenachil (Part),628133,560,32,221393,Kozhuvanal,5668,Lalam,6014,,93.0,1,28031.710152470314,25403055.90189585,1,191370,6322,LALAM,515,Kottayam,191370
189237,PULIVANNUR,32,597,05668,628132,KERALA,Kottayam,Meenachil,Puliyannoor (Part),628132,560,32,221393,Kozhuvanal,5668,Lalam,6014,,93.0,1,35458.95398123699,22064234.50516627,1,191369,6322,LALAM,515,Kottayam,191369
189240,LALAM,32,597,05668,803294,KERALA,Kottayam,Meenachil,Palai (M),803294,560,32,0,,5668,Lalam,6014,,93.0,1,31963.31557078466,28165278.14677676,1,191372,6322,LALAM,515,Kottayam,191372
189282,KOTTANGAL,32,599,05680,628306,KERALA,Pathanamthitta,Mallappally,Kottangal,628306,564,32,221724,Kottangal,5680,Mallappally,6064,,112.0,1,31617.37563140291,24647357.124957155,1,191414,6371,MALLAPPALLY,519,Pathanamthitta,191414
188931,VELLAVUR,32,597,05671,628190,KERALA,Kottayam,Changanassery,Vellavoor,628190,560,32,221434,Vellavoor,5671,Vazhoor,6020,,100.0,1,28169.820382584916,24124019.41398771,1,191061,6328,VAZHOOR,515,Kottayam,191061
188924,KANGAZHA,32,597,05671,628189,KERALA,Kottayam,Changanassery,Kangazha,628189,560,32,221431,Kangazha,5671,Vazhoor,6020,,100.0,1,25252.48924301233,27334626.39291454,1,191054,6328,VAZHOOR,515,Kottayam,191054
188930,VAZHUR,32,597,05671,628188,KERALA,Kottayam,Changanassery,Vazhoor,628188,560,32,221431,Kangazha,5671,Vazhoor,6020,,100.0,1,31855.725711513816,30819612.645626366,1,191060,6328,VAZHOOR,515,Kottayam,191060
189139,ANIKAD,32,597,05670,628162,KERALA,Kottayam,Kottayam,Anikkad,628162,560,32,221414,Pallikkathode,5670,Pampady,6017,,100.0,1,28256.128134979273,24165271.63064877,1,191269,6325,PAMPADY,515,Kottayam,191269
189002,ELAMKULAM,32,597,05672,628199,KERALA,Kottayam,Kanjirappally,Elamgulam,628199,560,32,221411,Elikulam,5672,Pampady,6017,,93.0,1,25921.87075157623,21184424.37655098,1,191132,6325,PAMPADY,515,Kottayam,191132
189146,CHENGALAM EAST,32,597,05670,628161,KERALA,Kottayam,Kottayam,Chengalam East,628161,560,32,221410,Akalakunnam,5670,Pampady,6017,,98.0,1,20929.81756026179,12285934.2244504,1,191277,6325,PAMPADY,515,Kottayam,191277
189012,ELIKULAM,32,597,05672,628198,KERALA,Kottayam,Kanjirappally,Elikkulam,628198,560,32,221411,Elikulam,5672,Pampady,6017,,93.0,1,23706.427268489646,21051713.269875877,1,191142,6325,PAMPADY,515,Kottayam,191142
189239,PUVARANI,32,597,05668,628134,KERALA,Kottayam,Meenachil,Poovarany,628134,560,32,221394,Meenachil,5668,Lalam,6014,,93.0,1,31515.792461589594,30614129.132237114,1,191371,6322,LALAM,515,Kottayam,191371
189253,BHARANANGANAM,32,597,05668,628124,KERALA,Kottayam,Meenachil,Bharananganam,628124,560,32,221390,Bharananganam,5668,Lalam,6014,,93.0,1,34113.090548801614,31250960.84071893,1,191385,6322,LALAM,515,Kottayam,191385
189252,KADANAD,32,597,05668,628118,KERALA,Kottayam,Meenachil,Kadanad,628118,560,32,221391,Kadanad,5668,Lalam,6014,,93.0,1,31628.40689237982,32505745.649294876,1,191384,6322,LALAM,515,Kottayam,191384
189554,MUTTAM,32,596,05666,628096,KERALA,Idukki,Thodupuzha,Muttom,628096,556,32,221174,Muttom,5666,Thodupuzha,5983,,90.0,1,22746.35216973838,24536083.07108342,1,191688,6293,THODUPUZHA,511,Idukki,191688
189563,KARIMKUNNAM,32,596,05666,628095,KERALA,Idukki,Thodupuzha,Karimkunnam (Part),628095,556,32,221171,Karimkunnam,5666,Thodupuzha,5983,,90.0,1,28008.668816896392,25509303.233586896,1,191697,6293,THODUPUZHA,511,Idukki,191697
189553,TODUPUZHA,32,596,05666,803293,KERALA,Idukki,Thodupuzha,Thodupuzha (M),803293,556,32,0,,5666,Thodupuzha,5983,,90.0,1,34622.255554103256,21573500.668251425,1,191687,6293,THODUPUZHA,511,Idukki,191687
189552,KUMARAMANGALAM,32,596,05666,628084,KERALA,Idukki,Thodupuzha,Kumaramangalam (Part),628084,556,32,221172,Kumaramangalam,5666,Thodupuzha,5983,,90.0,1,33177.920670663036,24482009.354773317,1,191686,6293,THODUPUZHA,511,Idukki,191686
190046,KALLURKAD,32,595,05662,628023,KERALA,Ernakulam,Muvattupuzha,Kalloorkkad,628023,555,32,221080,Kalloorkkad,5662,Muvattupuzha,5967,,86.0,1,28423.44051607371,27275324.58873366,1,192181,6278,MUVATTUPUZHA,510,Ernakulam,192181
189906,KADAVUR,32,595,05663,628045,KERALA,Ernakulam,Kothamangalam,Kedavoor,628045,555,32,221067,Paingottur,5663,Kothamangalam,5965,,86.0,1,29652.500208347494,30918664.903884657,1,192041,6276,KOTHAMANGALAM,510,Ernakulam,192041
189896,POTTANIKAD,32,595,05663,628046,KERALA,Ernakulam,Kothamangalam,Pothanikkad,628046,555,32,221070,Pothanikkad,5663,Kothamangalam,5965,,86.0,1,32220.109859846605,25726286.07979012,1,192031,6276,KOTHAMANGALAM,510,Ernakulam,192031
189898,KUTTAMANGALAM,32,595,05663,628043,KERALA,Ernakulam,Kothamangalam,Kuttamangalam,628043,555,32,221062,Kavalangad,5663,Kothamangalam,5965,,87.0,1,33876.07666991493,26733558.625645984,1,192033,6276,KOTHAMANGALAM,510,Ernakulam,192033
189899,KIRAMPARA,32,595,05663,628042,KERALA,Ernakulam,Kothamangalam,Keerampara,628042,555,32,221063,Keerampara,5663,Kothamangalam,5965,,87.0,1,46447.26467088575,34716209.04330319,1,192034,6276,KOTHAMANGALAM,510,Ernakulam,192034
189243,PUNJAR NADUBHAGAM,32,597,05668,628137,KERALA,Kottayam,Meenachil,Poonjar Nadubhagam,628137,560,32,221366,Poonjar,5668,Erattupetta,6010,,101.0,1,28027.518228625304,15500749.62944408,1,191375,6318,ERATTUPETTA,515,Kottayam,191375
189244,TIKOY,32,597,05668,628122,KERALA,Kottayam,Meenachil,Teekoy,628122,560,32,221368,Teekoy,5668,Erattupetta,6010,,101.0,1,48637.51721100395,36285997.34214879,1,191376,6318,ERATTUPETTA,515,Kottayam,191376
189245,PUNJAR VADAKKEKARA,32,597,05668,628121,KERALA,Kottayam,Meenachil,Thalanadu,628121,560,32,221368,Teekoy,5668,Erattupetta,6010,,93.0,1,37373.909075605734,35901774.93504844,1,191377,6318,ERATTUPETTA,515,Kottayam,191377
189560,ELAPPALLI,32,596,05666,628102,KERALA,Idukki,Thodupuzha,Elappally,628102,556,32,221150,Arakulam,5666,Idukki,5980,,91.0,1,24959.06471931634,24186748.311549805,1,191694,6290,IDUKKI,511,Idukki,191694
189558,ARAKKULAM,32,596,05666,628100,KERALA,Idukki,Thodupuzha,Arakkulam,628100,556,32,221150,Arakulam,5666,Idukki,5980,,91.0,1,31991.395494558143,37095272.39208458,1,191692,6290,IDUKKI,511,Idukki,191692
189548,VILLIYAMATTAM,32,596,05666,628098,KERALA,Idukki,Thodupuzha,Velliyamattom,628098,556,32,221146,Kudayathoor,5666,Elemdesam,5979,,90.0,1,30507.773594692208,41234136.93090607,1,191682,6289,ELEMDESAM,511,Idukki,191682
189549,UDUMBANNUR,32,596,05666,628088,KERALA,Idukki,Thodupuzha,Udumbannoor,628088,556,32,221147,Udumbanoor,5666,Elemdesam,5979,,90.0,1,48623.60494093658,82353667.23645152,1,191683,6289,ELEMDESAM,511,Idukki,191683
189550,NEYYASSERI,32,596,05666,628089,KERALA,Idukki,Thodupuzha,Neyyasseri,628089,556,32,221144,Karimannoor,5666,Elemdesam,5979,,90.0,1,28815.63600836924,22078284.051588506,1,191684,6289,ELEMDESAM,511,Idukki,191684
189557,VANNAPPURAM,32,596,05666,628086,KERALA,Idukki,Thodupuzha,Vannapuram,628086,556,32,221148,Vannapuram,5666,Elemdesam,5979,,90.0,1,42666.43852162074,73335065.91487756,1,191691,6289,ELEMDESAM,511,Idukki,191691
393801,RF,33,632,05900,,TAMIL NADU,Coimbatore,Valparai, ,0,569,33,0,,5900,Anamalai,6101,,124.0,1,74181.04793578728,101521214.41113706,1,399136,6406,ANAIMALAI,523,Coimbatore,399136
189241,TALAPPALAM,32,597,05668,628123,KERALA,Kottayam,Meenachil,Thalappalam,628123,560,32,221364,Melukavu,5668,Erattupetta,6010,,93.0,1,26166.45978509987,19560315.10014069,1,191373,6318,ERATTUPETTA,515,Kottayam,191373
189246,MUNNILAVU,32,597,05668,628120,KERALA,Kottayam,Meenachil,Moonilavu,628120,560,32,221365,Moonilavu,5668,Erattupetta,6010,,93.0,1,29388.019708634652,35011416.83261482,1,191378,6318,ERATTUPETTA,515,Kottayam,191378
189254,MELUKAVU,32,597,05668,628119,KERALA,Kottayam,Meenachil,Melukavu,628119,560,32,221364,Melukavu,5668,Erattupetta,6010,,93.0,1,27302.904243409932,27270569.29178625,1,191386,6318,ERATTUPETTA,515,Kottayam,191386
189555,KUDAYATTUR,32,596,05666,628101,KERALA,Idukki,Thodupuzha,Kudayathoor,628101,556,32,221146,Kudayathoor,5666,Elemdesam,5979,,91.0,1,23050.4291962296,22547715.25882445,1,191689,6289,ELEMDESAM,511,Idukki,191689
189547,ALAKKODU,32,596,05666,628097,KERALA,Idukki,Thodupuzha,Alacode,628097,556,32,221143,Alakkode,5666,Elemdesam,5979,,90.0,1,28758.55093045026,30827795.5631087,1,191681,6289,ELEMDESAM,511,Idukki,191681
189556,KARIKODE,32,596,05666,628091,KERALA,Idukki,Thodupuzha,Karikkode (Part),628091,556,32,221170,Edavetty,5666,Thodupuzha,5983,,90.0,1,25591.352720939132,20564452.8213139,1,191690,6293,THODUPUZHA,511,Idukki,191690
189559,KARIMANNUR,32,596,05666,628090,KERALA,Idukki,Thodupuzha,Karimannoor,628090,556,32,221143,Alakkode,5666,Elemdesam,5979,,90.0,1,26761.629847708213,24576545.80097441,1,191693,6289,ELEMDESAM,511,Idukki,191693
189551,KODIKULAM,32,596,05666,628085,KERALA,Idukki,Thodupuzha,Kodikulam,628085,556,32,221145,Kodikulam,5666,Elemdesam,5979,,90.0,1,28408.93893977504,28843641.008348864,1,191685,6289,ELEMDESAM,511,Idukki,191685
189905,NERIYAMANGALAM,32,595,05663,628044,KERALA,Ernakulam,Kothamangalam,Neriamangalam,628044,555,32,221062,Kavalangad,5663,Kothamangalam,5965,,87.0,1,51964.9797997859,54798938.03516959,1,192040,6276,KOTHAMANGALAM,510,Ernakulam,192040
189767,MUTALAMADA-I,32,593,05650,627680,KERALA,Palakkad,Chittur,Muthalamada-I,627680,563,32,221626,Muthalamada,5650,Kollengode,6050,,59.0,1,95983.17263982618,232737767.96096817,1,191902,6358,KOLLENGODE,518,Palakkad,191902
189768,NELLIYAMPATI,32,593,05650,627676,KERALA,Palakkad,Chittur,Nelliyampathy,627676,563,32,221657,Nelliampathy,5650,Nemmara,6054,,59.0,1,149733.97453435505,406844794.7798935,1,191903,6362,NEMMARA,518,Palakkad,191903
189765,KOLLANGOD-II,32,593,05650,627678,KERALA,Palakkad,Chittur,Kollengode-II,627678,563,32,221625,Kollengode,5650,Kollengode,6050,,59.0,1,32401.84885147161,27356520.51683407,1,191900,6358,KOLLENGODE,518,Palakkad,191900
189775,KOLLANGOD-I,32,593,05650,627679,KERALA,Palakkad,Chittur,Kollengode-I,627679,563,32,221625,Kollengode,5650,Kollengode,6050,,59.0,1,22957.02296019606,18200462.26357081,1,191910,6358,KOLLENGODE,518,Palakkad,191910
189773,VADAVANNUR,32,593,05650,627669,KERALA,Palakkad,Chittur,Vadavannur,627669,563,32,221628,Vadavannur,5650,Kollengode,6050,,59.0,1,26718.717559542365,17252490.70532125,1,191908,6358,KOLLENGODE,518,Palakkad,191908
189759,TATTAMANGALAM,32,593,05650,627655,KERALA,Palakkad,Chittur,Thathamangalam (Part),627655,563,32,221621,Pattencherry,5650,Chittur,6049,,58.0,1,28587.87946918671,18001797.92198932,1,191894,6357,CHITTUR,518,Palakkad,191894
190082,POLPULLI,32,593,05649,627644,KERALA,Palakkad,Palakkad,Polpully,627644,563,32,221641,Polpully,5649,Malampuzha,6052,,58.0,1,26141.905882064646,19795504.38373665,1,192218,6360,MALAMPUZHA,518,Palakkad,192218
190083,KODUMBA,32,593,05649,627642,KERALA,Palakkad,Palakkad,Kodumba,627642,563,32,221666,Kodumba,5649,Palakkad,6056,,55.0,1,27442.854186694873,19538239.793455616,1,192219,6364,PALAKKAD,518,Palakkad,192219
190080,ELAPPULLI -II,32,593,05649,627645,KERALA,Palakkad,Palakkad,Elappully-II,627645,563,32,221637,Elappully,5649,Malampuzha,6052,,55.0,1,27779.72833743716,15681085.785889115,1,192216,6360,MALAMPUZHA,518,Palakkad,192216
190099,MARUTAROD,32,593,05649,627652,KERALA,Palakkad,Palakkad,Marutharode (CT),627652,563,32,221639,Marutharode,5649,Malampuzha,6052,,55.0,1,17748.321070925685,9129470.915558685,1,192235,6360,MALAMPUZHA,518,Palakkad,192235
190079,PUDUSSERI WEST,32,593,05649,627651,KERALA,Palakkad,Palakkad,Pudussery West (CT),627651,563,32,221643,Pudusseri,5649,Malampuzha,6052,,55.0,1,23692.861151495017,18391220.952948917,1,192215,6360,MALAMPUZHA,518,Palakkad,192215
189766,MUTALAMADA-II,32,593,05650,627681,KERALA,Palakkad,Chittur,Muthalamada-II,627681,563,32,221626,Muthalamada,5650,Kollengode,6050,,59.0,1,35895.98019076687,26032368.60336824,1,191901,6358,KOLLENGODE,518,Palakkad,191901
189757,PATTANCHERI,32,593,05650,627668,KERALA,Palakkad,Chittur,Pattanchery,627668,563,32,221621,Pattencherry,5650,Chittur,6049,,58.0,1,30283.95464860881,20920046.83927905,1,191892,6357,CHITTUR,518,Palakkad,191892
189756,PERUMATTI,32,593,05650,627666,KERALA,Palakkad,Chittur,Perumatty,627666,563,32,221622,Perumatty,5650,Chittur,6049,,58.0,1,20243.40693184369,20640106.161962654,1,191891,6357,CHITTUR,518,Palakkad,191891
189758,VANDITAVALAM,32,593,05650,627667,KERALA,Palakkad,Chittur,Vandithavalam,627667,563,32,221622,Perumatty,5650,Chittur,6049,,58.0,1,16803.234158011655,15260690.405797765,1,191893,6357,CHITTUR,518,Palakkad,191893
189754,CHTTUR,32,593,05650,803276,KERALA,Palakkad,Chittur,Chittur-Thathamangalam (M),803276,563,32,0,,5650,Chittur,6049,,58.0,1,21156.971673151802,15704578.02695753,1,191889,6357,CHITTUR,518,Palakkad,191889
189753,TEKKEDESAM,32,593,05650,627657,KERALA,Palakkad,Chittur,Thekkedesom,627657,563,32,221620,Nalleppilly,5650,Chittur,6049,,58.0,1,23394.358607727947,22625014.80526104,1,191888,6357,CHITTUR,518,Palakkad,191888
190100,ELAPPULLI -II,32,593,05649,627645,KERALA,Palakkad,Palakkad,Elappully-II,627645,563,32,221637,Elappully,5649,Malampuzha,6052,,55.0,1,23188.99359944092,9594196.52830967,1,192236,6360,MALAMPUZHA,518,Palakkad,192236
189749,NALLEPILLI,32,593,05650,627658,KERALA,Palakkad,Chittur,Nalleppilly,627658,563,32,221620,Nalleppilly,5650,Chittur,6049,,58.0,1,24847.71940329164,12493394.15626189,1,191884,6357,CHITTUR,518,Palakkad,191884
190081,ELAPPULLI -I,32,593,05649,627646,KERALA,Palakkad,Palakkad,Elappully-I,627646,563,32,221637,Elappully,5649,Malampuzha,6052,,55.0,1,45788.47245145197,26923773.30492363,1,192217,6360,MALAMPUZHA,518,Palakkad,192217
190085,PUDUSSERI CENTRAL,32,593,05649,627650,KERALA,Palakkad,Palakkad,Pudussery Central (CT),627650,563,32,221643,Pudusseri,5649,Malampuzha,6052,,55.0,1,27779.85062322198,23971824.267963566,1,192221,6360,MALAMPUZHA,518,Palakkad,192221
189770,KODUVAYUR-II,32,593,05650,627654,KERALA,Palakkad,Chittur,Koduvayur-II,627654,563,32,221624,Koduvayur,5650,Kollengode,6050,,59.0,1,18819.22751479893,11652316.6928199,1,191905,6358,KOLLENGODE,518,Palakkad,191905
189772,PUNDUNAGARAM,32,593,05650,627683,KERALA,Palakkad,Chittur,Puthunagaram (CT),627683,563,32,221627,Puthunagaram,5650,Kollengode,6050,,59.0,1,19444.69551090703,11534539.480865706,1,191907,6358,KOLLENGODE,518,Palakkad,191907
189774,KODUVAYUR-I,32,593,05650,627682,KERALA,Palakkad,Chittur,Koduvayur 1,627682,563,32,221624,Koduvayur,5650,Kollengode,6050,,59.0,1,16717.50341965582,8883333.629491534,1,191909,6358,KOLLENGODE,518,Palakkad,191909
190094,PERUVEMBA,32,593,05649,627643,KERALA,Palakkad,Palakkad,Peruvemba,627643,563,32,221640,Peruvemba,5649,Malampuzha,6052,,58.0,1,33248.52069948098,21934560.08365153,1,192230,6360,MALAMPUZHA,518,Palakkad,192230
190084,KANNADI-II,32,593,05649,627640,KERALA,Palakkad,Palakkad,Kannadi-I,627640,563,32,221629,Kannadi,5649,Palakkad,6056,,56.0,1,25064.10591438401,11509755.149725875,1,192220,6364,PALAKKAD,518,Palakkad,192220
190086,PALAKKAD MUNICIPALITY,32,593,05649,803275,KERALA,Palakkad,Palakkad,Palakkad (M),803275,563,32,0,,5649,Palakkad,6056,,56.0,1,27271.118966636775,27826652.38529525,1,192222,6364,PALAKKAD,518,Palakkad,192222
190076,AKATTETTARA,32,593,05649,627649,KERALA,Palakkad,Palakkad,Akathethara,627649,563,32,221636,Akathethara,5649,Malampuzha,6052,,55.0,1,22970.88002967249,20842737.419911504,1,192212,6360,MALAMPUZHA,518,Palakkad,192212
190077,MALAMPUZHA-I,32,593,05649,627638,KERALA,Palakkad,Palakkad,Malampuzha-I,627638,563,32,221638,Malampuzha,5649,Malampuzha,6052,,55.0,1,59785.186184443344,97937777.30661052,1,192213,6360,MALAMPUZHA,518,Palakkad,192213
190013,SHOLAYUR,32,593,05648,,KERALA,Palakkad,Mannarkad, ,0,563,32,0,,5648,Attappadi,6048,,54.0,1,39014.16540997468,66623424.60113014,1,192148,6356,ATTAPPADI,518,Palakkad,192148
190016,AGALI,32,593,05648,627611,KERALA,Palakkad,Mannarkad,Agali,627611,563,32,221615,Agali,5648,Attappadi,6048,,54.0,1,63327.64175634141,82228697.039311,1,192151,6356,ATTAPPADI,518,Palakkad,192151
190078,PUDUSSERI EAST,32,593,05649,627647,KERALA,Palakkad,Palakkad,Pudussery East,627647,563,32,221643,Pudusseri,5649,Malampuzha,6052,,55.0,1,61360.28112207422,103449826.37754174,1,192214,6360,MALAMPUZHA,518,Palakkad,192214
395930,RESERVED  FOREST,33,632,05898,,TAMIL NADU,Coimbatore,Coimbatore South, ,0,569,33,0,,5898,Thondamuthur,6117,,119.0,1,111044.79982002206,134267843.54623505,1,401282,6422,THONDAMUTHUR,523,Coimbatore,401282
396125,BOLUVAMPATTI RF,33,632,05898,644466,TAMIL NADU,Coimbatore,Coimbatore South,Boluvampatti (Block I),644466,569,33,0,,5898,Thondamuthur,6117,,119.0,1,55320.20973560463,58177112.28420319,1,401478,6422,THONDAMUTHUR,523,Coimbatore,401478
396753,ALAMARAMEDU,33,632,05897,644441,TAMIL NADU,Coimbatore,Coimbatore North,Anaikatti (South),644441,569,33,0,,5897,Periyanayakkanpalayam,6110,,117.0,1,110926.29915913334,166822654.3315999,1,402108,6415,P.N.PALAYAM,523,Coimbatore,402108
189726,ARUR,32,598,05673,628215,KERALA,Alappuzha,Cherthala,Aroor (CT),628215,554,32,221022,Aroor,5673,Pattanakkad,5958,,102.0,1,18455.96344952118,15453024.255985806,1,191861,6269,PATTANAKKAD,509,Alappuzha,191861
189836,KUMBALAM,32,595,05661,628016,KERALA,Ernakulam,Kanayannur,Kumbalam (CT),628016,555,32,221124,Kumbalam,5661,Mulanthuruthy,5966,,0.0,1,21807.173269713123,20966638.81683873,1,191971,6277,MULANTHURUTHY,510,Ernakulam,191971
189833,THEKKUMBHAGAM,32,595,05661,803290,KERALA,Ernakulam,Kanayannur,Thrippunithura (M),803290,555,32,0,,5661,Mulanthuruthy,5966,,81.0,1,12238.330932021134,6926936.88444346,1,191968,6277,MULANTHURUTHY,510,Ernakulam,191968
189830,MARADU,32,595,05661,628015,KERALA,Ernakulam,Kanayannur,Maradu (CT),628015,555,32,0,,5661,Mulanthuruthy,5966,,81.0,1,17865.722863381467,14153314.03074952,1,191965,6277,MULANTHURUTHY,510,Ernakulam,191965
189831,ELANKULAM,32,595,05661,803290,KERALA,Ernakulam,Kanayannur,Thrippunithura (M),803290,555,32,0,,5661,Mulanthuruthy,5966,,83.0,1,25424.625159738156,12296811.541658575,1,191966,6277,MULANTHURUTHY,510,Ernakulam,191966
189828,NADAMEL,32,595,05661,803290,KERALA,Ernakulam,Kanayannur,Thrippunithura (M),803290,555,32,0,,5661,Mulanthuruthy,5966,,81.0,1,19277.153040335594,12983090.547608854,1,191963,6277,MULANTHURUTHY,510,Ernakulam,191963
189829,PUNITTURA,32,595,05661,628002,KERALA,Ernakulam,Kanayannur,Thrikkakara North (Part),628002,555,32,0,,5661,Mulanthuruthy,5966,,83.0,1,17237.662570376317,8251746.370698935,1,191964,6277,MULANTHURUTHY,510,Ernakulam,191964
189824,EDAPPALLI SOUTH,32,595,05661,803290,KERALA,Ernakulam,Kanayannur,Thrippunithura (M),803290,555,32,0,,5661,Edappally,5963,,83.0,1,25433.89583248013,10261361.895049455,1,191959,6274,EDAPPALLY,510,Ernakulam,191959
189843,VAZHAKKALA,32,595,05661,628008,KERALA,Ernakulam,Kanayannur,Vazhakkala (CT),628008,555,32,0,,5661,Edappally,5963,,83.0,1,20214.54939291139,17243358.661972556,1,191978,6274,EDAPPALLY,510,Ernakulam,191978
189825,EDAPPALLI VADAKKUMBHAGAM,32,595,05661,803290,KERALA,Ernakulam,Kanayannur,Thrippunithura (M),803290,555,32,0,,5661,Edappally,5963,,83.0,1,12769.121323646174,6096595.03549067,1,191960,6274,EDAPPALLY,510,Ernakulam,191960
189614,VELLUR,32,597,05669,628140,KERALA,Kottayam,Vaikom,Velloor,628140,560,32,221383,Velloor,5669,Kaduthuruthy,6012,,95.0,1,22715.19954287876,19521781.61784609,1,191749,6320,KADUTHURUTHY,515,Kottayam,191749
189840,KAIPATTUR,32,595,05661,628004,KERALA,Ernakulam,Kanayannur,Kaippattur,628004,555,32,221074,Edakkattuvayal,5661,Mulanthuruthy,5966,,85.0,1,16272.636264130295,8206253.74377671,1,191975,6277,MULANTHURUTHY,510,Ernakulam,191975
189834,EDAKKATTUVAYAL,32,595,05661,628003,KERALA,Ernakulam,Kanayannur,Edakkattuvayal,628003,555,32,221074,Edakkattuvayal,5661,Mulanthuruthy,5966,,85.0,1,28196.282039259637,18853041.987256885,1,191969,6277,MULANTHURUTHY,510,Ernakulam,191969
189835,MULAMTURUTTI,32,595,05661,628018,KERALA,Ernakulam,Kanayannur,Mulamthuruthy (CT),628018,555,32,221075,Mulumthuruthy,5661,Mulanthuruthy,5966,,85.0,1,25990.11085483534,23112406.861880854,1,191970,6277,MULANTHURUTHY,510,Ernakulam,191970
190043,MANID,32,595,05662,628030,KERALA,Ernakulam,Muvattupuzha,Maneed,628030,555,32,221089,Maneed,5662,Pampakuda,5969,,85.0,1,25391.56822259708,26047063.058843207,1,192178,6280,PAMPAKUDA,510,Ernakulam,192178
189916,VADAVUKOD,32,595,05657,627952,KERALA,Ernakulam,Kunnathunad,Vadavukode,627952,555,32,221110,Vadavucode Puthen Cruz,5657,Vadavucode,5972,,84.0,1,7648.097475834023,2495118.189293215,1,192051,6283,VADAVUCODE,510,Ernakulam,192051
189913,PATTIMATTAM,32,595,05657,627950,KERALA,Ernakulam,Kunnathunad,Pattimattom,627950,555,32,221105,Aikkaranad,5657,Vadavucode,5972,,84.0,1,24933.41445919819,26283991.574845813,1,192048,6283,VADAVUCODE,510,Ernakulam,192048
189927,VAZHAKKULAM,32,595,05657,627959,KERALA,Ernakulam,Kunnathunad,Vazhakulam (CT),627959,555,32,221115,Vazhakkulam,5657,Vazhakkulam,5973,,84.0,1,18189.905660097156,13523451.28902945,1,192062,6284,VAZHAKKULAM,510,Ernakulam,192062
189924,MARAMPILLI,32,595,05657,627958,KERALA,Ernakulam,Kunnathunad,Marampilly(CT),627958,555,32,221115,Vazhakkulam,5657,Vazhakkulam,5973,,84.0,1,16541.946619134204,9754563.87641317,1,192059,6284,VAZHAKKULAM,510,Ernakulam,192059
189699,TEKKUMBHAGAM,32,595,05658,627978,KERALA,Ernakulam,Aluva,Thekkumbhagom (CT),627978,555,32,221052,Sreemoolanagaram,5658,Angamali,5962,,76.0,1,10426.720411874121,6651890.76454017,1,191834,6273,ANGAMALI,510,Ernakulam,191834
189912,KIZHAKKAMBALAM,32,595,05657,627951,KERALA,Ernakulam,Kunnathunad,Kizhakkambalam,627951,555,32,221114,Kizhakkambalam,5657,Vazhakkulam,5973,,84.0,1,21456.93130950655,18719761.63406848,1,192047,6284,VAZHAKKULAM,510,Ernakulam,192047
189686,ALUVA EAST,32,595,05658,627979,KERALA,Ernakulam,Aluva,Edathala (CT),627979,555,32,0,,5658,Alangad,5961,,76.0,1,32927.19595321541,39977840.1456332,1,191821,6272,ALANGAD,510,Ernakulam,191821
189684,CHENGAMANAD,32,595,05658,627976,KERALA,Ernakulam,Aluva,Chengamanad (CT),627976,555,32,221095,Chengamanad,5658,Alangad,5961,,76.0,1,17755.113944282515,13800316.114311196,1,191819,6272,ALANGAD,510,Ernakulam,191819
189685,CHOVVARA,32,595,05658,627974,KERALA,Ernakulam,Aluva,Chowwara (CT),627974,555,32,221052,Sreemoolanagaram,5658,Alangad,5961,,76.0,1,16903.423355561325,9606615.261294914,1,191820,6272,ALANGAD,510,Ernakulam,191820
189683,NEDUMBASSERI,32,595,05658,627975,KERALA,Ernakulam,Aluva,Nedumbassery (CT),627975,555,32,221097,Nedumbassery,5658,Parakkadav,5970,,76.0,1,41768.75227809183,29112004.81015179,1,191818,6281,PARAKKADAV,510,Ernakulam,191818
189693,ANGAMALY,32,595,05658,803285,KERALA,Ernakulam,Aluva,Angamaly (M),803285,555,32,0,,5658,Angamali,5962,,75.0,1,26539.402905161187,17578004.712886207,1,191828,6273,ANGAMALI,510,Ernakulam,191828
189695,KARUKUTTI,32,595,05658,627965,KERALA,Ernakulam,Aluva,Karukutty,627965,555,32,221048,Karukutty,5658,Angamali,5962,,75.0,1,31089.65856140637,22417836.061547056,1,191830,6273,ANGAMALI,510,Ernakulam,191830
190486,KIZHAKKUMURI,32,594,05656,627914,KERALA,Thrissur,Mukundapuram,Kizhakkummuri,627914,566,32,221831,Koratty,5656,Chalakkudy,6082,,72.0,1,23792.234299681564,13356144.554941805,1,192622,6388,CHALAKKUDY,521,Thrissur,192622
190481,MURINGUR TEKKUMURI,32,594,05656,627937,KERALA,Thrissur,Mukundapuram,Muringoor Thekkmmuri,627937,566,32,221831,Koratty,5656,Chalakkudy,6082,,72.0,1,20768.59476939721,10182887.56275012,1,192617,6388,CHALAKKUDY,521,Thrissur,192617
190494,MELUR,32,594,05656,627913,KERALA,Thrissur,Mukundapuram,Melur,627913,566,32,221832,Melur,5656,Chalakkudy,6082,,72.0,1,28540.67990056151,22443100.307973225,1,192630,6388,CHALAKKUDY,521,Thrissur,192630
190497,MURINGUR VADAKKUMURI,32,594,05656,627936,KERALA,Thrissur,Mukundapuram,Muringur Vadakkummuri (CT),627936,566,32,221832,Melur,5656,Chalakkudy,6082,,72.0,1,10969.861477968909,3119363.525817085,1,192633,6388,CHALAKKUDY,521,Thrissur,192633
190496,PADINJARE CHALAKKUDI,32,594,05656,803283,KERALA,Thrissur,Mukundapuram,Chalakudy (M),803283,566,32,0,,5656,Chalakkudy,6082,,72.0,1,12025.840909379212,5587795.828153525,1,192632,6388,CHALAKKUDY,521,Thrissur,192632
190471,KIZHAKKECHALAKKUDI,32,594,05656,803283,KERALA,Thrissur,Mukundapuram,Chalakudy (M),803283,566,32,0,,5656,Chalakkudy,6082,,72.0,1,12857.980180686047,6795456.664918245,1,192607,6388,CHALAKKUDY,521,Thrissur,192607
190468,ALUR,32,594,05656,627905,KERALA,Thrissur,Mukundapuram,Alur,627905,566,32,221862,Alur,5656,Mala,6089,,70.0,1,22864.712941986938,18501299.11252551,1,192604,6394,MALA,521,Thrissur,192604
190469,PERAMBRA,32,594,05656,803283,KERALA,Thrissur,Mukundapuram,Chalakudy (M),803283,566,32,0,,5656,Kodakara,6087,,72.0,1,14447.080337243719,6586547.200646015,1,192605,6393,KODAKARA,521,Thrissur,192605
190470,POTTA,32,594,05656,803283,KERALA,Thrissur,Mukundapuram,Chalakudy (M),803283,566,32,0,,5656,Chalakkudy,6082,,72.0,1,10326.7209656812,5699170.09490079,1,192606,6388,CHALAKKUDY,521,Thrissur,192606
190493,KODAKARA,32,594,05656,627898,KERALA,Thrissur,Mukundapuram,Kodakara,627898,566,32,221854,Kodakara,5656,Kodakara,6087,,72.0,1,31765.88583890243,22407039.277318105,1,192629,6393,KODAKARA,521,Thrissur,192629
190477,MATTATTUR,32,594,05656,627899,KERALA,Thrissur,Mukundapuram,Mattathur,627899,566,32,221855,Mattathur,5656,Kodakara,6087,,71.0,1,35204.08801589175,23408977.31530687,1,192613,6393,KODAKARA,521,Thrissur,192613
190479,NANDIPULAM,32,594,05656,627891,KERALA,Thrissur,Mukundapuram,Nandipulam,627891,566,32,221859,Varandarappilly,5656,Kodakara,6087,,71.0,1,11398.703816140756,4002953.39521216,1,192615,6393,KODAKARA,521,Thrissur,192615
190243,CHENGALLUR,32,594,05655,627892,KERALA,Thrissur,Kodungallur,Chengallur,627892,566,32,221857,Pudukkad,5655,Kodakara,6087,,71.0,1,17238.899016036616,9268982.591257855,1,192379,6393,KODAKARA,521,Thrissur,192379
189698,KIZHAKKUMBHAGAM,32,595,05658,627977,KERALA,Ernakulam,Aluva,Kizhakkumbhagom (CT),627977,555,32,221047,Kanjoor,5658,Angamali,5962,,76.0,1,11495.472506804645,7223510.881848915,1,191833,6273,ANGAMALI,510,Ernakulam,191833
189923,CHELAMATTAM,32,595,05657,627957,KERALA,Ernakulam,Kunnathunad,Chelamattom (CT),627957,555,32,221059,Okkal,5657,Koovappady,5964,,74.0,1,18234.409003825705,12050821.331016185,1,192058,6275,KOOVAPPADY,510,Ernakulam,192058
189700,VADAKKUMBHAGAM,32,595,05658,627973,KERALA,Ernakulam,Aluva,Vadakkumbhagom (CT),627973,555,32,221047,Kanjoor,5658,Angamali,5962,,76.0,1,12799.342047036382,7083365.33113586,1,191835,6273,ANGAMALI,510,Ernakulam,191835
189690,KALADI,32,595,05658,627972,KERALA,Ernakulam,Aluva,Mattoor (CT),627972,555,32,221046,Kalady,5658,Angamali,5962,,75.0,1,20880.886160274367,9878704.19126671,1,191825,6273,ANGAMALI,510,Ernakulam,191825
189692,MATTUR,32,595,05658,627971,KERALA,Ernakulam,Aluva,Kalady (CT),627971,555,32,221046,Kalady,5658,Angamali,5962,,75.0,1,20601.47730915115,10096515.09217281,1,191827,6273,ANGAMALI,510,Ernakulam,191827
189687,TURAVUR,32,595,05658,627970,KERALA,Ernakulam,Aluva,Thuravoor,627970,555,32,221053,Thuravoor,5658,Angamali,5962,,75.0,1,19400.788779701703,15435214.81646101,1,191822,6273,ANGAMALI,510,Ernakulam,191822
189689,MANJAPRA,32,595,05658,627968,KERALA,Ernakulam,Aluva,Manjapra,627968,555,32,221050,Manjapra,5658,Angamali,5962,,75.0,1,24431.433039471987,23199385.759116914,1,191824,6273,ANGAMALI,510,Ernakulam,191824
189688,MUKKANNUR,32,595,05658,627966,KERALA,Ernakulam,Aluva,Mookkannoor,627966,555,32,221051,Mookkannur,5658,Angamali,5962,,75.0,1,27085.151537772166,26513805.778077945,1,191823,6273,ANGAMALI,510,Ernakulam,191823
190474,KUTTICHIRA,32,594,05656,627901,KERALA,Thrissur,Mukundapuram,Kuttichira,627901,566,32,221830,Kodassery,5656,Chalakkudy,6082,,72.0,1,22806.64850953446,15686715.60854355,1,192610,6388,CHALAKKUDY,521,Thrissur,192610
189659,KANNAMBRA-I,32,593,05651,627704,KERALA,Palakkad,Alathur,Kannambra-I,627704,563,32,221608,Kannambara,5651,Alathur,6047,,57.0,1,31802.301558945503,24740211.184257545,1,191794,6355,ALATHUR,518,Palakkad,191794
190480,MUPPILIYAM,32,594,05656,627890,KERALA,Thrissur,Mukundapuram,Mupliyam,627890,566,32,221859,Varandarappilly,5656,Kodakara,6087,,71.0,1,18099.86879990932,9450413.349427994,1,192616,6393,KODAKARA,521,Thrissur,192616
190478,VARANDARAPPILLI,32,594,05656,627889,KERALA,Thrissur,Mukundapuram,Varandarappilly,627889,566,32,221859,Varandarappilly,5656,Kodakara,6087,,71.0,1,20947.331213453293,10498840.06790577,1,192614,6393,KODAKARA,521,Thrissur,192614
190227,AMBALLUR,32,594,05655,627921,KERALA,Thrissur,Kodungallur,Amballur (CT),627921,566,32,221853,Alagappa Nagar,5655,Kodakara,6087,,71.0,1,32775.7629328123,18982367.29693344,1,192363,6393,KODAKARA,521,Thrissur,192363
190228,KALLUR,32,594,05655,627888,KERALA,Thrissur,Kodungallur,Kallur,627888,566,32,221858,Trikkur,5655,Kodakara,6087,,71.0,1,30294.605511816073,19427669.631472025,1,192364,6393,KODAKARA,521,Thrissur,192364
190412,PUTTUR,32,594,05654,627853,KERALA,Thrissur,Thrissur,Puthur (CT),627853,566,32,221880,Puthur,5654,Ollukkara,6092,,66.0,1,28248.995862008072,16076849.83378788,1,192548,6397,OLLUKKARA,521,Thrissur,192548
190467,MANNAMANGALAM,32,594,05654,627817,KERALA,Thrissur,Thrissur,Mannamangalam,627817,566,32,221880,Puthur,5654,Ollukkara,6092,,66.0,1,23566.93118318796,9648227.208817145,1,192603,6397,OLLUKKARA,521,Thrissur,192603
190405,KAINUR,32,594,05654,627844,KERALA,Thrissur,Thrissur,Kainoor (CT),627844,566,32,221880,Puthur,5654,Ollukkara,6092,,66.0,1,17939.54877504114,8500778.131798685,1,192541,6397,OLLUKKARA,521,Thrissur,192541
190406,MULAYAM,32,594,05654,627818,KERALA,Thrissur,Thrissur,Mulayam,627818,566,32,221878,Nadathara,5654,Ollukkara,6092,,66.0,1,30405.756176492192,12371355.98418793,1,192542,6397,OLLUKKARA,521,Thrissur,192542
190407,PANAMCHERI,32,594,05654,627815,KERALA,Thrissur,Thrissur,Pananchery,627815,566,32,221879,Pananchery,5654,Ollukkara,6092,,66.0,1,58398.352134977045,68376570.22802769,1,192543,6397,OLLUKKARA,521,Thrissur,192543
190336,MANALITTARA,32,594,05652,627748,KERALA,Thrissur,Talappilly,Manalithara,627748,566,32,221908,Thekkumkara,5652,Wadakkanchery,6097,,61.0,1,51826.29613214381,48831909.46265908,1,192472,6402,WADAKKANCHERY,521,Thrissur,192472
190472,ELINJIPRA,32,594,05656,627904,KERALA,Thrissur,Mukundapuram,Elanjipra,627904,566,32,221830,Kodassery,5656,Chalakkudy,6082,,72.0,1,9831.54624316573,2516373.24822406,1,192608,6388,CHALAKKUDY,521,Thrissur,192608
190476,KODASSERRI,32,594,05656,627902,KERALA,Thrissur,Mukundapuram,Kodassery,627902,566,32,221830,Kodassery,5656,Kodakara,6087,,72.0,1,33885.93266396226,27427940.430162415,1,192612,6393,KODAKARA,521,Thrissur,192612
190475,VELLIKULANGRA,32,594,05656,627900,KERALA,Thrissur,Mukundapuram,Vellikulangara,627900,566,32,221855,Mattathur,5656,Kodakara,6087,,71.0,1,19921.63036932882,16392078.287418995,1,192611,6393,KODAKARA,521,Thrissur,192611
190408,PICHI,32,594,05654,627816,KERALA,Thrissur,Thrissur,Peechi,627816,566,32,221879,Pananchery,5654,Ollukkara,6092,,66.0,1,81364.1732608133,147429792.8016616,1,192544,6397,OLLUKKARA,521,Thrissur,192544
190310,ELANAD,32,594,05652,627755,KERALA,Thrissur,Talappilly,Elanad,627755,566,32,221884,Pazhayannur,5652,Pazhayannur,6093,,61.0,1,30077.228631966926,20492580.2758346,1,192446,6398,PAZHAYANNUR,521,Thrissur,192446
190311,VENNUR,32,594,05652,627754,KERALA,Thrissur,Talappilly,Vennur,627754,566,32,221884,Pazhayannur,5652,Pazhayannur,6093,,61.0,1,19820.762079230233,9702854.43062853,1,192447,6398,PAZHAYANNUR,521,Thrissur,192447
190315,PANGARAPILLI,32,594,05652,627751,KERALA,Thrissur,Talappilly,Pangarappilly,627751,566,32,221881,Chelakkara,5652,Pazhayannur,6093,,61.0,1,17932.559352352087,8436083.58582222,1,192451,6398,PAZHAYANNUR,521,Thrissur,192451
190307,PULAKOD,32,594,05652,627752,KERALA,Thrissur,Talappilly,Pulakode,627752,566,32,221881,Chelakkara,5652,Pazhayannur,6093,,61.0,1,22451.53388021932,16515790.848590095,1,192443,6398,PAZHAYANNUR,521,Thrissur,192443
190308,CHELAKKOD,32,594,05652,627728,KERALA,Thrissur,Talappilly,Chelakode,627728,566,32,221882,Kondazhy,5652,Pazhayannur,6093,,61.0,1,12402.363201573726,5765368.540539215,1,192444,6398,PAZHAYANNUR,521,Thrissur,192444
190329,VENGANELLUR,32,594,05652,627729,KERALA,Thrissur,Talappilly,Venganellur,627729,566,32,221881,Chelakkara,5652,Pazhayannur,6093,,61.0,1,26025.839748544156,21058104.59121941,1,192465,6398,PAZHAYANNUR,521,Thrissur,192465
189658,VADAKKANCHERI-II,32,593,05651,627707,KERALA,Palakkad,Alathur,Vadakkancheri-II,627707,563,32,221613,Vadakkancheri,5651,Alathur,6047,,57.0,1,6563.801731266454,2572557.1528578,1,191793,6355,ALATHUR,518,Palakkad,191793
189656,PUDUKOD,32,593,05651,627703,KERALA,Palakkad,Alathur,Puducode,627703,563,32,221611,Puducode,5651,Alathur,6047,,57.0,1,20601.088854055433,16293289.953175215,1,191791,6355,ALATHUR,518,Palakkad,191791
190312,PAZHAYANNUR,32,594,05652,627753,KERALA,Thrissur,Talappilly,Pazhayannur,627753,566,32,221884,Pazhayannur,5652,Pazhayannur,6093,,61.0,1,26346.559333343317,20805179.546212435,1,192448,6398,PAZHAYANNUR,521,Thrissur,192448
190328,VADAKETARA,32,594,05652,627726,KERALA,Thrissur,Talappilly,Vadakkethara,627726,566,32,221884,Pazhayannur,5652,Pazhayannur,6093,,61.0,1,19779.37686877865,10129490.90962458,1,192464,6398,PAZHAYANNUR,521,Thrissur,192464
190325,TIRUVILWAMALA,32,594,05652,627725,KERALA,Thrissur,Talappilly,Thiruvilwamala,627725,566,32,221885,Thiruvilwamala,5652,Pazhayannur,6093,,61.0,1,21445.73674170157,19966308.70718031,1,192461,6398,PAZHAYANNUR,521,Thrissur,192461
190326,KANIYARKOD,32,594,05652,627756,KERALA,Thrissur,Talappilly,Kaniyarkode (CT),627756,566,32,221885,Thiruvilwamala,5652,Pazhayannur,6093,,61.0,1,16490.164890296986,12534530.433584975,1,192462,6398,PAZHAYANNUR,521,Thrissur,192462
190327,PAMPADI,32,594,05652,627724,KERALA,Thrissur,Talappilly,Pampady,627724,566,32,221885,Thiruvilwamala,5652,Pazhayannur,6093,,61.0,1,12585.498363230647,7140153.333494435,1,192463,6398,PAZHAYANNUR,521,Thrissur,192463
190067,LAKKIDIPERUR-II,32,593,05647,627595,KERALA,Palakkad,Ottappalam,Lakkidi-Perur- II,627595,563,32,221663,Lakkidiperur,5647,Ottappalam,6055,,52.0,1,27231.16668236972,20398172.91028003,1,192202,6363,OTTAPPALAM,518,Palakkad,192202
190064,LAKKIDIPERUR-I,32,593,05647,627594,KERALA,Palakkad,Ottappalam,Lakkidi-Perur- I,627594,563,32,221663,Lakkidiperur,5647,Ottappalam,6055,,52.0,1,23928.694917781886,15067864.77660951,1,192199,6363,OTTAPPALAM,518,Palakkad,192199
190065,AMBALAPPARA-I,32,593,05647,627593,KERALA,Palakkad,Ottappalam,Ambalapara - I,627593,563,32,221660,Ambalapara,5647,Ottappalam,6055,,52.0,1,28635.508689130682,21340833.451095995,1,192200,6363,OTTAPPALAM,518,Palakkad,192200
190309,KONDAZHI,32,594,05652,627727,KERALA,Thrissur,Talappilly,Kondazhy,627727,566,32,221882,Kondazhy,5652,Pazhayannur,6093,,61.0,1,21360.78139364902,16999741.32791821,1,192445,6398,PAZHAYANNUR,521,Thrissur,192445
190330,MAYANUR,32,594,05652,627723,KERALA,Thrissur,Talappilly,Mayannur,627723,566,32,221882,Kondazhy,5652,Pazhayannur,6093,,61.0,1,13883.833062515294,8476963.472629774,1,192466,6398,PAZHAYANNUR,521,Thrissur,192466
190068,OTTAPPALAM-II,32,593,05647,803274,KERALA,Palakkad,Ottappalam,Ottappalam (M),803274,563,32,0,,5647,Ottappalam,6055,,52.0,1,24635.756264436735,17151198.443179935,1,192203,6363,OTTAPPALAM,518,Palakkad,192203
190062,OTTAPPALAM-I,32,593,05647,803274,KERALA,Palakkad,Ottappalam,Ottappalam (M),803274,563,32,0,,5647,Ottappalam,6055,,52.0,1,25940.12330024219,15802348.86522244,1,192197,6363,OTTAPPALAM,518,Palakkad,192197
190063,AMBALAPPARA-II,32,593,05647,627592,KERALA,Palakkad,Ottappalam,Ambalapara - II,627592,563,32,221660,Ambalapara,5647,Ottappalam,6055,,52.0,1,32445.41208729059,28161129.83251138,1,192198,6363,OTTAPPALAM,518,Palakkad,192198
190055,VELLINEZHI,32,593,05647,627573,KERALA,Palakkad,Ottappalam,Vellinezhi,627573,563,32,221689,Vellinezhi,5647,Sreekrishnapuram,6058,,51.0,1,30524.154088831507,31333818.431925364,1,192190,6366,SREEKRISHNAPURAM,518,Palakkad,192190
190054,KARIMBUZHA-I,32,593,05647,627574,KERALA,Palakkad,Ottappalam,Karimpuzha-I,627574,563,32,221685,Karimpuzha,5647,Sreekrishnapuram,6058,,52.0,1,27533.213512937768,27357317.79867638,1,192189,6366,SREEKRISHNAPURAM,518,Palakkad,192189
190023,TACHCHANATTUKARA-I,32,593,05648,627625,KERALA,Palakkad,Mannarkad,Thachanattukara-I,627625,563,32,221652,Thachanattukara,5648,Mannarkad,6053,,52.0,1,24432.268694322745,24311018.861741725,1,192158,6361,MANNARKAD,518,Palakkad,192158
190026,KOTTOPPADAM-II,32,593,05648,627624,KERALA,Palakkad,Mannarkad,Kottoppadam-II,627624,563,32,221648,Kottappadam,5648,Mannarkad,6053,,54.0,1,21993.462032109022,14335494.685542315,1,192161,6361,MANNARKAD,518,Palakkad,192161
190028,ANANELLUR I,32,593,05648,627603,KERALA,Palakkad,Mannarkad,Alanallur-I,627603,563,32,221644,Alanallur,5648,Mannarkad,6053,,54.0,1,20858.913456198727,14806905.49743019,1,192163,6361,MANNARKAD,518,Palakkad,192163
190071,ANANGANADI,32,593,05647,627582,KERALA,Palakkad,Ottappalam,Ananganadi,627582,563,32,221661,Ananganadi,5647,Sreekrishnapuram,6058,,51.0,1,40506.27410089826,39650820.08072765,1,192206,6366,SREEKRISHNAPURAM,518,Palakkad,192206
190056,TRIKKADIRI-II,32,593,05647,627580,KERALA,Palakkad,Ottappalam,Thrikkadeeri -II,627580,563,32,221688,Thrikkadeeri,5647,Sreekrishnapuram,6058,,51.0,1,28007.928710862518,13424418.18673848,1,192191,6366,SREEKRISHNAPURAM,518,Palakkad,192191
190057,CHERUPPULASSERI,32,593,05647,627572,KERALA,Palakkad,Ottappalam,Cherpulacherry,627572,563,32,0,,5647,Sreekrishnapuram,6058,,51.0,1,27822.264487127548,26909344.673604157,1,192192,6366,SREEKRISHNAPURAM,518,Palakkad,192192
189378,ALIPARAMBA,32,592,05643,627503,KERALA,Malappuram,Perinthalmanna,Aliparamba,627503,562,32,221554,Aliparamba,5643,Perinthalmanna,6039,,38.0,1,23422.88132764954,19640939.84795138,1,191512,6347,PERINTHALMANNA,517,Malappuram,191512
190024,TACHCHANATTUKARA-II,32,593,05648,627626,KERALA,Palakkad,Mannarkad,Thachanattukara-II,627626,563,32,221652,Thachanattukara,5648,Mannarkad,6053,,52.0,1,18348.555504127704,12704917.30052025,1,192159,6361,MANNARKAD,518,Palakkad,192159
189390,ARAKKUPARAMBA,32,592,05643,627501,KERALA,Malappuram,Perinthalmanna,Arakkuparamba,627501,562,32,221559,Thazhekode,5643,Perinthalmanna,6039,,38.0,1,26343.286242551665,21891196.061070804,1,191524,6347,PERINTHALMANNA,517,Malappuram,191524
189388,VETTATTUR,32,592,05643,627500,KERALA,Malappuram,Perinthalmanna,Vettathur,627500,562,32,221560,Vettathur,5643,Perinthalmanna,6039,,38.0,1,20893.17713119165,17571165.60128277,1,191522,6347,PERINTHALMANNA,517,Malappuram,191522
190027,ANANELLUR II,32,593,05648,627604,KERALA,Palakkad,Mannarkad,Alanallur-II,627604,563,32,221644,Alanallur,5648,Mannarkad,6053,,54.0,1,25860.4890686057,12945656.33161047,1,192162,6361,MANNARKAD,518,Palakkad,192162
190008,ANANELLUR III,32,593,05648,627605,KERALA,Palakkad,Mannarkad,Alanallur-III,627605,563,32,221644,Alanallur,5648,Mannarkad,6053,,54.0,1,34463.07893231473,35161001.57484136,1,192143,6361,MANNARKAD,518,Palakkad,192143
189387,EDAPATTA,32,592,05643,627489,KERALA,Malappuram,Perinthalmanna,Edappatta,627489,562,32,221555,Edappatta,5643,Kalikavu,6692,,37.0,1,36918.38556330884,26697583.961969655,1,191521,6881,KALIKAVU,517,Malappuram,191521
190098,MALAMPUZHA-II,32,593,05649,627639,KERALA,Palakkad,Palakkad,Malampuzha-II,627639,563,32,221638,Malampuzha,5649,Malampuzha,6052,,55.0,1,19068.612625911588,18104451.88653311,1,192234,6360,MALAMPUZHA,518,Palakkad,192234
190014,SHOLAYUR,32,593,05648,627613,KERALA,Palakkad,Mannarkad,Sholayur,627613,563,32,221617,Sholayar,5648,Attappadi,6048,,54.0,1,62918.92469520066,58720560.04215368,1,192149,6356,ATTAPPADI,518,Palakkad,192149
190015,KOTTATTARA,32,593,05648,627612,KERALA,Palakkad,Mannarkad,Kottathara,627612,563,32,221617,Sholayar,5648,Attappadi,6048,,54.0,1,68129.11733379569,77997200.8479271,1,192150,6356,ATTAPPADI,518,Palakkad,192150
397013,GOPANARI,33,632,05895,644368,TAMIL NADU,Coimbatore,Mettupalayam,Gopanari R.F.,644368,569,33,0,,5895,Karamadai,6105,,111.0,1,84786.16421858632,107516020.16182493,1,402371,6410,KARAMADAI,523,Coimbatore,402371
397011,GOPANARI,33,632,05895,644366,TAMIL NADU,Coimbatore,Mettupalayam,Melur Slope R.F.,644366,569,33,0,,5895,Karamadai,6105,,111.0,1,37241.32630861229,35910759.35340706,1,402369,6410,KARAMADAI,523,Coimbatore,402369
190091,MANNUR,32,593,05649,627630,KERALA,Palakkad,Palakkad,Mannur,627630,563,32,221669,Mannur,5649,Palakkad,6056,,53.0,1,21873.613057531715,18779092.4074398,1,192227,6364,PALAKKAD,518,Palakkad,192227
190090,KERALASSERI,32,593,05649,627629,KERALA,Palakkad,Palakkad,Keralassery,627629,563,32,221665,Keralassery,5649,Palakkad,6056,,53.0,1,23315.507837205725,25436145.47851418,1,192226,6364,PALAKKAD,518,Palakkad,192226
190089,KONGAD-II,32,593,05649,627628,KERALA,Palakkad,Palakkad,Kongad-II,627628,563,32,221667,Kongad,5649,Palakkad,6056,,53.0,1,23313.70398933769,21079712.313859016,1,192225,6364,PALAKKAD,518,Palakkad,192225
190073,KADAMBAZHIPURAM-II,32,593,05647,627576,KERALA,Palakkad,Ottappalam,Kadampazhipuram-II,627576,563,32,221684,Kadampazhipuram,5647,Sreekrishnapuram,6058,,52.0,1,25671.811564084113,19406158.48007376,1,192208,6366,SREEKRISHNAPURAM,518,Palakkad,192208
190021,KARAKKURUSSI,32,593,05648,627622,KERALA,Palakkad,Mannarkad,Karakurissi,627622,563,32,221646,Karakurissi,5648,Mannarkad,6053,,53.0,1,29712.494272139098,32124736.03547697,1,192156,6361,MANNARKAD,518,Palakkad,192156
190031,TACHCHAMPARA-II,32,593,05648,627619,KERALA,Palakkad,Mannarkad,Thachampara,627619,563,32,221651,Tachampara,5648,Mannarkad,6053,,53.0,1,23856.45972320806,14193116.077381864,1,192166,6361,MANNARKAD,518,Palakkad,192166
190020,POTTASSERI-II,32,593,05648,627618,KERALA,Palakkad,Mannarkad,Pottassery- II,627618,563,32,221645,Kanjirampuzha,5648,Mannarkad,6053,,53.0,1,17403.908836385912,9568509.70781542,1,192155,6361,MANNARKAD,518,Palakkad,192155
190019,MANNARKAD-II,32,593,05648,627616,KERALA,Palakkad,Mannarkad,Mannarkad-II,627616,563,32,221653,Thenkara,5648,Mannarkad,6053,,54.0,1,23069.566212160094,17508455.836920004,1,192154,6361,MANNARKAD,518,Palakkad,192154
398201,OUCHTERLONY VALLEY,33,611,05755,803561,TAMIL NADU,The Nilgiris,Gudalur,O' Valley (TP),803561,587,33,0,,5755,Gudalur,6335,,109.0,1,49123.111238448706,108735102.98131782,1,403564,6640,GUDALUR,541,The Nilgiris,403564
190010,KOTTOPPADAM-III,32,593,05648,627607,KERALA,Palakkad,Mannarkad,Kottoppadam-III,627607,563,32,221648,Kottappadam,5648,Mannarkad,6053,,54.0,1,32766.241594844072,22100094.90841868,1,192145,6361,MANNARKAD,518,Palakkad,192145
190009,KOTTOPPADAM-I,32,593,05648,627606,KERALA,Palakkad,Mannarkad,Kottoppadam-I,627606,563,32,221648,Kottappadam,5648,Mannarkad,6053,,54.0,1,34315.02795500501,41981078.73425606,1,192144,6361,MANNARKAD,518,Palakkad,192144
189339,KARUVARAKUNDU,32,592,05642,627487,KERALA,Malappuram,Nilambur,Karuvarakundu,627487,562,32,221598,Karuvarakundu,5642,Kalikavu,6692,,36.0,1,35259.24422341295,42428018.58732206,1,191471,6881,KALIKAVU,517,Malappuram,191471
189338,KERALA ESTATE,32,592,05642,627486,KERALA,Malappuram,Nilambur,Kerala Estate,627486,562,32,221598,Karuvarakundu,5642,Kalikavu,6692,,36.0,1,37685.44022582587,36313248.72436177,1,191470,6881,KALIKAVU,517,Malappuram,191470
189336,CHOKKAD,32,592,05642,627482,KERALA,Malappuram,Nilambur,Chokkad,627482,562,32,221546,Chokkad,5642,Kalikavu,6692,,36.0,1,50309.31177178406,64198587.26681262,1,191468,6881,KALIKAVU,517,Malappuram,191468
189335,AMARAMBALAM,32,592,05642,627476,KERALA,Malappuram,Nilambur,Amarambalam,627476,562,32,221544,Amarambalam,5642,Kalikavu,6692,,35.0,1,61842.67969603269,81019911.77137296,1,191467,6881,KALIKAVU,517,Malappuram,191467
189344,KARULAYI,32,592,05642,627477,KERALA,Malappuram,Nilambur,Karulai,627477,562,32,221550,Karulai,5642,Kalikavu,6692,,35.0,1,102849.02266300487,306754435.49955314,1,191476,6881,KALIKAVU,517,Malappuram,191476
189349,VAZHIKADAVU,32,592,05642,627475,KERALA,Malappuram,Nilambur,Vazhikkadavu,627475,562,32,221553,Vazhikkadavu,5642,Nilambur,6038,,35.0,1,60595.22881528677,140806895.7396486,1,191481,6346,NILAMBUR,517,Malappuram,191481
398404,GUDALUR (TP),33,611,05755,803560,TAMIL NADU,The Nilgiris,Gudalur,Gudalur (M),803560,587,33,0,,5755,Gudalur,6335,,109.0,1,38525.17248597285,50530977.94107277,1,403767,6640,GUDALUR,541,The Nilgiris,403767
398721,NELLIYALAM,33,611,05754,803558,TAMIL NADU,The Nilgiris,Panthalur,Nelliyalam (M),803558,587,33,0,,5754,Gudalur,6335,,109.0,1,59904.946804796826,93427155.77390702,1,404091,6640,GUDALUR,541,The Nilgiris,404091
190066,KADAMBAZHIPURAM-I,32,593,05647,627577,KERALA,Palakkad,Ottappalam,Kadampazhipuram-I,627577,563,32,221684,Kadampazhipuram,5647,Sreekrishnapuram,6058,,52.0,1,26439.991115484227,24584146.915465474,1,192201,6366,SREEKRISHNAPURAM,518,Palakkad,192201
190052,SRIKRISHNAPURAM-II,32,593,05647,627579,KERALA,Palakkad,Ottappalam,Sreekrishnapuram -II,627579,563,32,221687,Sreekrishnapuram,5647,Sreekrishnapuram,6058,,52.0,1,28521.629126031912,21516962.54607766,1,192187,6366,SREEKRISHNAPURAM,518,Palakkad,192187
190053,SRIKRISHNAPURAM-I,32,593,05647,627578,KERALA,Palakkad,Ottappalam,Sreekrishnapuram -I,627578,563,32,221687,Sreekrishnapuram,5647,Sreekrishnapuram,6058,,52.0,1,26338.19104093835,19983775.03097463,1,192188,6366,SREEKRISHNAPURAM,518,Palakkad,192188
190072,KARIMBUZHA-II,32,593,05647,627575,KERALA,Palakkad,Ottappalam,Karimpuzha-II,627575,563,32,221685,Karimpuzha,5647,Sreekrishnapuram,6058,,52.0,1,19131.956231551376,22044120.50418261,1,192207,6366,SREEKRISHNAPURAM,518,Palakkad,192207
190025,KUMARAMBATTUR,32,593,05648,627623,KERALA,Palakkad,Mannarkad,Kumaramputhur,627623,563,32,221649,Kumaramputhur,5648,Mannarkad,6053,,54.0,1,21026.059773148863,18696904.64569106,1,192160,6361,MANNARKAD,518,Palakkad,192160
190012,MANNARKAD-I,32,593,05648,627627,KERALA,Palakkad,Mannarkad,Mannarkad-I (CT),627627,563,32,0,,5648,Mannarkad,6053,,54.0,1,38683.73232886866,35353268.46475178,1,192147,6361,MANNARKAD,518,Palakkad,192147
190011,PAYYANADAM,32,593,05648,627608,KERALA,Palakkad,Mannarkad,Payyanadam,627608,563,32,221649,Kumaramputhur,5648,Mannarkad,6053,,54.0,1,26126.090562503876,18331618.07715148,1,192146,6361,MANNARKAD,518,Palakkad,192146
398934,NELLAKOTTA,33,611,05755,635084,TAMIL NADU,The Nilgiris,Gudalur,NELLAKOTAI,635084,587,33,228969,Nellakotta,5755,Gudalur,6335,,109.0,1,30149.188925551472,46173166.94958704,1,404308,6640,GUDALUR,541,The Nilgiris,404308
189431,NULPUZHA,32,590,05636,627319,KERALA,Wayanad,Sulthanbathery,Noolpuzha,627319,567,32,221933,Noolpuzha,5636,Sulthan Bathery,6100,,18.0,1,81725.22866480668,130499941.98407106,1,191565,6405,SULTHAN BATHERY,522,Wayanad,191565
186497,BEGUR FOREST,29,577,,619111,KARNATAKA,Mysuru,SARAGURU,AINURU MARIGUDI JANGAL,619111,545,29,219439,B.Matakere,7098,Saraguru,7413,,,1,48405.05150218866,101970079.27575012,1,188586,296813,SARAGURU,500,Mysuru,188586
190093,PARALI-I,32,593,05649,627635,KERALA,Palakkad,Palakkad,Parli-I,627635,563,32,221671,Parli,5649,Palakkad,6056,,53.0,1,19282.946296003054,16154502.857783364,1,192229,6364,PALAKKAD,518,Palakkad,192229
190074,MUNDUR-I,32,593,05649,627634,KERALA,Palakkad,Palakkad,Mundur-I,627634,563,32,221670,Mundur,5649,Palakkad,6056,,55.0,1,28544.885887164313,19588174.28051306,1,192210,6364,PALAKKAD,518,Palakkad,192210
581057,KONGAD-I,32,593,05649,627632,KERALA,Palakkad,Palakkad,Kongad-I,627632,563,32,221667,Kongad,5649,Palakkad,6056,,53.0,2,26742.606838725904,14872903.248867854,2,587374,6364,PALAKKAD,518,Palakkad,587374
190096,NOCHIPPULLI,32,593,05649,,KERALA,Palakkad,Palakkad, ,0,563,32,0,,5649,Palakkad,6056,,55.0,1,31431.31152227339,19804040.080142643,1,192232,6364,PALAKKAD,518,Palakkad,192232
190033,KARIMBA-II,32,593,05648,627621,KERALA,Palakkad,Mannarkad,Karimba -II,627621,563,32,221647,Karimba,5648,Mannarkad,6053,,53.0,1,21540.03146159077,11927738.805689314,1,192168,6361,MANNARKAD,518,Palakkad,192168
190032,KARIMBA-I,32,593,05648,627620,KERALA,Palakkad,Mannarkad,Karimba -I,627620,563,32,221647,Karimba,5648,Mannarkad,6053,,53.0,1,24324.035527864697,17876406.43543388,1,192167,6361,MANNARKAD,518,Palakkad,192167
190022,PALAKKAYAM,32,593,05648,627615,KERALA,Palakkad,Mannarkad,Palakkayam,627615,563,32,221645,Kanjirampuzha,5648,Mannarkad,6053,,54.0,1,127437.80860322237,113367354.29722632,1,192157,6361,MANNARKAD,518,Palakkad,192157
190018,POTTASSERI-I,32,593,05648,627617,KERALA,Palakkad,Mannarkad,Pottassery- I,627617,563,32,221645,Kanjirampuzha,5648,Mannarkad,6053,,53.0,1,34612.917434594,20991710.625148874,1,192153,6361,MANNARKAD,518,Palakkad,192153
190017,KALLAMALA,32,593,05648,627614,KERALA,Palakkad,Mannarkad,Kallamala,627614,563,32,221615,Agali,5648,Attappadi,6048,,54.0,1,98811.49078859472,84613325.19701353,1,192152,6356,ATTAPPADI,518,Palakkad,192152
190029,PADAVAYAL,32,593,05648,627609,KERALA,Palakkad,Mannarkad,Padavayal,627609,563,32,221616,Pudur,5648,Attappadi,6048,,54.0,1,109667.79299390013,298497121.7252619,1,192164,6356,ATTAPPADI,518,Palakkad,192164
190102,PUDUPPARIYARAM-II,32,593,05649,627637,KERALA,Palakkad,Palakkad,Puthuppariyaram-II,627637,563,32,221642,Puduppariyaram,5649,Malampuzha,6052,,55.0,1,23188.56348768728,16298993.01295115,1,192238,6360,MALAMPUZHA,518,Palakkad,192238
190075,PUDUPPARIYARAM-I,32,593,05649,627648,KERALA,Palakkad,Palakkad,Puthuppariyaram 1,627648,563,32,221642,Puduppariyaram,5649,Malampuzha,6052,,55.0,1,21647.143750591014,8981297.315579524,1,192211,6360,MALAMPUZHA,518,Palakkad,192211
190097,PUDUSSERI-I,32,593,05649,,KERALA,Palakkad,Palakkad, ,0,563,32,0,,5649,Malampuzha,6052,,55.0,1,45271.01873307107,63530539.65675742,1,192233,6360,MALAMPUZHA,518,Palakkad,192233
397037,MELKUNDA,33,611,05759,635120,TAMIL NADU,The Nilgiris,Kundah,Melkundah,635120,587,33,228990,Mel Kundha,5759,Udhagamandalam,6337,,108.0,1,32494.317995749207,34418018.39073654,1,402395,6642,UDHAGAI,541,The Nilgiris,402395
398100,NANJANAD,33,611,05756,635094,TAMIL NADU,The Nilgiris,Udhagamandalam,NANJANAD1,635094,587,33,228992,Nanjanad,5756,Udhagamandalam,6337,,108.0,1,63572.01030427255,141872317.07950148,1,403463,6642,UDHAGAI,541,The Nilgiris,403463
190030,PUDUR,32,593,05648,627610,KERALA,Palakkad,Mannarkad,Pudur,627610,563,32,221616,Pudur,5648,Attappadi,6048,,54.0,1,56660.80712966646,102385527.72022246,1,192165,6356,ATTAPPADI,518,Palakkad,192165
396947,KANDI,33,611,05759,635121,TAMIL NADU,The Nilgiris,Kundah,Kinnakkorai,635121,587,33,228990,Mel Kundha,5759,Udhagamandalam,6337,,108.0,1,27350.85388799753,19788212.306339696,1,402304,6642,UDHAGAI,541,The Nilgiris,402304
397357,MULLIGUR,33,611,05759,635118,TAMIL NADU,The Nilgiris,Kundah,Mulligoor,635118,587,33,228991,Mulligoor,5759,Udhagamandalam,6337,,108.0,1,73540.03106373674,177343741.3217214,1,402717,6642,UDHAGAI,541,The Nilgiris,402717
398397,MUKKURICHIHALLA,33,611,05756,803563,TAMIL NADU,The Nilgiris,Udhagamandalam,Naduvattam (TP),803563,587,33,0,,5756,Udhagamandalam,6337,,109.0,1,68224.26907386411,109566101.90549599,1,403760,6642,UDHAGAI,541,The Nilgiris,403760
399230,MANDAKARAI,33,611,05755,635085,TAMIL NADU,The Nilgiris,Gudalur,Mudumalai,635085,587,33,228968,Mudumalai,5755,Gudalur,6335,,109.0,1,83325.76990955895,207704510.529778,1,404607,6640,GUDALUR,541,The Nilgiris,404607
163656,BERAMBADI R F,29,578,05576,619556,KARNATAKA,Chamarajanagara,Gundlupet,BERAMBADI STATE FOREST,619556,531,29,216719,Berambadi,5576,Gundlupet,5799,,,1,95939.07297819928,246297214.45942837,1,165563,6130,GUNDLUPET,486,Chamarajanagar,165563
189891,CHELLANAM,32,595,05660,627997,KERALA,Ernakulam,Kochi,Chellanam,627997,555,32,221085,Chellanam,5660,Palluruthy,5968,,0.0,1,16736.27971015553,7839894.38412962,1,192026,6279,PALLURUTHY,510,Ernakulam,192026
189890,KUMBALANGI,32,595,05660,628001,KERALA,Ernakulam,Kochi,Kumbalangy (CT),628001,555,32,221085,Chellanam,5660,Palluruthy,5968,,80.0,1,19078.84032711705,20043880.95466005,1,192025,6279,PALLURUTHY,510,Ernakulam,192025
189888,TOPPUMPADI,32,595,05660,645602,KERALA,Ernakulam,Kochi,Cheriyakadavu (OG) (Part),645602,555,32,0,,5660,Palluruthy,5968,,0.0,1,16923.119939867112,11267352.666288914,1,192023,6279,PALLURUTHY,510,Ernakulam,192023
189889,EDAKOCHCHI,32,595,05660,803290,KERALA,Ernakulam,Kochi,Thrippunithura (M),803290,555,32,0,,5660,Palluruthy,5968,,80.0,1,14978.29914585191,9589215.666572126,1,192024,6279,PALLURUTHY,510,Ernakulam,192024
189887,RAMESWARAM,32,595,05660,803290,KERALA,Ernakulam,Kochi,Thrippunithura (M),803290,555,32,0,,5660,Palluruthy,5968,,80.0,1,11244.119515037473,4869174.549695205,1,192022,6279,PALLURUTHY,510,Ernakulam,192022
189895,TOPPUMPADI,32,595,05660,913789,KERALA,Ernakulam,Kochi,Thoppumpady,913789,555,32,0,,5660,Palluruthy,5968,,80.0,1,16068.703917923347,10862212.23272161,1,192030,6279,PALLURUTHY,510,Ernakulam,192030
189886,FORT KOCHCHI,32,595,05660,803288,KERALA,Ernakulam,Kochi,Kochi (M Corp.),803288,555,32,0,,5660,Vypeen,5974,,0.0,1,13657.09709739407,4661316.274813705,1,192021,6285,VYPEEN,510,Ernakulam,192021
189885,MATTANCHERI,32,595,05660,803288,KERALA,Ernakulam,Kochi,Kochi (M Corp.),803288,555,32,0,,5660,Vypeen,5974,,80.0,1,12081.77119334282,8397073.341776995,1,192020,6285,VYPEEN,510,Ernakulam,192020
189837,CHERANALLUR,32,595,05661,628009,KERALA,Ernakulam,Kanayannur,Cheranallur (CT),628009,555,32,221054,Cheranallur,5661,Edappally,5963,,83.0,1,26814.943754417203,17949136.805240784,1,191972,6274,EDAPPALLY,510,Ernakulam,191972
189894,PUTUVAIPU,32,595,05660,628000,KERALA,Ernakulam,Kochi,Puthuvype (CT),628000,555,32,221118,Elamkunnapuzha,5660,Vypeen,5974,,79.0,1,11290.811205009944,7457327.83994962,1,192029,6285,VYPEEN,510,Ernakulam,192029
189838,MULAVUKAD,32,595,05661,628011,KERALA,Ernakulam,Kanayannur,Mulavukad (CT),628011,555,32,221120,Mulavukad,5661,Vypeen,5974,,79.0,1,20794.84132855535,19004626.422745775,1,191973,6285,VYPEEN,510,Ernakulam,191973
189845,CHERANALLOR,32,595,05661,628009,KERALA,Ernakulam,Kanayannur,Cheranallur (CT),628009,555,32,221054,Cheranallur,5661,Edappally,5963,,82.0,1,16840.277714460633,9971979.854484605,1,191980,6274,EDAPPALLY,510,Ernakulam,191980
189827,KADAMAKKUDI,32,595,05661,628010,KERALA,Ernakulam,Kanayannur,Kadamakkudy (CT),628010,555,32,221055,Kadamakkudy,5661,Edappally,5963,,0.0,1,18761.972309859255,13066467.78027048,1,191962,6274,EDAPPALLY,510,Ernakulam,191962
190111,VARAPPUZHA,32,595,05659,627991,KERALA,Ernakulam,Paravur,Varappuzha (CT),627991,555,32,221044,Varapuzha,5659,Alangad,5961,,0.0,1,14813.964298353296,9081863.6166826,1,192247,6272,ALANGAD,510,Ernakulam,192247
190112,EZHIKKARA,32,595,05659,627982,KERALA,Ernakulam,Paravur,Ezhikkara,627982,555,32,221102,Ezhikkara,5659,Paravur,5971,,0.0,1,17997.60242093215,7079238.613290425,1,192248,6282,PARAVUR,510,Ernakulam,192248
190107,KOTTUVALLI,32,595,05659,627990,KERALA,Ernakulam,Paravur,Kottuvally (CT),627990,555,32,221103,Kottuvally,5659,Paravur,5971,,78.0,1,24319.114921550256,24907581.353673857,1,192243,6282,PARAVUR,510,Ernakulam,192243
190106,PARAVUR,32,595,05659,803287,KERALA,Ernakulam,Paravur,Paravur (M),803287,555,32,0,,5659,Paravur,5971,,78.0,1,32787.923755502874,21754952.129509415,1,192242,6282,PARAVUR,510,Ernakulam,192242
190113,KARUMALLUR,32,595,05659,627987,KERALA,Ernakulam,Paravur,Karumalloor (CT),627987,555,32,221042,Karumalloor,5659,Alangad,5961,,77.0,1,30203.03490706567,19347224.599087916,1,192249,6272,ALANGAD,510,Ernakulam,192249
190115,PUTTANVELIKKARA,32,595,05659,627983,KERALA,Ernakulam,Paravur,Puthenvelikkara (CT),627983,555,32,221096,Kunnukara,5659,Parakkadav,5970,,78.0,1,35072.17632732458,27161285.10247787,1,192251,6281,PARAKKADAV,510,Ernakulam,192251
190495,TIRUMUKKULAM,32,594,05656,627918,KERALA,Thrissur,Mukundapuram,Thirumukkulam,627918,566,32,221864,Kuzhur,5656,Mala,6089,,73.0,1,21232.6280310847,11361386.035792835,1,192631,6394,MALA,521,Thrissur,192631
189893,ELAMKUNNAPUZHA,32,595,05660,627999,KERALA,Ernakulam,Kochi,Elamkunnapuzha (CT),627999,555,32,221118,Elamkunnapuzha,5660,Vypeen,5974,,79.0,1,14333.665002037918,11229494.668902306,1,192028,6285,VYPEEN,510,Ernakulam,192028
189884,NJARAKKAL,32,595,05660,627998,KERALA,Ernakulam,Kochi,Njarackal (CT),627998,555,32,221122,Njarakkal,5660,Vypeen,5974,,79.0,1,12831.86400318057,8864080.55111473,1,192019,6285,VYPEEN,510,Ernakulam,192019
189883,NAYARAMBALAM,32,595,05660,627996,KERALA,Ernakulam,Kochi,Nayarambalam,627996,555,32,221121,Nayarambalam,5660,Vypeen,5974,,79.0,1,17179.499671941805,12218496.27417535,1,192018,6285,VYPEEN,510,Ernakulam,192018
189892,EDAVANAKAD,32,595,05660,627995,KERALA,Ernakulam,Kochi,Edavanakkad,627995,555,32,221117,Edavanakkad,5660,Vypeen,5974,,79.0,1,12999.307273690676,10702407.88018444,1,192027,6285,VYPEEN,510,Ernakulam,192027
189882,KUZHIPPLLI,32,595,05660,627993,KERALA,Ernakulam,Kochi,Kuzhuppilly,627993,555,32,221119,Kuzhuppilly,5660,Vypeen,5974,,79.0,1,11251.813888601573,6620269.95235529,1,192017,6285,VYPEEN,510,Ernakulam,192017
189881,PALLIPURAM,32,595,05660,627994,KERALA,Ernakulam,Kochi,Pallippuram,627994,555,32,221123,Pallippuram,5660,Vypeen,5974,,79.0,1,14975.559872540545,10067538.879929384,1,192016,6285,VYPEEN,510,Ernakulam,192016
190105,VADAKKEKKARA,32,595,05659,627986,KERALA,Ernakulam,Paravur,Vadakkekara (CT),627986,555,32,221101,Chittattukara,5659,Paravur,5971,,78.0,1,14373.493924329076,7057792.636951935,1,192241,6282,PARAVUR,510,Ernakulam,192241
189880,KUZHIPILLI,32,595,05660,627993,KERALA,Ernakulam,Kochi,Kuzhuppilly,627993,555,32,221119,Kuzhuppilly,5660,Vypeen,5974,,0.0,1,13260.201363432208,4741478.604138485,1,192015,6285,VYPEEN,510,Ernakulam,192015
190103,CHENNAMANGALAM,32,595,05659,627984,KERALA,Ernakulam,Paravur,Chendamangalam (CT),627984,555,32,221100,Chendamangalam,5659,Paravur,5971,,78.0,1,22218.576360273342,11586648.739434185,1,192239,6282,PARAVUR,510,Ernakulam,192239
190104,MUTAKUNNAM,32,595,05659,627985,KERALA,Ernakulam,Paravur,Moothakunnam (CT),627985,555,32,221104,Vadakkekara,5659,Paravur,5971,,78.0,1,14904.058397535422,8904844.77865287,1,192240,6282,PARAVUR,510,Ernakulam,192240
189826,TRIKKAKKARA NORTH,32,595,05661,803289,KERALA,Ernakulam,Kanayannur,Kalamassery (M),803289,555,32,0,,5661,Edappally,5963,,77.0,1,30421.196793249273,28001902.55804966,1,191961,6274,EDAPPALLY,510,Ernakulam,191961
190109,ELUR,32,595,05659,627992,KERALA,Ernakulam,Paravur,Eloor (CT),627992,555,32,0,,5659,Alangad,5961,,77.0,1,20086.137001664207,11358543.38539998,1,192245,6272,ALANGAD,510,Ernakulam,192245
190110,KODUNGALLUR,32,595,05659,627988,KERALA,Ernakulam,Paravur,Kadungalloor (CT),627988,555,32,221043,Kadungallur,5659,Alangad,5961,,77.0,1,23483.580638249536,15981620.296045685,1,192246,6272,ALANGAD,510,Ernakulam,192246
189697,ALUVA WEST,32,595,05658,803286,KERALA,Ernakulam,Aluva,Aluva (M),803286,555,32,0,,5658,Alangad,5961,,76.0,1,27085.144196099896,16053752.574119534,1,191832,6272,ALANGAD,510,Ernakulam,191832
190108,ALANGAD,32,595,05659,627989,KERALA,Ernakulam,Paravur,Alangad (CT),627989,555,32,221041,Alangad,5659,Alangad,5961,,77.0,1,27127.248285592632,22468581.842482056,1,192244,6272,ALANGAD,510,Ernakulam,192244
190114,KUNNUKARA,32,595,05659,627981,KERALA,Ernakulam,Paravur,Kunnukara,627981,555,32,221096,Kunnukara,5659,Parakkadav,5970,,77.0,1,19373.854083986378,12608298.27170266,1,192250,6281,PARAKKADAV,510,Ernakulam,192250
189694,PARAKKADAVU,32,595,05658,627964,KERALA,Ernakulam,Aluva,Parakkadavu,627964,555,32,221098,Parakkadavu,5658,Parakkadav,5970,,75.0,1,31655.323931358886,28273297.001702204,1,191829,6281,PARAKKADAV,510,Ernakulam,191829
190487,KALLUR TEKKUMURI,32,594,05656,627940,KERALA,Thrissur,Mukundapuram,Kallur Thekkummuri (CT),627940,566,32,221863,Annamanada,5656,Mala,6089,,73.0,1,22072.091032141136,11855498.697456066,1,192623,6394,MALA,521,Thrissur,192623
190488,ALATTUR,32,594,05656,627915,KERALA,Thrissur,Mukundapuram,Alathur,627915,566,32,221863,Annamanada,5656,Mala,6089,,73.0,1,18176.26946291777,13545316.64062567,1,192624,6394,MALA,521,Thrissur,192624
190482,KALLUR VADAKKUMURI,32,594,05656,627938,KERALA,Thrissur,Mukundapuram,Kallur Vadakkummuri (CT),627938,566,32,221829,Kadukutty,5656,Chalakkudy,6082,,72.0,1,28292.68320419739,18488195.41397652,1,192618,6388,CHALAKKUDY,521,Thrissur,192618
190258,AZHIKOD,32,594,05655,627872,KERALA,Thrissur,Kodungallur,Azhikode,627872,566,32,221861,Eriyad,5655,Mathilakam,6090,,69.0,1,10740.084586776313,6037872.927067055,1,192394,6395,MATHILAKAM,521,Thrissur,192394
190259,METTALA,32,594,05655,627882,KERALA,Thrissur,Kodungallur,Methala (CT),627882,566,32,0,,5655,Mathilakam,6090,,73.0,1,15762.703855761745,12706510.030244986,1,192395,6395,MATHILAKAM,521,Thrissur,192395
190257,ERIYAD,32,594,05655,627885,KERALA,Thrissur,Kodungallur,Eriyad (OG),627885,566,32,221861,Eriyad,5655,Mathilakam,6090,,69.0,1,15003.512224500584,10235117.969537726,1,192393,6395,MATHILAKAM,521,Thrissur,192393
190256,LOKAMALLI SWARAM,32,594,05655,803281,KERALA,Thrissur,Kodungallur,Kodungallur (M),803281,566,32,0,,5655,Mathilakam,6090,,73.0,1,11638.101622698445,6701346.46078752,1,192392,6395,MATHILAKAM,521,Thrissur,192392
190255,ALA,32,594,05655,627880,KERALA,Thrissur,Kodungallur,Ala (CT),627880,566,32,221871,Sree Narayanapuram,5655,Mathilakam,6090,,69.0,1,9829.679708039377,5184236.965981575,1,192391,6395,MATHILAKAM,521,Thrissur,192391
190263,KARUMATRA,32,594,05655,627909,KERALA,Thrissur,Kodungallur,Karumathra,627909,566,32,221901,Vellangallur,5655,Vellangallur,6096,,73.0,1,6720.748682648604,2431592.320553385,1,192399,6401,VELLANGALLUR,521,Thrissur,192399
190253,PANANGAD,32,594,05655,627878,KERALA,Thrissur,Kodungallur,Panangad (CT),627878,566,32,221871,Sree Narayanapuram,5655,Mathilakam,6090,,69.0,1,14154.505776595366,7615719.74275227,1,192389,6395,MATHILAKAM,521,Thrissur,192389
190260,VALLIVATTAM,32,594,05655,627908,KERALA,Thrissur,Kodungallur,Vallivattom,627908,566,32,221901,Vellangallur,5655,Vellangallur,6096,,73.0,1,13081.319320344599,7714854.56343251,1,192396,6401,VELLANGALLUR,521,Thrissur,192396
190261,TEKKUMKARA,32,594,05655,627935,KERALA,Thrissur,Kodungallur,Thekkumkara (CT),627935,566,32,221901,Vellangallur,5655,Vellangallur,6096,,73.0,1,18347.270722235568,9342830.682672774,1,192397,6401,VELLANGALLUR,521,Thrissur,192397
190265,VADAKKUMKARA,32,594,05655,627932,KERALA,Thrissur,Kodungallur,Vadakkumkara (CT),627932,566,32,221901,Vellangallur,5655,Vellangallur,6096,,73.0,1,15885.296952195942,7256667.46312061,1,192401,6401,VELLANGALLUR,521,Thrissur,192401
190249,MADATTUMPADI,32,594,05655,627884,KERALA,Thrissur,Kodungallur,Madathumpady (CT),627884,566,32,221866,Poyya,5655,Mala,6089,,73.0,1,14047.172898955778,4283428.351784465,1,192385,6394,MALA,521,Thrissur,192385
190490,KAKKULISSERI,32,594,05656,627917,KERALA,Thrissur,Mukundapuram,Kakkulissery,627917,566,32,221864,Kuzhur,5656,Mala,6089,,73.0,1,17906.03074252655,8455474.201381736,1,192626,6394,MALA,521,Thrissur,192626
190248,POYYA,32,594,05655,627883,KERALA,Thrissur,Kodungallur,Poyya (CT),627883,566,32,221866,Poyya,5655,Mala,6089,,73.0,1,16085.197243509516,9806703.99881583,1,192384,6394,MALA,521,Thrissur,192384
190269,PULLUT,32,594,05655,803281,KERALA,Thrissur,Kodungallur,Kodungallur (M),803281,566,32,0,,5655,Mathilakam,6090,,73.0,1,32380.307821077437,17924481.739022426,1,192405,6395,MATHILAKAM,521,Thrissur,192405
190489,KURUVILASSERI,32,594,05656,627916,KERALA,Thrissur,Mukundapuram,Kuruvilassery,627916,566,32,221865,Mala,5656,Mala,6089,,73.0,1,14362.575329227566,6501227.12480445,1,192625,6394,MALA,521,Thrissur,192625
190485,VADAMA,32,594,05656,627939,KERALA,Thrissur,Mukundapuram,Vadama (CT),627939,566,32,221865,Mala,5656,Mala,6089,,73.0,1,17667.156350494377,10511871.699958974,1,192621,6394,MALA,521,Thrissur,192621
190262,PUTTANCHIRA,32,594,05655,627910,KERALA,Thrissur,Kodungallur,Puthenchira,627910,566,32,221900,Puthenchira,5655,Vellangallur,6096,,73.0,1,28978.610462876946,22698906.582721524,1,192398,6401,VELLANGALLUR,521,Thrissur,192398
190484,VADAKKUMBHAGAM,32,594,05656,627911,KERALA,Thrissur,Mukundapuram,Vadakkumbhagom,627911,566,32,221865,Mala,5656,Mala,6089,,73.0,1,17144.42968803355,6134592.90156686,1,192620,6394,MALA,521,Thrissur,192620
190483,ANNALUR,32,594,05656,627912,KERALA,Thrissur,Mukundapuram,Annallur,627912,566,32,221865,Mala,5656,Mala,6089,,73.0,1,14433.874232354749,6222810.125155765,1,192619,6394,MALA,521,Thrissur,192619
190264,KOTTANALLUR,32,594,05655,627907,KERALA,Thrissur,Kodungallur,Kottanellur,627907,566,32,221902,Vellookkara,5655,Vellangallur,6096,,70.0,1,17964.5335213426,11615458.77089895,1,192400,6401,VELLANGALLUR,521,Thrissur,192400
190268,EDAVILANGU,32,594,05655,627879,KERALA,Thrissur,Kodungallur,Edavilangu (CT),627879,566,32,221860,Edavilangu,5655,Mathilakam,6090,,69.0,1,14700.767687663523,7364207.95320422,1,192404,6395,MATHILAKAM,521,Thrissur,192404
190254,PADINJARE VEMBALLUR,32,594,05655,627871,KERALA,Thrissur,Kodungallur,Padinjare Vemballur,627871,566,32,221871,Sree Narayanapuram,5655,Mathilakam,6090,,69.0,1,11084.969588614878,6546633.52459037,1,192390,6395,MATHILAKAM,521,Thrissur,192390
190252,KULIMUTTAM,32,594,05655,627870,KERALA,Thrissur,Kodungallur,Koolimuttam,627870,566,32,221869,Mathilakam,5655,Mathilakam,6090,,69.0,1,13720.76056594608,7596942.450728475,1,192388,6395,MATHILAKAM,521,Thrissur,192388
190251,PAPPINIVATTAM,32,594,05655,627877,KERALA,Thrissur,Kodungallur,Pappinivattom (CT),627877,566,32,221869,Mathilakam,5655,Mathilakam,6090,,69.0,1,12964.338964608329,6591795.58345774,1,192387,6395,MATHILAKAM,521,Thrissur,192387
190250,PERINJANAM,32,594,05655,627876,KERALA,Thrissur,Kodungallur,Perinjanam (CT),627876,566,32,221870,Perinjanam,5655,Mathilakam,6090,,69.0,1,14908.13250499118,9536778.94024685,1,192386,6395,MATHILAKAM,521,Thrissur,192386
190235,KAIPAMANGALAM,32,594,05655,627875,KERALA,Thrissur,Kodungallur,Kaipamangalam (CT),627875,566,32,221868,Kaipamangalam,5655,Mathilakam,6090,,69.0,1,16423.14867436321,14986842.62590427,1,192371,6395,MATHILAKAM,521,Thrissur,192371
190271,CHANDRAPPINNI,32,594,05655,627874,KERALA,Thrissur,Kodungallur,Chendrappini (CT),627874,566,32,221867,Edathiruthy,5655,Mathilakam,6090,,69.0,1,20858.069970213037,8127496.436759865,1,192407,6395,MATHILAKAM,521,Thrissur,192407
190233,KATTUR,32,594,05655,627924,KERALA,Thrissur,Kodungallur,Kattur (CT),627924,566,32,221850,Kattur,5655,Irinjalakkuda,6086,,70.0,1,16759.841804175892,11451125.22753088,1,192369,6392,IRINJALAKKUDA,521,Thrissur,192369
190234,EDATTURUTTI,32,594,05655,627873,KERALA,Thrissur,Kodungallur,Edathiruthy (CT),627873,566,32,221867,Edathiruthy,5655,Mathilakam,6090,,69.0,1,18465.12896857338,9421718.59462702,1,192370,6395,MATHILAKAM,521,Thrissur,192370
190525,VALAPPAD,32,594,05653,627791,KERALA,Thrissur,Chavakkad,Valappad,627791,566,32,221897,Valappad,5653,Thalikkulam,6095,,68.0,1,20683.42984156367,17403730.67202566,1,192661,6400,THALIKKULAM,521,Thrissur,192661
190491,TAZHEKKADU,32,594,05656,627906,KERALA,Thrissur,Mukundapuram,Thazhekkad,627906,566,32,221862,Alur,5656,Mala,6089,,70.0,1,22041.485493461452,14041270.913289566,1,192627,6394,MALA,521,Thrissur,192627
190240,KADUPPISSERI,32,594,05655,627897,KERALA,Thrissur,Kodungallur,Kaduppassery,627897,566,32,221902,Vellookkara,5655,Vellangallur,6096,,70.0,1,13398.292099244254,8245502.57652796,1,192376,6401,VELLANGALLUR,521,Thrissur,192376
190266,PULLUR,32,594,05655,627928,KERALA,Thrissur,Kodungallur,Pullur (CT),627928,566,32,221851,Muriyad,5655,Irinjalakkuda,6086,,70.0,1,15201.251269821501,9292470.04960483,1,192402,6392,IRINJALAKKUDA,521,Thrissur,192402
190492,KALLETTUMKARA,32,594,05656,627927,KERALA,Thrissur,Mukundapuram,Kallettumkara (CT),627927,566,32,221862,Alur,5656,Mala,6089,,70.0,1,15166.886276152778,5097644.546479145,1,192628,6394,MALA,521,Thrissur,192628
190241,MURIYAD,32,594,05655,627895,KERALA,Thrissur,Kodungallur,Muriyad,627895,566,32,221851,Muriyad,5655,Irinjalakkuda,6086,,70.0,1,17094.847272261046,8502735.413571905,1,192377,6392,IRINJALAKKUDA,521,Thrissur,192377
190245,ANANDAPURAM,32,594,05655,627894,KERALA,Thrissur,Kodungallur,Anandapuram,627894,566,32,221851,Muriyad,5655,Irinjalakkuda,6086,,70.0,1,12042.812952587268,6736376.176714295,1,192381,6392,IRINJALAKKUDA,521,Thrissur,192381
190267,NELLAVI,32,594,05655,627893,KERALA,Thrissur,Kodungallur,Nellayi,627893,566,32,221852,Parappukkara,5655,Irinjalakkuda,6086,,71.0,1,15849.330367466373,7472771.57512957,1,192403,6392,IRINJALAKKUDA,521,Thrissur,192403
190242,PARAPPUKKARA,32,594,05655,627923,KERALA,Thrissur,Kodungallur,Parappukkara (CT),627923,566,32,221852,Parappukkara,5655,Irinjalakkuda,6086,,71.0,1,13802.685579210884,7760239.31953532,1,192378,6392,IRINJALAKKUDA,521,Thrissur,192378
190247,TOTTIPAL,32,594,05655,627887,KERALA,Thrissur,Kodungallur,Thottippal,627887,566,32,221852,Parappukkara,5655,Irinjalakkuda,6086,,71.0,1,16494.29784011314,8114020.785490355,1,192383,6392,IRINJALAKKUDA,521,Thrissur,192383
190270,TORAVU,32,594,05655,627922,KERALA,Thrissur,Kodungallur,Thoravu,627922,566,32,221857,Pudukkad,5655,Kodakara,6087,,71.0,1,18741.121884264492,6213311.09619015,1,192406,6393,KODAKARA,521,Thrissur,192406
190237,PADIYUR,32,594,05655,627934,KERALA,Thrissur,Kodungallur,Padiyur (CT),627934,566,32,221898,Padiyur,5655,Vellangallur,6096,,70.0,1,15610.407851955362,8508461.621432235,1,192373,6401,VELLANGALLUR,521,Thrissur,192373
190238,PUMANGALAM,32,594,05655,627933,KERALA,Thrissur,Kodungallur,Poomangalam (CT),627933,566,32,221899,Poomangalam,5655,Vellangallur,6096,,70.0,1,21220.16549717181,9408989.338282315,1,192374,6401,VELLANGALLUR,521,Thrissur,192374
190239,VELLUKARA,32,594,05655,627931,KERALA,Thrissur,Kodungallur,Vellookkara (CT),627931,566,32,221902,Vellookkara,5655,Vellangallur,6096,,70.0,1,12142.28509355386,6354449.641293385,1,192375,6401,VELLANGALLUR,521,Thrissur,192375
190236,EDATTIRINJI,32,594,05655,627930,KERALA,Thrissur,Kodungallur,Edathirinji (CT),627930,566,32,221898,Padiyur,5655,Vellangallur,6096,,70.0,1,16419.08528528342,10151581.97058932,1,192372,6401,VELLANGALLUR,521,Thrissur,192372
190232,MANAVALASSERI,32,594,05655,627929,KERALA,Thrissur,Kodungallur,Manavalassery (CT),627929,566,32,221849,Karalam,5655,Irinjalakkuda,6086,,70.0,1,26794.469638581435,11946689.096950814,1,192368,6392,IRINJALAKKUDA,521,Thrissur,192368
190230,IRINJALAKUDA,32,594,05655,803282,KERALA,Thrissur,Kodungallur,Irinjalakuda (M),803282,566,32,0,,5655,Irinjalakkuda,6086,,70.0,1,14845.32786276888,8931169.76961925,1,192366,6392,IRINJALAKKUDA,521,Thrissur,192366
190244,MATAYKONAM,32,594,05655,627926,KERALA,Thrissur,Kodungallur,Madayikonam (CT),627926,566,32,0,,5655,Irinjalakkuda,6086,,70.0,1,15292.272038187884,10372998.36701084,1,192380,6392,IRINJALAKKUDA,521,Thrissur,192380
190231,KARALAM,32,594,05655,627886,KERALA,Thrissur,Kodungallur,Karalam,627886,566,32,221849,Karalam,5655,Irinjalakkuda,6086,,70.0,1,25742.58800312071,14683950.52886388,1,192367,6392,IRINJALAKKUDA,521,Thrissur,192367
190246,PORATTISSERI,32,594,05655,627925,KERALA,Thrissur,Kodungallur,Porathissery (CT),627925,566,32,0,,5655,Irinjalakkuda,6086,,70.0,1,25525.834054983716,11093343.46470377,1,192382,6392,IRINJALAKKUDA,521,Thrissur,192382
190464,INCHAMUDI,32,594,05654,627823,KERALA,Thrissur,Thrissur,Inchamudi,627823,566,32,221825,Chazhoor,5654,Anthikkad,6081,,68.0,1,11540.4407706985,4014036.819798595,1,192600,6387,ANTHIKKAD,521,Thrissur,192600
190463,KIZHUPILLIKKARA,32,594,05654,627868,KERALA,Thrissur,Thrissur,Kizhuppillikkara (CT),627868,566,32,221827,Thanniyam,5654,Anthikkad,6081,,68.0,1,9090.255886935294,3702538.13189633,1,192599,6387,ANTHIKKAD,521,Thrissur,192599
190462,TANIYAM,32,594,05654,627869,KERALA,Thrissur,Thrissur,Thanniyam (CT),627869,566,32,221827,Thanniyam,5654,Anthikkad,6081,,68.0,1,11421.3383206005,5441053.53511719,1,192598,6387,ANTHIKKAD,521,Thrissur,192598
190431,KURUMPILAVU,32,594,05654,627867,KERALA,Thrissur,Thrissur,Kurumpilavu (CT),627867,566,32,221825,Chazhoor,5654,Anthikkad,6081,,68.0,1,14360.17979008188,7915730.4234476,1,192567,6387,ANTHIKKAD,521,Thrissur,192567
190503,NATTIKA,32,594,05653,627790,KERALA,Thrissur,Chavakkad,Nattika,627790,566,32,221894,Nattika,5653,Thalikkulam,6095,,68.0,1,18516.17546957094,9715235.864993965,1,192639,6400,THALIKKULAM,521,Thrissur,192639
190461,KIZHAKKEMURI,32,594,05654,627861,KERALA,Thrissur,Thrissur,Kizhakkummuri (CT),627861,566,32,221827,Thanniyam,5654,Anthikkad,6081,,68.0,1,7738.4667638694855,2308049.301251105,1,192597,6387,ANTHIKKAD,521,Thrissur,192597
190427,VADAKKUMMURI,32,594,05654,627860,KERALA,Thrissur,Thrissur,Vadakkummuri (CT),627860,566,32,221827,Thanniyam,5654,Anthikkad,6081,,68.0,1,13000.338777764777,6051164.46954226,1,192563,6387,ANTHIKKAD,521,Thrissur,192563
190432,ALAPPAD,32,594,05654,627821,KERALA,Thrissur,Thrissur,Alappad,627821,566,32,221825,Chazhoor,5654,Anthikkad,6081,,68.0,1,10400.93449957882,5892616.12144997,1,192568,6387,ANTHIKKAD,521,Thrissur,192568
190430,CHAZHUR,32,594,05654,627822,KERALA,Thrissur,Thrissur,Chazhoor,627822,566,32,221825,Chazhoor,5654,Anthikkad,6081,,68.0,1,10004.171475933277,5042077.352065455,1,192566,6387,ANTHIKKAD,521,Thrissur,192566
190428,PADIYAM,32,594,05654,627859,KERALA,Thrissur,Thrissur,Padiyam (CT),627859,566,32,221824,Anthicad,5654,Anthikkad,6081,,68.0,1,12507.640603206215,6032396.12552934,1,192564,6387,ANTHIKKAD,521,Thrissur,192564
190429,ANTIKAD,32,594,05654,627858,KERALA,Thrissur,Thrissur,Anthicad (CT),627858,566,32,221824,Anthicad,5654,Anthikkad,6081,,68.0,1,13932.246003085378,7977149.25094949,1,192565,6387,ANTHIKKAD,521,Thrissur,192565
190409,ARATTUPUZHA,32,594,05654,627824,KERALA,Thrissur,Thrissur,Arattupuzha,627824,566,32,221842,Vallachira,5654,Cherpu,6084,,71.0,1,8623.987673922133,3226490.477944645,1,192545,6390,CHERPU,521,Thrissur,192545
190465,URAKAM,32,594,05654,627866,KERALA,Thrissur,Thrissur,Oorakam (CT),627866,566,32,221840,Cherpu,5654,Cherpu,6084,,68.0,1,16581.550573547956,7513292.53009826,1,192601,6390,CHERPU,521,Thrissur,192601
190415,CHERPU,32,594,05654,627862,KERALA,Thrissur,Thrissur,Cherpu (CT),627862,566,32,221840,Cherpu,5654,Cherpu,6084,,68.0,1,17695.598702856776,7980309.124652185,1,192551,6390,CHERPU,521,Thrissur,192551
190414,PARALAM,32,594,05654,627863,KERALA,Thrissur,Thrissur,Paralam (CT),627863,566,32,221841,Paralam,5654,Cherpu,6084,,68.0,1,11897.582815058558,5048638.39433458,1,192550,6390,CHERPU,521,Thrissur,192550
190466,CHEVUR,32,594,05654,627864,KERALA,Thrissur,Thrissur,Chevvoor (CT),627864,566,32,221840,Cherpu,5654,Cherpu,6084,,68.0,1,12129.72647095157,6702812.782212625,1,192602,6390,CHERPU,521,Thrissur,192602
190456,PALLIPURAM,32,594,05654,627820,KERALA,Thrissur,Thrissur,Pallippuram,627820,566,32,221841,Paralam,5654,Cherpu,6084,,68.0,1,9670.050373377357,4040582.94574224,1,192592,6390,CHERPU,521,Thrissur,192592
190457,VENGINISSHERI,32,594,05654,627856,KERALA,Thrissur,Thrissur,Venginissery (CT),627856,566,32,221841,Paralam,5654,Cherpu,6084,,68.0,1,8780.19358628574,3501930.74790876,1,192593,6390,CHERPU,521,Thrissur,192593
190413,PALISSHERI,32,594,05654,627855,KERALA,Thrissur,Thrissur,Palissery (CT),627855,566,32,221839,Avinissery,5654,Cherpu,6084,,68.0,1,8226.434984010273,2784233.858675005,1,192549,6390,CHERPU,521,Thrissur,192549
190458,AVANISSHERI,32,594,05654,627854,KERALA,Thrissur,Thrissur,Avinissery (CT),627854,566,32,221839,Avinissery,5654,Cherpu,6084,,68.0,1,10696.3242931939,4961570.769764565,1,192594,6390,CHERPU,521,Thrissur,192594
190416,KODANNUR,32,594,05654,627857,KERALA,Thrissur,Thrissur,Kodannur (CT),627857,566,32,221841,Paralam,5654,Cherpu,6084,,68.0,1,11059.6981775243,5481852.83811507,1,192552,6390,CHERPU,521,Thrissur,192552
190226,NENMANIKKARA,32,594,05655,627920,KERALA,Thrissur,Kodungallur,Nenmenikkara (CT),627920,566,32,221856,Nenmenikkara,5655,Kodakara,6087,,71.0,1,19249.092478146587,10642401.89490056,1,192362,6393,KODAKARA,521,Thrissur,192362
190410,VALLACHIRA,32,594,05654,627865,KERALA,Thrissur,Thrissur,Vallachira (CT),627865,566,32,221842,Vallachira,5654,Cherpu,6084,,71.0,1,11401.423487017742,6112266.556356195,1,192546,6390,CHERPU,521,Thrissur,192546
190229,TRIKKUR,32,594,05655,627919,KERALA,Thrissur,Kodungallur,Trikkur (CT),627919,566,32,221858,Trikkur,5655,Kodakara,6087,,71.0,1,23570.62171752532,10419713.11175051,1,192365,6393,KODAKARA,521,Thrissur,192365
190459,EDAKUNNI,32,594,05654,803280,KERALA,Thrissur,Thrissur,Thrissur (M Corp.),803280,566,32,0,,5654,Ollukkara,6092,,66.0,1,14267.9565460464,5652625.776071745,1,192595,6397,OLLUKKARA,521,Thrissur,192595
190411,MARATTAKKARA,32,594,05654,627852,KERALA,Thrissur,Thrissur,Marathakkara (CT),627852,566,32,221880,Puthur,5654,Ollukkara,6092,,66.0,1,16358.660468902006,7181619.551058025,1,192547,6397,OLLUKKARA,521,Thrissur,192547
190454,OLLUR,32,594,05654,803280,KERALA,Thrissur,Thrissur,Thrissur (M Corp.),803280,566,32,0,,5654,Ollukkara,6092,,66.0,1,15999.032815205373,10517999.66248314,1,192590,6397,OLLUKKARA,521,Thrissur,192590
190447,NADATTARA,32,594,05654,627845,KERALA,Thrissur,Thrissur,Nadathara (CT),627845,566,32,221878,Nadathara,5654,Ollukkara,6092,,66.0,1,14394.235939280761,5841339.320123425,1,192583,6397,OLLUKKARA,521,Thrissur,192583
190404,KOZHUKKULLI,32,594,05654,627843,KERALA,Thrissur,Thrissur,Kozhukkully (CT),627843,566,32,221878,Nadathara,5654,Ollukkara,6092,,66.0,1,10150.789755140127,3873711.85645248,1,192540,6397,OLLUKKARA,521,Thrissur,192540
190403,OLLUKKARA,32,594,05654,803280,KERALA,Thrissur,Thrissur,Thrissur (M Corp.),803280,566,32,0,,5654,Ollukkara,6092,,66.0,1,27703.128474625035,14939404.91350799,1,192539,6397,OLLUKKARA,521,Thrissur,192539
190452,NETTISSERI,32,594,05654,803280,KERALA,Thrissur,Thrissur,Thrissur (M Corp.),803280,566,32,0,,5654,Ollukkara,6092,,67.0,1,9886.23912016691,4300069.22205539,1,192588,6397,OLLUKKARA,521,Thrissur,192588
190434,MANAKODI,32,594,05654,627851,KERALA,Thrissur,Thrissur,Manakkody (CT),627851,566,32,221888,Arimpoor,5654,Puzhakkal,6094,,64.0,1,11650.665232579764,5866586.86533319,1,192570,6399,PUZHAKKAL,521,Thrissur,192570
190417,KANIMANGALAM,32,594,05654,803280,KERALA,Thrissur,Thrissur,Thrissur (M Corp.),803280,566,32,0,,5654,Cherpu,6084,,67.0,1,14301.487123397397,8462882.203348415,1,192553,6390,CHERPU,521,Thrissur,192553
190460,CHIYARAM,32,594,05654,803280,KERALA,Thrissur,Thrissur,Thrissur (M Corp.),803280,566,32,0,,5654,Ollukkara,6092,,67.0,1,14068.63462112529,5790715.014795105,1,192596,6397,OLLUKKARA,521,Thrissur,192596
190418,KURUKKANCHERI,32,594,05654,803280,KERALA,Thrissur,Thrissur,Thrissur (M Corp.),803280,566,32,0,,5654,Cherpu,6084,,67.0,1,8495.826316877788,3597070.7614134,1,192554,6390,CHERPU,521,Thrissur,192554
190419,ARANATTUKARA,32,594,05654,803280,KERALA,Thrissur,Thrissur,Thrissur (M Corp.),803280,566,32,0,,5654,Puzhakkal,6094,,67.0,1,13585.511487458125,8446072.456870886,1,192555,6399,PUZHAKKAL,521,Thrissur,192555
190451,PULLAZHI,32,594,05654,803280,KERALA,Thrissur,Thrissur,Thrissur (M Corp.),803280,566,32,0,,5654,Puzhakkal,6094,,67.0,1,22648.90508936232,17152058.354012135,1,192587,6399,PUZHAKKAL,521,Thrissur,192587
190443,CHEMBUKAVU,32,594,05654,803280,KERALA,Thrissur,Thrissur,Thrissur (M Corp.),803280,566,32,0,,5654,Ollukkara,6092,,67.0,1,7785.22902426266,3517695.92887524,1,192579,6397,OLLUKKARA,521,Thrissur,192579
190445,TRISSUR,32,594,05654,803280,KERALA,Thrissur,Thrissur,Thrissur (M Corp.),803280,566,32,0,,5654,Ollukkara,6092,,67.0,1,11799.629466395198,5929672.449885275,1,192581,6397,OLLUKKARA,521,Thrissur,192581
190446,PERINGAVU,32,594,05654,803280,KERALA,Thrissur,Thrissur,Thrissur (M Corp.),803280,566,32,0,,5654,Ollukkara,6092,,67.0,1,9201.204590595686,2332747.208819685,1,192582,6397,OLLUKKARA,521,Thrissur,192582
190444,PUNKUNNAM,32,594,05654,803280,KERALA,Thrissur,Thrissur,Thrissur (M Corp.),803280,566,32,0,,5654,Ollukkara,6092,,67.0,1,8299.416216447999,2740545.959019085,1,192580,6397,OLLUKKARA,521,Thrissur,192580
190422,PURANATTUKARA,32,594,05654,627840,KERALA,Thrissur,Thrissur,Puranattukara (CT),627840,566,32,221887,Adat,5654,Puzhakkal,6094,,65.0,1,11848.932247269391,6782080.086691895,1,192558,6399,PUZHAKKAL,521,Thrissur,192558
190521,ANNAKARA,32,594,05653,627786,KERALA,Thrissur,Chavakkad,Annakara,627786,566,32,221873,Mullassery,5653,Mullassery,6091,,64.0,1,22687.553096207608,10415055.194444105,1,192657,6396,MULLASSERY,521,Thrissur,192657
190424,CHITTILAPILLI,32,594,05654,627841,KERALA,Thrissur,Thrissur,Chittilappilly (CT),627841,566,32,221887,Adat,5654,Puzhakkal,6094,,65.0,1,10408.76460673181,4513099.161674745,1,192560,6399,PUZHAKKAL,521,Thrissur,192560
190425,TOLUR,32,594,05654,627830,KERALA,Thrissur,Thrissur,Tholur (CT),627830,566,32,221892,Tholur,5654,Puzhakkal,6094,,65.0,1,9436.115258949361,3676751.15181826,1,192561,6399,PUZHAKKAL,521,Thrissur,192561
190513,ELAVALLI,32,594,05653,627805,KERALA,Thrissur,Chavakkad,Elavally (CT),627805,566,32,221872,Elavally,5653,Mullassery,6091,,64.0,1,16109.208550628555,11017908.64577145,1,192649,6396,MULLASSERY,521,Thrissur,192649
190440,PERAMANGALAM,32,594,05654,627832,KERALA,Thrissur,Thrissur,Peramangalam (CT),627832,566,32,221890,Kaiparamba,5654,Puzhakkal,6094,,65.0,1,16680.475079057254,10025755.66206962,1,192576,6399,PUZHAKKAL,521,Thrissur,192576
190426,EDAKALATTUR,32,594,05654,627831,KERALA,Thrissur,Thrissur,Edakkalathur (CT),627831,566,32,221892,Tholur,5654,Puzhakkal,6094,,65.0,1,17399.260212263347,6515152.391120975,1,192562,6399,PUZHAKKAL,521,Thrissur,192562
190197,ALUR,32,594,,627783,KERALA,Thrissur,Kunnamkulam,Aloor (CT),627783,566,32,221846,Kandanassery,6598,Chowannur,6085,,64.0,1,16887.067133614553,7890388.303795675,1,192333,6391,CHOWANNUR,521,Thrissur,192333
190439,ANJUR,32,594,05654,627828,KERALA,Thrissur,Thrissur,Anjur (CT),627828,566,32,221890,Kaiparamba,5654,Puzhakkal,6094,,65.0,1,14036.547811688813,6574406.21160244,1,192575,6399,PUZHAKKAL,521,Thrissur,192575
190448,KAIPARAMBA,32,594,05654,627829,KERALA,Thrissur,Thrissur,Kaiparamba (CT),627829,566,32,221890,Kaiparamba,5654,Puzhakkal,6094,,65.0,1,15682.935146628413,5637184.36720286,1,192584,6399,PUZHAKKAL,521,Thrissur,192584
190423,PUZHAKKAL,32,594,05654,627839,KERALA,Thrissur,Thrissur,Puzhakkal (CT),627839,566,32,221887,Adat,5654,Puzhakkal,6094,,65.0,1,12408.433997758595,5364584.09607599,1,192559,6399,PUZHAKKAL,521,Thrissur,192559
190398,VIYYUR,32,594,05654,803280,KERALA,Thrissur,Thrissur,Thrissur (M Corp.),803280,566,32,0,,5654,Ollukkara,6092,,67.0,1,12217.535514888801,5234641.386622055,1,192534,6397,OLLUKKARA,521,Thrissur,192534
190397,KUTTUR,32,594,05654,627838,KERALA,Thrissur,Thrissur,Kuttoor (CT),627838,566,32,221876,Kolazhy,5654,Ollukkara,6092,,65.0,1,13359.672534990099,6135450.70996657,1,192533,6397,OLLUKKARA,521,Thrissur,192533
190399,KOLAZHI,32,594,05654,627835,KERALA,Thrissur,Thrissur,Kolazhy (CT),627835,566,32,221876,Kolazhy,5654,Ollukkara,6092,,65.0,1,13311.946131740966,4928150.051451875,1,192535,6397,OLLUKKARA,521,Thrissur,192535
190449,POTTOR,32,594,05654,627834,KERALA,Thrissur,Thrissur,Pottore (CT),627834,566,32,221876,Kolazhy,5654,Ollukkara,6092,,65.0,1,17832.78279604279,8696800.06288089,1,192585,6397,OLLUKKARA,521,Thrissur,192585
190441,AVANUR,32,594,05654,627827,KERALA,Thrissur,Thrissur,Avanur (CT),627827,566,32,221889,Avanur,5654,Puzhakkal,6094,,65.0,1,11014.358313791337,4950645.118197225,1,192577,6399,PUZHAKKAL,521,Thrissur,192577
190442,VELAPPAYA,32,594,05654,627812,KERALA,Thrissur,Thrissur,Velappaya,627812,566,32,221889,Avanur,5654,Puzhakkal,6094,,65.0,1,11435.758339836013,4615434.04028065,1,192578,6399,PUZHAKKAL,521,Thrissur,192578
190455,TANGALUR,32,594,05654,627826,KERALA,Thrissur,Thrissur,Thangalur (CT),627826,566,32,221889,Avanur,5654,Puzhakkal,6094,,65.0,1,17246.388200712667,5369321.417149865,1,192591,6399,PUZHAKKAL,521,Thrissur,192591
190321,MINALUR,32,594,05652,627781,KERALA,Thrissur,Talappilly,Minalur (CT),627781,566,32,0,,5652,Wadakkanchery,6097,,65.0,1,10160.132317491441,4421323.1297349,1,192457,6402,WADAKKANCHERY,521,Thrissur,192457
190320,PERINGANDUR,32,594,05652,627780,KERALA,Thrissur,Talappilly,Peringandoor (CT),627780,566,32,0,,5652,Wadakkanchery,6097,,65.0,1,9958.208863988682,4699670.1728831,1,192456,6402,WADAKKANCHERY,521,Thrissur,192456
190453,VELLANIKARA,32,594,05654,627837,KERALA,Thrissur,Thrissur,Vellanikkara (CT),627837,566,32,221877,Madakkathara,5654,Ollukkara,6092,,66.0,1,12210.601260959389,4800768.731292275,1,192589,6397,OLLUKKARA,521,Thrissur,192589
190401,VILVATTAM,32,594,05654,803280,KERALA,Thrissur,Thrissur,Thrissur (M Corp.),803280,566,32,0,,5654,Ollukkara,6092,,67.0,1,12258.387366450243,7368779.925000125,1,192537,6397,OLLUKKARA,521,Thrissur,192537
190402,MADAKATTARA,32,594,05654,627813,KERALA,Thrissur,Thrissur,Madakkathara,627813,566,32,221877,Madakkathara,5654,Ollukkara,6092,,66.0,1,38908.569610301034,18056048.629319213,1,192538,6397,OLLUKKARA,521,Thrissur,192538
190400,KURUCHIKKARA,32,594,05654,627836,KERALA,Thrissur,Thrissur,Kurichikkara (CT),627836,566,32,221877,Madakkathara,5654,Ollukkara,6092,,67.0,1,12757.897762504683,3500285.27021522,1,192536,6397,OLLUKKARA,521,Thrissur,192536
190396,KILLANNUR,32,594,05654,627825,KERALA,Thrissur,Thrissur,Killannur (CT),627825,566,32,221891,Mulakunnathukavu,5654,Puzhakkal,6094,,65.0,1,35962.70945471908,21919518.3823305,1,192532,6399,PUZHAKKAL,521,Thrissur,192532
190337,TEKKUMKARA,32,594,05652,627745,KERALA,Thrissur,Talappilly,Thekkumkara,627745,566,32,221908,Thekkumkara,5652,Wadakkanchery,6097,,65.0,1,28174.525117687386,21942458.792290356,1,192473,6402,WADAKKANCHERY,521,Thrissur,192473
190335,VIRUPAKKA,32,594,05652,627747,KERALA,Thrissur,Talappilly,Viruppakka,627747,566,32,221908,Thekkumkara,5652,Wadakkanchery,6097,,65.0,1,11894.493146729099,2986572.339044865,1,192471,6402,WADAKKANCHERY,521,Thrissur,192471
190323,KARUMATTARA,32,594,05652,627746,KERALA,Thrissur,Talappilly,Karumathara,627746,566,32,221908,Thekkumkara,5652,Wadakkanchery,6097,,65.0,1,6148.117041341485,2010785.48694485,1,192459,6402,WADAKKANCHERY,521,Thrissur,192459
190324,ENGAKAD,32,594,05652,627769,KERALA,Thrissur,Talappilly,Enkakkad (CT),627769,566,32,0,,5652,Wadakkanchery,6097,,65.0,1,16499.213818459244,7402850.31545007,1,192460,6402,WADAKKANCHERY,521,Thrissur,192460
190338,KUMARANELLUR,32,594,05652,627767,KERALA,Thrissur,Talappilly,Kumaranellur (CT),627767,566,32,0,,5652,Wadakkanchery,6097,,65.0,1,12729.472681138517,4760881.900042495,1,192474,6402,WADAKKANCHERY,521,Thrissur,192474
190219,ERANELLUR,32,594,,627782,KERALA,Thrissur,Kunnamkulam,Eranellur (CT),627782,566,32,221843,Choondal,6598,Chowannur,6085,,64.0,1,11586.009340599028,5408803.0411646,1,192355,6391,CHOWANNUR,521,Thrissur,192355
190223,KIRALUR,32,594,,627742,KERALA,Thrissur,Kunnamkulam,Kiralur,627742,566,32,221910,Velur,6598,Wadakkanchery,6097,,62.0,1,8420.870150882774,3014485.06793264,1,192359,6402,WADAKKANCHERY,521,Thrissur,192359
190220,CHUNDAL,32,594,,627776,KERALA,Thrissur,Kunnamkulam,Choondal (CT),627776,566,32,221843,Choondal,6598,Chowannur,6085,,64.0,1,17157.79524062513,9116952.498967845,1,192356,6391,CHOWANNUR,521,Thrissur,192356
190218,CHIRANELLUR,32,594,,627777,KERALA,Thrissur,Kunnamkulam,Chiranellur (CT),627777,566,32,221843,Choondal,6598,Chowannur,6085,,64.0,1,13698.1948020349,7176066.90092339,1,192354,6391,CHOWANNUR,521,Thrissur,192354
190216,VELUR,32,594,,627778,KERALA,Thrissur,Kunnamkulam,Velur (CT),627778,566,32,221910,Velur,6598,Wadakkanchery,6097,,62.0,1,17069.957954662626,12835527.23627054,1,192352,6402,WADAKKANCHERY,521,Thrissur,192352
190200,CHEMMANTATTA,32,594,,627739,KERALA,Thrissur,Kunnamkulam,Chemmanthatta,627739,566,32,221844,Chowwannur,6598,Chowannur,6085,,62.0,1,12780.212913712394,5084528.57054069,1,192336,6391,CHOWANNUR,521,Thrissur,192336
190224,EYYAL,32,594,,627772,KERALA,Thrissur,Kunnamkulam,Eyyal (CT),627772,566,32,221905,Kadangode,6598,Wadakkanchery,6097,,62.0,1,15972.37469357182,6531948.888359845,1,192360,6402,WADAKKANCHERY,521,Thrissur,192360
190217,VELLATTANJUR,32,594,,627740,KERALA,Thrissur,Kunnamkulam,Vellattanjur,627740,566,32,221910,Velur,6598,Wadakkanchery,6097,,62.0,1,14448.40088808958,6114779.085705335,1,192353,6402,WADAKKANCHERY,521,Thrissur,192353
190211,CHIRAMANANGAD,32,594,,627773,KERALA,Thrissur,Kunnamkulam,Chiramanangad (CT),627773,566,32,221905,Kadangode,6598,Wadakkanchery,6097,,62.0,1,17495.369968736195,7947664.174104385,1,192347,6402,WADAKKANCHERY,521,Thrissur,192347
190214,KARIYANNUR,32,594,,627771,KERALA,Thrissur,Kunnamkulam,Kariyannur (CT),627771,566,32,221904,Erumapetty,6598,Wadakkanchery,6097,,62.0,1,13111.996150459629,6240834.974227995,1,192350,6402,WADAKKANCHERY,521,Thrissur,192350
190319,PARILIKKAD,32,594,05652,627743,KERALA,Thrissur,Talappilly,Parlikad,627743,566,32,0,,5652,Wadakkanchery,6097,,65.0,1,12656.3696786298,3853187.67639594,1,192455,6402,WADAKKANCHERY,521,Thrissur,192455
190317,MUNDATTIKOD,32,594,05652,627779,KERALA,Thrissur,Talappilly,Mundathikode (CT),627779,566,32,0,,5652,Wadakkanchery,6097,,65.0,1,13770.383525438327,6807532.40905232,1,192453,6402,WADAKKANCHERY,521,Thrissur,192453
190322,VADAKKANCHERI,32,594,05652,627770,KERALA,Thrissur,Talappilly,Wadakkanchery (CT),627770,566,32,0,,5652,Wadakkanchery,6097,,65.0,1,27021.18901097443,14728436.020545175,1,192458,6402,WADAKKANCHERY,521,Thrissur,192458
190318,PUTURUTTI,32,594,05652,627744,KERALA,Thrissur,Talappilly,Puthuruthy,627744,566,32,0,,5652,Wadakkanchery,6097,,65.0,1,14442.460170768916,5272474.464718725,1,192454,6402,WADAKKANCHERY,521,Thrissur,192454
190215,TAYYUR,32,594,,627741,KERALA,Thrissur,Kunnamkulam,Thayyur,627741,566,32,221910,Velur,6598,Wadakkanchery,6097,,62.0,1,12046.646156148796,7453814.267485065,1,192351,6402,WADAKKANCHERY,521,Thrissur,192351
190303,KOTTAPPURAM,32,594,05652,627765,KERALA,Thrissur,Talappilly,Kottappuram (CT),627765,566,32,221904,Erumapetty,5652,Wadakkanchery,6097,,62.0,1,15939.257980458691,7222603.249064365,1,192439,6402,WADAKKANCHERY,521,Thrissur,192439
190302,CHITTANDA,32,594,05652,627766,KERALA,Thrissur,Talappilly,Chittanda (CT),627766,566,32,221904,Erumapetty,5652,Wadakkanchery,6097,,62.0,1,19507.69888253175,6683345.38203931,1,192438,6402,WADAKKANCHERY,521,Thrissur,192438
190301,KANJIRAKOD,32,594,05652,627734,KERALA,Thrissur,Talappilly,Kanjirakode,627734,566,32,221904,Erumapetty,5652,Wadakkanchery,6097,,62.0,1,22184.439463856135,9931881.529377295,1,192437,6402,WADAKKANCHERY,521,Thrissur,192437
190225,NELLUVAYI,32,594,,627764,KERALA,Thrissur,Kunnamkulam,Nelluwaya (CT),627764,566,32,221904,Erumapetty,6598,Wadakkanchery,6097,,62.0,1,13816.115758848206,6660619.410010565,1,192361,6402,WADAKKANCHERY,521,Thrissur,192361
190334,VARAUR,32,594,05652,627721,KERALA,Thrissur,Talappilly,Varavoor,627721,566,32,221909,Varavoor,5652,Wadakkanchery,6097,,61.0,1,20478.89334468902,11303313.71097477,1,192470,6402,WADAKKANCHERY,521,Thrissur,192470
190314,KURUMALA,32,594,05652,627749,KERALA,Thrissur,Talappilly,Kurumala,627749,566,32,221881,Chelakkara,5652,Pazhayannur,6093,,61.0,1,14279.087449685345,5614543.32563508,1,192450,6398,PAZHAYANNUR,521,Thrissur,192450
190306,ATTUR,32,594,05652,627732,KERALA,Thrissur,Talappilly,Attoor,627732,566,32,221906,Mullurkara,5652,Wadakkanchery,6097,,61.0,1,47039.567821957644,31747470.257322013,1,192442,6402,WADAKKANCHERY,521,Thrissur,192442
190313,CHELAKKARA,32,594,05652,627768,KERALA,Thrissur,Talappilly,Chelakkara (CT),627768,566,32,221881,Chelakkara,5652,Pazhayannur,6093,,61.0,1,11149.145057311,4198250.0372351,1,192449,6398,PAZHAYANNUR,521,Thrissur,192449
190316,TONNURKARA,32,594,05652,627750,KERALA,Thrissur,Talappilly,Thonnurkara,627750,566,32,221881,Chelakkara,5652,Pazhayannur,6093,,61.0,1,17048.30722758216,7840340.2961788,1,192452,6398,PAZHAYANNUR,521,Thrissur,192452
190304,KILLIMANGALAM,32,594,05652,627730,KERALA,Thrissur,Talappilly,Killimangalam,627730,566,32,221883,Panjal,5652,Pazhayannur,6093,,61.0,1,16979.36972098814,10707696.586895086,1,192440,6398,PAZHAYANNUR,521,Thrissur,192440
190305,PANJAL,32,594,05652,627731,KERALA,Thrissur,Talappilly,Panjal,627731,566,32,221883,Panjal,5652,Pazhayannur,6093,,61.0,1,10550.98261722284,7190431.907908345,1,192441,6398,PAZHAYANNUR,521,Thrissur,192441
190331,PAINKULAM,32,594,05652,627722,KERALA,Thrissur,Talappilly,Painkulam,627722,566,32,221883,Panjal,5652,Pazhayannur,6093,,61.0,1,21926.220644563098,12976903.316100774,1,192467,6398,PAZHAYANNUR,521,Thrissur,192467
190061,VANIYAMKULAM-II,32,593,05647,627601,KERALA,Palakkad,Ottappalam,Vaniyamkulam- II (CT),627601,563,32,221664,Vaniamkulam,5647,Ottappalam,6055,,51.0,1,23845.150719302317,19507745.650959626,1,192196,6363,OTTAPPALAM,518,Palakkad,192196
190060,VANIY,32,593,05647,627591,KERALA,Palakkad,Ottappalam,Vaniyamkulam-I,627591,563,32,221664,Vaniamkulam,5647,Ottappalam,6055,,51.0,1,19813.837676988598,14969339.464915145,1,192195,6363,OTTAPPALAM,518,Palakkad,192195
190059,CHALAVARA,32,593,05647,627583,KERALA,Palakkad,Ottappalam,Chalavara,627583,563,32,221662,Chalavara,5647,Ottappalam,6055,,51.0,1,31443.891089415367,31662392.230382584,1,192194,6363,OTTAPPALAM,518,Palakkad,192194
190212,VELLARAKKAD,32,594,,627735,KERALA,Thrissur,Kunnamkulam,Vellarakkad,627735,566,32,221905,Kadangode,6598,Wadakkanchery,6097,,62.0,1,12009.024789686111,6840649.018354075,1,192348,6402,WADAKKANCHERY,521,Thrissur,192348
190213,KADUNGOD,32,594,,627715,KERALA,Thrissur,Kunnamkulam,Kadangode,627715,566,32,221905,Kadangode,6598,Wadakkanchery,6097,,62.0,1,19993.40358142084,12734976.70336095,1,192349,6402,WADAKKANCHERY,521,Thrissur,192349
190210,PERUMPILAVU,32,594,,627714,KERALA,Thrissur,Kunnamkulam,Perumpilavu,627714,566,32,221845,Kadavallur,6598,Chowannur,6085,,62.0,1,15173.154330514139,9569082.91132944,1,192346,6391,CHOWANNUR,521,Thrissur,192346
190132,TIRUMITTAKOD-II,32,593,,627602,KERALA,Palakkad,Pattambi,Thirumittacode -II (CT),627602,563,32,221695,Thirumittacode,5940,Trithala,6059,,49.0,1,27195.799658345575,20321503.38019112,1,192268,6367,TRITHALA,518,Palakkad,192268
190127,NAGALASSERI,32,593,,627589,KERALA,Palakkad,Pattambi,Nagalassery,627589,563,32,221693,Nagalassery,5940,Trithala,6059,,49.0,1,31741.21257250698,28872244.617059235,1,192263,6367,TRITHALA,518,Palakkad,192263
190128,TRITTALA,32,593,,627600,KERALA,Palakkad,Pattambi,Thrithala (CT),627600,563,32,221696,Thrithala,5940,Trithala,6059,,49.0,1,27011.040818509235,23133574.24716443,1,192264,6367,TRITHALA,518,Palakkad,192264
190120,MUTUTALA,32,593,,627599,KERALA,Palakkad,Pattambi,Muthuthala (CT),627599,563,32,221675,Muthuthala,5940,Pattambi,6057,,50.0,1,22390.07504119536,21304674.80023214,1,192256,6365,PATTAMBI,518,Palakkad,192256
190119,PARUTUR,32,593,,627567,KERALA,Palakkad,Pattambi,Parudur,627567,563,32,221678,Parudur,5940,Pattambi,6057,,49.0,1,21874.804574582315,22030330.82777593,1,192255,6365,PATTAMBI,518,Palakkad,192255
189482,IRIMBILIAM,32,592,05644,627538,KERALA,Malappuram,Tirur,Irimbiliyam (CT),627538,562,32,221526,Irimbilayam,5644,Kuttippuram,6035,,46.0,1,30966.645692940026,25395289.32343674,1,191616,6343,KUTTIPPURAM,517,Malappuram,191616
190122,TIRUVENGAPURA,32,593,,627568,KERALA,Palakkad,Pattambi,Thiruvegapura,627568,563,32,221680,Thiruvegapuram,5940,Pattambi,6057,,50.0,1,27399.942820076358,21296720.33248435,1,192258,6365,PATTAMBI,518,Palakkad,192258
190433,PULLU,32,594,05654,627819,KERALA,Thrissur,Thrissur,Pullu,627819,566,32,221825,Chazhoor,5654,Anthikkad,6081,,68.0,1,8029.176074926567,3917555.272512945,1,192569,6387,ANTHIKKAD,521,Thrissur,192569
190435,VELUTTUR,32,594,05654,627850,KERALA,Thrissur,Thrissur,Veluthur (CT),627850,566,32,221888,Arimpoor,5654,Puzhakkal,6094,,64.0,1,10458.63944348445,6279612.891613805,1,192571,6399,PUZHAKKAL,521,Thrissur,192571
190438,KARAMUKKU,32,594,05654,627847,KERALA,Thrissur,Thrissur,Karamuck (CT),627847,566,32,221826,Manallur,5654,Anthikkad,6081,,64.0,1,15829.682733834192,8487931.79370926,1,192574,6387,ANTHIKKAD,521,Thrissur,192574
190437,MANALUR,32,594,05654,627848,KERALA,Thrissur,Thrissur,Manalur (CT),627848,566,32,221826,Manallur,5654,Anthikkad,6081,,64.0,1,16354.409749288821,9795413.382441835,1,192573,6387,ANTHIKKAD,521,Thrissur,192573
190436,ERAVA,32,594,05654,627849,KERALA,Thrissur,Thrissur,Eravu (CT),627849,566,32,221888,Arimpoor,5654,Puzhakkal,6094,,64.0,1,12787.71275748744,6035073.72091263,1,192572,6399,PUZHAKKAL,521,Thrissur,192572
190420,PARAKAD,32,594,05654,627846,KERALA,Thrissur,Thrissur,Parakkad (CT),627846,566,32,221888,Arimpoor,5654,Puzhakkal,6094,,64.0,1,10105.782885521927,5809751.75967392,1,192556,6399,PUZHAKKAL,521,Thrissur,192556
190524,IRIMBRANALLUR,32,594,05653,627787,KERALA,Thrissur,Chavakkad,Irimbranallur,627787,566,32,221875,Venkitangu,5653,Mullassery,6091,,64.0,1,13246.127239614836,6903631.003367755,1,192660,6396,MULLASSERY,521,Thrissur,192660
190514,VENKIDANGA,32,594,05653,627809,KERALA,Thrissur,Chavakkad,Venkitangu (CT),627809,566,32,221875,Venkitangu,5653,Mullassery,6091,,64.0,1,17910.7970226299,8111040.0084175,1,192650,6396,MULLASSERY,521,Thrissur,192650
190421,ADATTU,32,594,05654,627842,KERALA,Thrissur,Thrissur,Adat (CT),627842,566,32,221887,Adat,5654,Puzhakkal,6094,,65.0,1,15010.56855227646,7224423.735379075,1,192557,6399,PUZHAKKAL,521,Thrissur,192557
190450,CHALAKKAL,32,594,05654,627814,KERALA,Thrissur,Thrissur,Chalakkal,627814,566,32,221892,Tholur,5654,Puzhakkal,6094,,65.0,1,14189.194628222838,6748630.81930275,1,192586,6399,PUZHAKKAL,521,Thrissur,192586
190522,TALIKKULAM,32,594,05653,627811,KERALA,Thrissur,Chavakkad,Talikkulam (CT),627811,566,32,221895,Thalikulam,5653,Thalikkulam,6095,,68.0,1,14846.612981412456,10895942.000160195,1,192658,6400,THALIKKULAM,521,Thrissur,192658
190504,VADANAPPALLI,32,594,05653,627810,KERALA,Thrissur,Chavakkad,Vadanappally (CT),627810,566,32,221893,Engandiyur,5653,Thalikkulam,6095,,64.0,1,18522.488462790698,14750178.447125465,1,192640,6400,THALIKKULAM,521,Thrissur,192640
190505,ENGANDIYUR,32,594,05653,627789,KERALA,Thrissur,Chavakkad,Engandiyur,627789,566,32,221893,Engandiyur,5653,Thalikkulam,6095,,63.0,1,19086.645052926036,17926231.60855022,1,192641,6400,THALIKKULAM,521,Thrissur,192641
190520,KUNDAZHIYUR,32,594,05653,627788,KERALA,Thrissur,Chavakkad,Kundazhiyur,627788,566,32,221875,Venkitangu,5653,Mullassery,6091,,64.0,1,17887.9528987241,7221620.26650324,1,192656,6396,MULLASSERY,521,Thrissur,192656
190515,MULLASSHERI,32,594,05653,627808,KERALA,Thrissur,Chavakkad,Mullassery (CT),627808,566,32,221873,Mullassery,5653,Mullassery,6091,,64.0,1,16956.526851575927,7511541.49722731,1,192651,6396,MULLASSERY,521,Thrissur,192651
190517,ORUMANAYUR,32,594,05653,627801,KERALA,Thrissur,Chavakkad,Orumanayur (CT),627801,566,32,221834,Kadappuram,5653,Chavakkad,6083,,63.0,1,22342.154473840095,16052925.711700335,1,192653,6389,CHAVAKKAD,521,Thrissur,192653
190516,VANMENAD,32,594,05653,627807,KERALA,Thrissur,Chavakkad,Venmanad (CT),627807,566,32,221874,Pavaratty,5653,Mullassery,6091,,64.0,1,13919.622402955323,5446848.91847549,1,192652,6396,MULLASSERY,521,Thrissur,192652
190512,BRAHMAKULAM,32,594,05653,627804,KERALA,Thrissur,Chavakkad,Brahmakulam (CT),627804,566,32,221872,Elavally,5653,Mullassery,6091,,64.0,1,12529.060565358708,6194667.207047875,1,192648,6396,MULLASSERY,521,Thrissur,192648
190511,PAVARATTI,32,594,05653,627806,KERALA,Thrissur,Chavakkad,Pavaratty (CT),627806,566,32,221874,Pavaratty,5653,Mullassery,6091,,64.0,1,13196.059887038853,4263826.594041705,1,192647,6396,MULLASSERY,521,Thrissur,192647
190510,CHAVAKKAD,32,594,05653,627802,KERALA,Thrissur,Chavakkad,Paluvai (CT),627802,566,32,0,,5653,Chavakkad,6083,,64.0,1,14767.182757607949,7124749.609906305,1,192646,6389,CHAVAKKAD,521,Thrissur,192646
190523,TAYIKKAD,32,594,05653,627803,KERALA,Thrissur,Chavakkad,Thaikkad (CT),627803,566,32,0,,5653,Chavakkad,6083,,63.0,1,11074.931646499686,5256165.647954055,1,192659,6389,CHAVAKKAD,521,Thrissur,192659
190509,GURUVAYUR,32,594,05653,803278,KERALA,Thrissur,Chavakkad,Pookode (CT),803278,566,32,0,,5653,Chavakkad,6083,,63.0,1,11567.24210645858,4791239.54519482,1,192645,6389,CHAVAKKAD,521,Thrissur,192645
190199,KANDANISSERI,32,594,,627784,KERALA,Thrissur,Kunnamkulam,Kandanassery (CT),627784,566,32,221846,Kandanassery,6598,Chowannur,6085,,64.0,1,17078.55094272181,8291237.141954555,1,192335,6391,CHOWANNUR,521,Thrissur,192335
190498,IRINGAPPURAM,32,594,05653,627799,KERALA,Thrissur,Chavakkad,Iringaprom (CT),627799,566,32,0,,5653,Chavakkad,6083,,63.0,1,11530.208041641434,6191121.38997825,1,192634,6389,CHAVAKKAD,521,Thrissur,192634
190506,PERAGAM,32,594,05653,627800,KERALA,Thrissur,Chavakkad,Perakam (CT),627800,566,32,0,,5653,Chavakkad,6083,,63.0,1,11253.559590306031,5192019.865137935,1,192642,6389,CHAVAKKAD,521,Thrissur,192642
190205,ARTAT,32,594,,803277,KERALA,Thrissur,Kunnamkulam,Kunnamkulam (M),803277,566,32,0,,6598,Chowannur,6085,,62.0,1,12592.637532932047,6148501.77883138,1,192341,6391,CHOWANNUR,521,Thrissur,192341
190499,PUKKOD,32,594,05653,627798,KERALA,Thrissur,Chavakkad,Pookode (CT),627798,566,32,0,,5653,Chavakkad,6083,,63.0,1,11632.284638137935,5398728.334913715,1,192635,6389,CHAVAKKAD,521,Thrissur,192635
190198,KANIPAYYUR,32,594,,627738,KERALA,Thrissur,Kunnamkulam,Kanipayyur,627738,566,32,221844,Chowwannur,6598,Chowannur,6085,,62.0,1,15758.113995427773,5477211.270287605,1,192334,6391,CHOWANNUR,521,Thrissur,192334
190204,ANJUR,32,594,,803277,KERALA,Thrissur,Kunnamkulam,Kunnamkulam (M),803277,566,32,0,,6598,Chowannur,6085,,62.0,1,12741.404520395241,6297932.48466667,1,192340,6391,CHOWANNUR,521,Thrissur,192340
190221,KUNNAMKULAM,32,594,,803277,KERALA,Thrissur,Kunnamkulam,Kunnamkulam (M),803277,566,32,0,,6598,Chowannur,6085,,62.0,1,15794.066059446364,8644387.20559188,1,192357,6391,CHOWANNUR,521,Thrissur,192357
190508,MANATTALA,32,594,05653,803279,KERALA,Thrissur,Chavakkad,Chavakkad (M),803279,566,32,0,,5653,Chavakkad,6083,,63.0,1,16141.318337525518,10293984.689183274,1,192644,6389,CHAVAKKAD,521,Thrissur,192644
190507,EDAKKAZHIYUR,32,594,05653,627796,KERALA,Thrissur,Chavakkad,Edakkazhiyur (CT),627796,566,32,221836,Punnayur,5653,Chavakkad,6083,,63.0,2,12286.80084243096,7432824.282050465,1,192643,6389,CHAVAKKAD,521,Thrissur,192643
190500,VAYILATTUR,32,594,05653,627797,KERALA,Thrissur,Chavakkad,Vylathur (CT),627797,566,32,221838,Vadekkekad,5653,Chavakkad,6083,,63.0,1,13698.83875861223,5954419.040860245,1,192636,6389,CHAVAKKAD,521,Thrissur,192636
190519,PUNNAYUR,32,594,05653,627795,KERALA,Thrissur,Chavakkad,Punnayur (CT),627795,566,32,221836,Punnayur,5653,Chavakkad,6083,,63.0,1,15170.22465760813,10177095.2670717,1,192655,6389,CHAVAKKAD,521,Thrissur,192655
190501,VADAKKEKAD,32,594,05653,627794,KERALA,Thrissur,Chavakkad,Vadakkekad (CT),627794,566,32,221838,Vadekkekad,5653,Chavakkad,6083,,63.0,1,15010.762539465191,7546131.103676585,1,192637,6389,CHAVAKKAD,521,Thrissur,192637
190502,PUNNAYURKULAM,32,594,05653,627793,KERALA,Thrissur,Chavakkad,Punnayurkulam (CT),627793,566,32,221837,Punnyurkulum,5653,Chavakkad,6083,,63.0,1,17357.53141348123,10539475.641876545,1,192638,6389,CHAVAKKAD,521,Thrissur,192638
190518,KADIKAD,32,594,05653,627792,KERALA,Thrissur,Chavakkad,Kadikkad (CT),627792,566,32,221837,Punnyurkulum,5653,Chavakkad,6083,,63.0,1,15507.423245503836,10075916.73698197,1,192654,6389,CHAVAKKAD,521,Thrissur,192654
189401,PERUMPADAPPU,32,592,05646,627560,KERALA,Malappuram,Ponnani,Perumpadappa,627560,562,32,221564,Perumpadappa,5646,Perumpadappu,6040,,48.0,1,27330.010823217464,15187063.978825444,1,191535,6348,PERUMPADAPPU,517,Malappuram,191535
189391,NANNAMMUKKU,32,592,05646,627561,KERALA,Malappuram,Ponnani,Nannamukku,627561,562,32,221563,Nannamukku,5646,Perumpadappu,6040,,48.0,1,20721.029063970844,18212890.00638772,1,191525,6348,PERUMPADAPPU,517,Malappuram,191525
189392,VELIYANGOD,32,592,05646,627559,KERALA,Malappuram,Ponnani,Veliyankode,627559,562,32,221565,Veliyancode,5646,Perumpadappu,6040,,48.0,1,27610.114792116918,18896696.530680284,1,191526,6348,PERUMPADAPPU,517,Malappuram,191526
190201,CHOVVANNUR,32,594,,627736,KERALA,Thrissur,Kunnamkulam,Chowwannur,627736,566,32,221844,Chowwannur,6598,Chowannur,6085,,62.0,1,16937.497562187873,8709012.50433362,1,192337,6391,CHOWANNUR,521,Thrissur,192337
190203,MANGAD,32,594,,627737,KERALA,Thrissur,Kunnamkulam,Mangad (Part),627737,566,32,221848,Porkulam,6598,Chowannur,6085,,62.0,1,10347.28247946161,3867601.111925495,1,192339,6391,CHOWANNUR,521,Thrissur,192339
190222,PORKKULAM,32,594,,627775,KERALA,Thrissur,Kunnamkulam,Porkulam (CT),627775,566,32,221848,Porkulam,6598,Chowannur,6085,,62.0,1,10822.11119761822,4513720.14083397,1,192358,6391,CHOWANNUR,521,Thrissur,192358
190202,AKATIYUR,32,594,,627774,KERALA,Thrissur,Kunnamkulam,Akathiyoor (CT),627774,566,32,221848,Porkulam,6598,Chowannur,6085,,62.0,1,11784.517685150247,5190870.04095616,1,192338,6391,CHOWANNUR,521,Thrissur,192338
190206,KATTAKAMPALA,32,594,,627761,KERALA,Thrissur,Kunnamkulam,Kattakampal (CT),627761,566,32,221847,Kattakampal,6598,Chowannur,6085,,62.0,1,14087.76736630615,9185538.80706185,1,192342,6391,CHOWANNUR,521,Thrissur,192342
190207,PAZHANJI,32,594,,627762,KERALA,Thrissur,Kunnamkulam,Pazhanji (CT),627762,566,32,221847,Kattakampal,6598,Chowannur,6085,,62.0,1,15667.00399898619,8202515.73639517,1,192343,6391,CHOWANNUR,521,Thrissur,192343
190209,KARIKKAD,32,594,,627763,KERALA,Thrissur,Kunnamkulam,Karikkad (CT),627763,566,32,221845,Kadavallur,6598,Chowannur,6085,,62.0,1,14267.622464108768,7569408.640435345,1,192345,6391,CHOWANNUR,521,Thrissur,192345
190208,KATAVALLUR,32,594,,627760,KERALA,Thrissur,Kunnamkulam,Kadavallur (CT),627760,566,32,221845,Kadavallur,6598,Chowannur,6085,,62.0,1,17561.18095280497,8599950.25308172,1,192344,6391,CHOWANNUR,521,Thrissur,192344
189396,ALANKOD,32,592,05646,627564,KERALA,Malappuram,Ponnani,Alamcode (CT),627564,562,32,221561,Alamcode,5646,Perumpadappu,6040,,48.0,1,34302.10021551388,21704168.57099434,1,191530,6348,PERUMPADAPPU,517,Malappuram,191530
190126,CHALISSERI,32,593,,627588,KERALA,Palakkad,Pattambi,Chalissery,627588,563,32,221691,Chalisseri,5940,Trithala,6059,,49.0,1,24946.348895197876,21929627.296553977,1,192262,6367,TRITHALA,518,Palakkad,192262
189393,MARANCHERI,32,592,05646,627565,KERALA,Malappuram,Ponnani,Marancheri (CT),627565,562,32,221562,Marancheri,5646,Perumpadappu,6040,,48.0,1,24642.27523914757,22076285.01588124,1,191527,6348,PERUMPADAPPU,517,Malappuram,191527
189394,EDAPPAL,32,592,05646,627563,KERALA,Malappuram,Ponnani,Edappal (CT),627563,562,32,221566,Edappal,5646,Ponnani,6041,,47.0,1,25264.731813571834,23046387.359796386,1,191528,6349,PONNANI,517,Malappuram,191528
189399,IZHUVATTI-RUTTI,32,592,05646,803272,KERALA,Malappuram,Ponnani,Ponnani (M),803272,562,32,0,,5646,Ponnani,6041,,48.0,1,25726.825993857834,14761008.169139056,1,191533,6349,PONNANI,517,Malappuram,191533
189398,KALADI,32,592,05646,627562,KERALA,Malappuram,Ponnani,Kalady (CT),627562,562,32,239030,Kalady,5646,Ponnani,6041,,47.0,1,29543.1141743751,16713676.455168424,1,191532,6349,PONNANI,517,Malappuram,191532
189397,TAVANUR,32,592,05646,627557,KERALA,Malappuram,Ponnani,Tavanur,627557,562,32,221567,Tavanur,5646,Ponnani,6041,,47.0,1,26388.186715759224,27625849.078759875,1,191531,6349,PONNANI,517,Malappuram,191531
189472,TRIPRANGOD,32,592,05644,627534,KERALA,Malappuram,Tirur,Triprangode (CT),627534,562,32,221581,Triprangode,5644,Tirur,6043,,47.0,1,26403.329636898314,20531056.33510598,1,191606,6351,TIRUR,517,Malappuram,191606
189470,TIRUNNAVAYA,32,592,05644,627535,KERALA,Malappuram,Tirur,Thirunavaya (CT),627535,562,32,221580,Thirunavaya,5644,Tirur,6043,,45.0,1,18885.46599966644,11613205.73439665,1,191604,6351,TIRUR,517,Malappuram,191604
189469,NADUVATTAM,32,592,05644,627536,KERALA,Malappuram,Tirur,Naduvattom (CT),627536,562,32,221527,Kuttippuram,5644,Kuttippuram,6035,,46.0,1,19543.290167837753,14758961.66860137,1,191603,6343,KUTTIPPURAM,517,Malappuram,191603
189471,ANANTAVUR,32,592,05644,627523,KERALA,Malappuram,Tirur,Ananthavoor,627523,562,32,221580,Thirunavaya,5644,Tirur,6043,,45.0,1,17436.649738292275,8650527.643821565,1,191605,6351,TIRUR,517,Malappuram,191605
189463,KURUMBATTUR,32,592,05644,627522,KERALA,Malappuram,Tirur,Kurumbathur,627522,562,32,221524,Athavanad,5644,Kuttippuram,6035,,45.0,1,18933.11723430597,13729067.655099286,1,191597,6343,KUTTIPPURAM,517,Malappuram,191597
190124,KAPPUR,32,593,,627587,KERALA,Palakkad,Pattambi,Kappur,627587,563,32,221692,Kappur,5940,Trithala,6059,,49.0,1,30941.07809256897,25880354.38466301,1,192260,6367,TRITHALA,518,Palakkad,192260
190125,PATTITTARA,32,593,,627586,KERALA,Palakkad,Pattambi,Pattithara,627586,563,32,221694,Pattithara,5940,Trithala,6059,,49.0,1,30314.14273491975,27926267.064868394,1,192261,6367,TRITHALA,518,Palakkad,192261
189395,VATTAMKULUM,32,592,05646,627558,KERALA,Malappuram,Ponnani,Vattamkulam,627558,562,32,221568,Vattamkulam,5646,Ponnani,6041,,47.0,1,31013.102650709003,22171021.2111711,1,191529,6349,PONNANI,517,Malappuram,191529
190133,ANAKKARA,32,593,,627566,KERALA,Palakkad,Pattambi,Anakkara,627566,563,32,221690,Anakkara,5940,Trithala,6059,,49.0,1,25354.343762514807,21909606.363337327,1,192269,6367,TRITHALA,518,Palakkad,192269
189468,KUTTIPPURAM,32,592,05644,627537,KERALA,Malappuram,Tirur,Kuttippuram (CT),627537,562,32,221527,Kuttippuram,5644,Kuttippuram,6035,,46.0,1,22632.97272269313,17497752.22386381,1,191602,6343,KUTTIPPURAM,517,Malappuram,191602
189467,KATTIPARUTTI,32,592,05644,627532,KERALA,Malappuram,Tirur,Kattipparuthi (CT),627532,562,32,0,,5644,Kuttippuram,6035,,46.0,1,25659.108780546758,23549541.475043956,1,191601,6343,KUTTIPPURAM,517,Malappuram,191601
189466,ATAVANAD,32,592,05644,627521,KERALA,Malappuram,Tirur,Athavanad,627521,562,32,221524,Athavanad,5644,Kuttippuram,6035,,45.0,1,19265.129381332747,13398862.791285375,1,191600,6343,KUTTIPPURAM,517,Malappuram,191600
189483,EDAYUR,32,592,05644,627520,KERALA,Malappuram,Tirur,Edayoor,627520,562,32,221525,Edayoor,5644,Kuttippuram,6035,,46.0,1,30884.52357947888,31571577.125407293,1,191617,6343,KUTTIPPURAM,517,Malappuram,191617
189465,MELMURI,32,592,05644,627519,KERALA,Malappuram,Tirur,Melmuri,627519,562,32,221528,Marakkara,5644,Kuttippuram,6035,,46.0,1,23327.374193304295,18487928.316372734,1,191599,6343,KUTTIPPURAM,517,Malappuram,191599
189464,MARAKKARA,32,592,05644,627517,KERALA,Malappuram,Tirur,Marakkara,627517,562,32,221528,Marakkara,5644,Kuttippuram,6035,,46.0,1,18303.987262613486,11513317.25132923,1,191598,6343,KUTTIPPURAM,517,Malappuram,191598
189400,PONNANI,32,592,05646,803272,KERALA,Malappuram,Ponnani,Ponnani (M),803272,562,32,0,,5646,Ponnani,6041,,48.0,1,17833.808465833823,9851236.38383001,1,191534,6349,PONNANI,517,Malappuram,191534
189484,PURATTUR,32,592,05644,627525,KERALA,Malappuram,Tirur,Purathur,627525,562,32,221578,Purathur,5644,Tirur,6043,,47.0,1,21316.916522531126,22453664.197318736,1,191618,6351,TIRUR,517,Malappuram,191618
189473,MANGALAM,32,592,05644,627526,KERALA,Malappuram,Tirur,Mangalam,627526,562,32,221577,Mangalam,5644,Tirur,6043,,47.0,1,22375.4872925273,12192853.62729991,1,191607,6351,TIRUR,517,Malappuram,191607
189474,VETTAM,32,592,05644,627524,KERALA,Malappuram,Tirur,Vettom,627524,562,32,221582,Vettom,5644,Tirur,6043,,45.0,1,22894.10442684319,17389011.34982298,1,191608,6351,TIRUR,517,Malappuram,191608
189489,TALAKKAD,32,592,05644,627533,KERALA,Malappuram,Tirur,Talakkad (CT),627533,562,32,221579,Thalakkad,5644,Tirur,6043,,45.0,1,27332.342335944122,16748925.56546236,1,191623,6351,TIRUR,517,Malappuram,191623
189486,TRIKKANDIYUR,32,592,05644,803271,KERALA,Malappuram,Tirur,Tirur (M),803271,562,32,0,,5644,Tirur,6043,,45.0,1,17859.965212236486,8082519.3498068,1,191620,6351,TIRUR,517,Malappuram,191620
189475,NIRAMARUTTUR,32,592,05644,627514,KERALA,Malappuram,Tirur,Niramaruthur,627514,562,32,221571,Niramaruthoor,5644,Tanur,6042,,44.0,1,14472.080684164435,10206020.899584016,1,191609,6350,TANUR,517,Malappuram,191609
189485,TIRUR,32,592,05644,803271,KERALA,Malappuram,Tirur,Tirur (M),803271,562,32,0,,5644,Tirur,6043,,45.0,1,16735.72105241227,8312991.243041335,1,191619,6351,TIRUR,517,Malappuram,191619
189476,TANALUR,32,592,05644,627530,KERALA,Malappuram,Tirur,Tanalur (CT),627530,562,32,221574,Tanalur,5644,Tanur,6042,,44.0,1,24519.76739321554,17043325.53146069,1,191610,6350,TANUR,517,Malappuram,191610
189478,TANUR,32,592,05644,627512,KERALA,Malappuram,Tirur,Tanur,627512,562,32,0,,5644,Tanur,6042,,44.0,1,19794.51287607973,9588506.102943946,1,191612,6350,TANUR,517,Malappuram,191612
189461,VALAVANNUR,32,592,05644,627515,KERALA,Malappuram,Tirur,Valavannur,627515,562,32,221576,Valavannur,5644,Tanur,6042,,45.0,1,26063.74369095329,15470726.416562716,1,191595,6350,TANUR,517,Malappuram,191595
189487,CHERIYAMUNDAM,32,592,05644,627531,KERALA,Malappuram,Tirur,Cheriyamundam (CT),627531,562,32,221569,Cheriyamundam,5644,Tanur,6042,,44.0,1,16854.858030550313,12184522.46838804,1,191621,6350,TANUR,517,Malappuram,191621
189462,KALPAKANCHERI,32,592,05644,627516,KERALA,Malappuram,Tirur,Kalpakancheri,627516,562,32,221570,Kalpakancheri,5644,Tanur,6042,,45.0,1,18235.442840826374,16117143.34633678,1,191596,6350,TANUR,517,Malappuram,191596
189460,PONMUNDAM,32,592,05644,627529,KERALA,Malappuram,Tirur,Ponmundam (CT),627529,562,32,221573,Ponmundam,5644,Tanur,6042,,44.0,1,13751.160055778908,8910220.30586465,1,191594,6350,TANUR,517,Malappuram,191594
189488,PERUMANNA,32,592,05644,627528,KERALA,Malappuram,Tirur,Perumanna (CT),627528,562,32,239031,Perumannaklari,5644,Tanur,6042,,43.0,1,17200.03511634361,12440392.488591244,1,191622,6350,TANUR,517,Malappuram,191622
189492,THENNALA,32,592,05645,627556,KERALA,Malappuram,Tirurangadi,Thennala (CT),627556,562,32,221595,Thennala,5645,Vengara,6045,,43.0,1,38028.87395834398,23632394.478202116,1,191626,6353,VENGARA,517,Malappuram,191626
189503,PARAPPUR,32,592,05645,627550,KERALA,Malappuram,Tirurangadi,Parappur (CT),627550,562,32,221594,Parappur,5645,Vengara,6045,,41.0,1,20248.028729319285,15697602.48992174,1,191637,6353,VENGARA,517,Malappuram,191637
189494,VENGARA,32,592,05645,627551,KERALA,Malappuram,Tirurangadi,Vengara (CT),627551,562,32,221596,Vengara,5645,Vengara,6045,,41.0,1,22378.876825568277,19365633.56371233,1,191628,6353,VENGARA,517,Malappuram,191628
188972,URAKAM,32,592,05641,627548,KERALA,Malappuram,Ernad,Urakam (CT),627548,562,32,221534,Urakam,5641,Malappuram,6036,,41.0,1,25816.99480530732,21729265.822932616,1,191102,6344,MALAPPURAM,517,Malappuram,191102
189504,KANNAMANGALAM,32,592,05645,627547,KERALA,Malappuram,Tirurangadi,Kannamangalam (CT),627547,562,32,221592,Kannamangalam,5645,Vengara,6045,,41.0,1,25079.27573316273,30307557.592541873,1,191638,6353,VENGARA,517,Malappuram,191638
189477,OZHUR,32,592,05644,627513,KERALA,Malappuram,Tirur,Ozhur,627513,562,32,221572,Ozhur,5644,Tanur,6042,,44.0,1,20911.266364332172,16426218.332798805,1,191611,6350,TANUR,517,Malappuram,191611
189479,PARIYAPURAM,32,592,05644,627511,KERALA,Malappuram,Tirur,Pariyapuram,627511,562,32,0,,5644,Tanur,6042,,44.0,1,18823.397906612983,13044942.220624875,1,191613,6350,TANUR,517,Malappuram,191613
189491,NANNAMBRA,32,592,05645,627555,KERALA,Malappuram,Tirurangadi,Nannambra (CT),627555,562,32,221584,Nannambra,5645,Tirurangadi,6044,,43.0,1,19108.186620517718,18794518.811829496,1,191625,6352,TIRURANGADI,517,Malappuram,191625
189493,TIRURANGADI,32,592,05645,627553,KERALA,Malappuram,Tirurangadi,Tirurangadi (CT),627553,562,32,0,,5645,Tirurangadi,6044,,43.0,1,29228.134805374713,18750784.559363414,1,191627,6352,TIRURANGADI,517,Malappuram,191627
189495,KODUVAYUR,32,592,05645,627552,KERALA,Malappuram,Tirurangadi,Abdu Rahiman Nagar (CT),627552,562,32,221590,Abdul Rahiman Nagar,5645,Vengara,6045,,41.0,1,23228.68464865939,15389101.34623106,1,191629,6353,VENGARA,517,Malappuram,191629
189497,MUNNIYUR,32,592,05645,627545,KERALA,Malappuram,Tirurangadi,Moonniyur (CT),627545,562,32,221583,Moonniyur,5645,Tirurangadi,6044,,42.0,1,29952.29888547756,23883883.992863234,1,191631,6352,TIRURANGADI,517,Malappuram,191631
189496,PERUVALLUR,32,592,05645,627546,KERALA,Malappuram,Tirurangadi,Peruvallur (CT),627546,562,32,221586,Peruvallur,5645,Tirurangadi,6044,,42.0,1,23690.360737183273,20112081.43007881,1,191630,6352,TIRURANGADI,517,Malappuram,191630
189501,TENHIPPALAM,32,592,05645,627543,KERALA,Malappuram,Tirurangadi,Thenhippalam (CT),627543,562,32,221587,Thenhippalam,5645,Tirurangadi,6044,,42.0,1,24031.64619171841,17979532.64884269,1,191635,6352,TIRURANGADI,517,Malappuram,191635
189079,PALLIKKAL,32,592,,627542,KERALA,Malappuram,Kondotty,Pallikal (CT),627542,562,32,221520,Pallikkal,5941,Kondotty,6034,,42.0,1,32668.424438011916,26201611.963601775,1,191209,6342,KONDOTTY,517,Malappuram,191209
189071,CHELAMBRA,32,592,,627541,KERALA,Malappuram,Kondotty,Chelambra (CT),627541,562,32,221516,Chelambra,5941,Kondotty,6034,,42.0,1,21075.363439027766,16487837.16843433,1,191201,6342,KONDOTTY,517,Malappuram,191201
190300,MULLURKKARA,32,594,05652,627733,KERALA,Thrissur,Talappilly,Mullurkara,627733,566,32,221906,Mullurkara,5652,Wadakkanchery,6097,,61.0,1,30631.511031336348,13597006.372347225,1,192436,6402,WADAKKANCHERY,521,Thrissur,192436
190333,NEDUMPURA,32,594,05652,627758,KERALA,Thrissur,Talappilly,Nedumpura (CT),627758,566,32,221886,Vallathol Nagar,5652,Wadakkanchery,6097,,61.0,1,22556.33572714699,12441866.082150405,1,192469,6402,WADAKKANCHERY,521,Thrissur,192469
190332,CHERUTURUTTI,32,594,05652,627757,KERALA,Thrissur,Talappilly,Cheruthuruthi (CT),627757,566,32,221886,Vallathol Nagar,5652,Pazhayannur,6093,,61.0,1,13796.707754866851,7216002.94152588,1,192468,6398,PAZHAYANNUR,521,Thrissur,192468
190295,DESAMANGALAM,32,594,05652,627759,KERALA,Thrissur,Talappilly,Desamangalam (CT),627759,566,32,221903,Desamangalam,5652,Wadakkanchery,6097,,61.0,1,16114.217118809756,8535236.495957576,1,192431,6402,WADAKKANCHERY,521,Thrissur,192431
190069,SHORNUR-I,32,593,05647,803273,KERALA,Palakkad,Ottappalam,Shoranur (M),803273,563,32,0,,5647,Ottappalam,6055,,51.0,1,25356.176486898534,15946635.17343805,1,192204,6363,OTTAPPALAM,518,Palakkad,192204
190070,SHORNUR-II,32,593,05647,803273,KERALA,Palakkad,Ottappalam,Shoranur (M),803273,563,32,0,,5647,Ottappalam,6055,,51.0,1,31916.475508529667,19371404.297837794,1,192205,6363,OTTAPPALAM,518,Palakkad,192205
190131,ONGALLUR-II,32,593,,627596,KERALA,Palakkad,Pattambi,Ongallur -II (CT),627596,563,32,221677,Ongallur,5940,Pattambi,6057,,50.0,1,26045.67264820437,18038876.930894565,1,192267,6365,PATTAMBI,518,Palakkad,192267
190117,VALLAPPUZHA,32,593,,627584,KERALA,Palakkad,Pattambi,Vallapuzha,627584,563,32,221681,Vallapuzha,5940,Pattambi,6057,,50.0,1,26526.530714465473,23214826.046397854,1,192253,6365,PATTAMBI,518,Palakkad,192253
190058,NELLAYA,32,593,05647,627571,KERALA,Palakkad,Ottappalam,Nellaya,627571,563,32,221676,Nellaya,5647,Pattambi,6057,,51.0,1,27757.310517285132,28653551.344544467,1,192193,6365,PATTAMBI,518,Palakkad,192193
190118,KULUKKALLUR,32,593,,627570,KERALA,Palakkad,Pattambi,Kulukkallur,627570,563,32,221674,Kulukkallur,5940,Pattambi,6057,,50.0,1,30560.813403216092,22765548.22740535,1,192254,6365,PATTAMBI,518,Palakkad,192254
190298,PILAKKAD,32,594,05652,627720,KERALA,Thrissur,Talappilly,Pilakkad,627720,566,32,221909,Varavoor,5652,Wadakkanchery,6097,,61.0,1,25312.902692432224,11653221.63119728,1,192434,6402,WADAKKANCHERY,521,Thrissur,192434
190299,TICHCHUR,32,594,05652,627716,KERALA,Thrissur,Talappilly,Thichur,627716,566,32,221909,Varavoor,5652,Wadakkanchery,6097,,61.0,1,20036.4280223022,7300799.6269991,1,192435,6402,WADAKKANCHERY,521,Thrissur,192435
190296,TALASSERI,32,594,05652,627719,KERALA,Thrissur,Talappilly,Thalassery,627719,566,32,221903,Desamangalam,5652,Wadakkanchery,6097,,61.0,1,8187.802431563181,2540227.53012937,1,192432,6402,WADAKKANCHERY,521,Thrissur,192432
190297,ARANGOTTUKARA,32,594,05652,627717,KERALA,Thrissur,Talappilly,Arangottukara,627717,566,32,221903,Desamangalam,5652,Wadakkanchery,6097,,61.0,1,11328.506507331336,3657193.819042825,1,192433,6402,WADAKKANCHERY,521,Thrissur,192433
190129,TIRUMITTAKOD-I,32,593,,627590,KERALA,Palakkad,Pattambi,Thirumittacode-I,627590,563,32,221695,Thirumittacode,5940,Trithala,6059,,49.0,1,16730.791515318942,10023835.088216655,1,192265,6367,TRITHALA,518,Palakkad,192265
190294,PALUR,32,594,05652,627718,KERALA,Thrissur,Talappilly,Pallur,627718,566,32,221903,Desamangalam,5652,Wadakkanchery,6097,,61.0,1,19806.864675330682,8991088.939301286,1,192430,6402,WADAKKANCHERY,521,Thrissur,192430
190130,PATTAMBI,32,593,,627598,KERALA,Palakkad,Pattambi,Pattambi (CT),627598,563,32,0,,5940,Pattambi,6057,,50.0,1,24747.713977330954,17319100.633839667,1,192266,6365,PATTAMBI,518,Palakkad,192266
190116,ONGALLUR-I,32,593,,627597,KERALA,Palakkad,Pattambi,Ongallur -I (CT),627597,563,32,221677,Ongallur,5940,Pattambi,6057,,50.0,1,20713.574429947646,17580003.320853487,1,192252,6365,PATTAMBI,518,Palakkad,192252
190121,KOPPAM,32,593,,627585,KERALA,Palakkad,Pattambi,Koppam,627585,563,32,221673,Koppam,5940,Pattambi,6057,,50.0,1,29660.415720817608,27254891.78001193,1,192257,6365,PATTAMBI,518,Palakkad,192257
190123,VILAYAR,32,593,,627569,KERALA,Palakkad,Pattambi,Vilayur,627569,563,32,221682,Vilayur,5940,Pattambi,6057,,50.0,1,22851.28909367722,17661317.79379614,1,192259,6365,PATTAMBI,518,Palakkad,192259
189385,ELAMKULAM,32,592,05643,627505,KERALA,Malappuram,Perinthalmanna,Elamkulam,627505,562,32,221556,Elamkulam,5643,Perinthalmanna,6039,,38.0,1,20887.913599272968,22406448.216833964,1,191519,6347,PERINTHALMANNA,517,Malappuram,191519
189379,ANAMANGAD,32,592,05643,627504,KERALA,Malappuram,Perinthalmanna,Anamangad,627504,562,32,221554,Aliparamba,5643,Perinthalmanna,6039,,38.0,1,21287.409633631145,17291801.44385759,1,191513,6347,PERINTHALMANNA,517,Malappuram,191513
189374,PADAYAKKARA,32,592,05643,803270,KERALA,Malappuram,Perinthalmanna,Perinthalmanna (M),803270,562,32,0,,5643,Perinthalmanna,6039,,38.0,1,24567.97381756497,19557881.179799587,1,191508,6347,PERINTHALMANNA,517,Malappuram,191508
189377,TAZHEKKOD,32,592,05643,627502,KERALA,Malappuram,Perinthalmanna,Thazhekode,627502,562,32,221559,Thazhekode,5643,Perinthalmanna,6039,,38.0,1,27819.929759909428,24653563.51834493,1,191511,6347,PERINTHALMANNA,517,Malappuram,191511
189375,PERINTALMANNA,32,592,05643,803270,KERALA,Malappuram,Perinthalmanna,Perinthalmanna (M),803270,562,32,0,,5643,Perinthalmanna,6039,,38.0,1,22225.043299088502,15208174.26460691,1,191509,6347,PERINTHALMANNA,517,Malappuram,191509
189389,KARIYAVATTAM,32,592,05643,627499,KERALA,Malappuram,Perinthalmanna,Kariavattom,627499,562,32,221560,Vettathur,5643,Perinthalmanna,6039,,38.0,1,24900.359985649724,20138681.155720755,1,191523,6347,PERINTHALMANNA,517,Malappuram,191523
189370,KIZHATTUR,32,592,05643,627491,KERALA,Malappuram,Perinthalmanna,Keezhattur,627491,562,32,221557,Keezhattur,5643,Perinthalmanna,6039,,37.0,1,26199.791380885876,19580160.48621175,1,191504,6347,PERINTHALMANNA,517,Malappuram,191504
189386,MELATTUR,32,592,05643,627490,KERALA,Malappuram,Perinthalmanna,Melattur,627490,562,32,221558,Melattur,5643,Perinthalmanna,6039,,38.0,1,40523.26829122197,28291123.54951373,1,191520,6347,PERINTHALMANNA,517,Malappuram,191520
188979,PANDIKKAD,32,592,05641,627464,KERALA,Malappuram,Ernad,Pandikkad,627464,562,32,221600,Pandikkad,5641,Wandoor,6046,,37.0,1,24344.431993485938,19353270.43406845,1,191109,6354,WANDOOR,517,Malappuram,191109
188980,CHEMBRASSERI,32,592,05641,627463,KERALA,Malappuram,Ernad,Chembrasseri,627463,562,32,221600,Pandikkad,5641,Wandoor,6046,,37.0,1,20405.77261058355,17162517.00729363,1,191110,6354,WANDOOR,517,Malappuram,191110
189371,MURKKANADU,32,592,05643,627508,KERALA,Malappuram,Perinthalmanna,Moorkkanad,627508,562,32,221541,Moorkkanad,5643,Mankada,6037,,39.0,1,27814.43115957313,32359442.155725356,1,191505,6345,MANKADA,517,Malappuram,191505
189372,KURUVAMBALAM,32,592,05643,627507,KERALA,Malappuram,Perinthalmanna,Kuruvambalam,627507,562,32,221542,Pulamanthole,5643,Mankada,6037,,38.0,1,18407.578462576446,10107634.80048059,1,191506,6345,MANKADA,517,Malappuram,191506
189381,PUZHAKKATTIRI,32,592,05643,627496,KERALA,Malappuram,Perinthalmanna,Puzhakkattiri,627496,562,32,221543,Puzhakkattiri,5643,Mankada,6037,,39.0,1,30215.389598670135,25133998.610535406,1,191515,6345,MANKADA,517,Malappuram,191515
189380,KURUVA,32,592,05643,627495,KERALA,Malappuram,Perinthalmanna,Kuruva,627495,562,32,221538,Kuruva,5643,Mankada,6037,,39.0,1,39795.106976521536,31754999.489389136,1,191514,6345,MANKADA,517,Malappuram,191514
189384,VADAKKANGARA,32,592,05643,627494,KERALA,Malappuram,Perinthalmanna,Vadakkangara,627494,562,32,221539,Makkaraparamba,5643,Mankada,6037,,39.0,1,16904.289717839005,11927553.025387395,1,191518,6345,MANKADA,517,Malappuram,191518
189383,KUTTILANGADI,32,592,05643,627509,KERALA,Malappuram,Perinthalmanna,Koottilangadi (CT),627509,562,32,221537,Koottilangadi,5643,Mankada,6037,,39.0,1,27132.801111845994,21593182.16740198,1,191517,6345,MANKADA,517,Malappuram,191517
188989,ANAKKAYAM,32,592,05641,627469,KERALA,Malappuram,Ernad,Anakkayam (OG),627469,562,32,221530,Anakkayam,5641,Malappuram,6036,,40.0,1,35940.839212964485,25605810.18101242,1,191119,6344,MALAPPURAM,517,Malappuram,191119
188974,MANJERI,32,592,05641,803268,KERALA,Malappuram,Ernad,Manjeri (M),803268,562,32,0,,5641,Malappuram,6036,,37.0,1,22078.917457609306,14230397.963393666,1,191104,6344,MALAPPURAM,517,Malappuram,191104
188976,PAYYANAD,32,592,05641,803268,KERALA,Malappuram,Ernad,Manjeri (M),803268,562,32,0,,5641,Malappuram,6036,,37.0,1,25075.51844135089,20673997.564070746,1,191106,6344,MALAPPURAM,517,Malappuram,191106
188975,NARUKARA,32,592,05641,803268,KERALA,Malappuram,Ernad,Manjeri (M),803268,562,32,0,,5641,Malappuram,6036,,37.0,1,32280.20456585856,20686954.11943141,1,191105,6344,MALAPPURAM,517,Malappuram,191105
189373,PULAMANTOL,32,592,05643,627506,KERALA,Malappuram,Perinthalmanna,Pulamanthole,627506,562,32,221542,Pulamanthole,5643,Mankada,6037,,38.0,1,22356.512245655445,22244141.397561416,1,191507,6345,MANKADA,517,Malappuram,191507
189376,ANGADIPPURAM,32,592,05643,627498,KERALA,Malappuram,Perinthalmanna,Angadippuram,627498,562,32,221535,Angadipuram,5643,Perinthalmanna,6039,,39.0,1,22692.215804687847,16720359.360015064,1,191510,6347,PERINTHALMANNA,517,Malappuram,191510
189382,VALAMBUR,32,592,05643,627497,KERALA,Malappuram,Perinthalmanna,Valambur,627497,562,32,221535,Angadipuram,5643,Perinthalmanna,6039,,39.0,1,26190.50925476673,24402685.60187249,1,191516,6347,PERINTHALMANNA,517,Malappuram,191516
189368,MANKADA,32,592,05643,627493,KERALA,Malappuram,Perinthalmanna,Mankada,627493,562,32,221540,Mankada,5643,Mankada,6037,,39.0,1,27205.39157437321,32492664.352368634,1,191502,6345,MANKADA,517,Malappuram,191502
189369,NEMMINI,32,592,05643,627492,KERALA,Malappuram,Perinthalmanna,Nenmini,627492,562,32,221557,Keezhattur,5643,Perinthalmanna,6039,,37.0,1,25436.328081519507,21889802.49733481,1,191503,6347,PERINTHALMANNA,517,Malappuram,191503
188990,PANDALUR,32,592,05641,627461,KERALA,Malappuram,Ernad,Pandalur,627461,562,32,221530,Anakkayam,5641,Malappuram,6036,,40.0,1,24801.2844138209,21913195.03995188,1,191120,6344,MALAPPURAM,517,Malappuram,191120
188978,VETTIKKATTIRI,32,592,05641,627462,KERALA,Malappuram,Ernad,Vettikkattiri,627462,562,32,221600,Pandikkad,5641,Wandoor,6046,,37.0,1,28715.683676934594,23686849.13850134,1,191108,6354,WANDOOR,517,Malappuram,191108
188977,ELANKUR,32,592,05641,627460,KERALA,Malappuram,Ernad,Elankur,627460,562,32,221604,Trikkalangode,5641,Wandoor,6046,,37.0,1,31138.047549034523,30729330.15006401,1,191107,6354,WANDOOR,517,Malappuram,191107
189334,TIRUVALI,32,592,05642,627479,KERALA,Malappuram,Nilambur,Thiruvali,627479,562,32,221602,Thiruvali,5642,Wandoor,6046,,36.0,1,39783.27222677324,34854442.08445442,1,191466,6354,WANDOOR,517,Malappuram,191466
189333,MAMBAD,32,592,05642,627478,KERALA,Malappuram,Nilambur,Mambad,627478,562,32,221599,Mambad,5642,Wandoor,6046,,36.0,1,34688.031070944206,35892216.0790159,1,191465,6354,WANDOOR,517,Malappuram,191465
188992,TRIKKALANGOD,32,592,05641,627459,KERALA,Malappuram,Ernad,Trikkalangode,627459,562,32,221604,Trikkalangode,5641,Wandoor,6046,,37.0,1,25958.553096382133,15595606.07456564,1,191122,6354,WANDOOR,517,Malappuram,191122
188991,KARAKKUNNU,32,592,05641,627451,KERALA,Malappuram,Ernad,Karakunnu,627451,562,32,221604,Trikkalangode,5641,Wandoor,6046,,37.0,1,24780.37375650004,15724028.8096394,1,191121,6354,WANDOOR,517,Malappuram,191121
188982,EDAVANNA,32,592,05641,627450,KERALA,Malappuram,Ernad,Edavanna,627450,562,32,221597,Edavanna,5641,Wandoor,6046,,34.0,1,30502.28824367884,28710275.24418108,1,191112,6354,WANDOOR,517,Malappuram,191112
188981,PARAKKA MANNA,32,592,05641,627449,KERALA,Malappuram,Ernad,Perakamanna,627449,562,32,221597,Edavanna,5641,Wandoor,6046,,34.0,1,34178.78590886359,25820848.870917704,1,191111,6354,WANDOOR,517,Malappuram,191111
188988,VETTILAPPARA,32,592,05641,627443,KERALA,Malappuram,Ernad,Vettilappara,627443,562,32,221515,Urungattiri,5641,Areakode,6033,,34.0,1,37734.39736356568,49009643.74903853,1,191118,6341,AREAKODE,517,Malappuram,191118
189628,VELLARIMALA,32,590,05637,627340,KERALA,Wayanad,Vythiri,Vellarimala,627340,567,32,221914,Meppadi,5637,Kalpetta,6098,,19.0,1,38467.41277486748,60651640.22042948,1,191763,6403,KALPETTA,522,Wayanad,191763
189629,KOTTAPPADI,32,590,05637,627337,KERALA,Wayanad,Vythiri,Kottappadi (Part),627337,567,32,221914,Meppadi,5637,Kalpetta,6098,,19.0,1,43623.50857499896,58276020.02357689,1,191764,6403,KALPETTA,522,Wayanad,191764
189631,TRIKKAIPPETTA,32,590,05637,627338,KERALA,Wayanad,Vythiri,Thrikkaipatta (Part),627338,567,32,221914,Meppadi,5637,Kalpetta,6098,,19.0,1,28014.821454953195,29426554.090246607,1,191766,6403,KALPETTA,522,Wayanad,191766
189630,MUTTIL SOUTH,32,590,05637,627329,KERALA,Wayanad,Vythiri,Muttil South,627329,567,32,221916,Muttil,5637,Kalpetta,6098,,19.0,1,30648.0351042935,29430698.54865923,1,191765,6403,KALPETTA,522,Wayanad,191765
189633,MUTTIL NORTH,32,590,05637,627328,KERALA,Wayanad,Vythiri,Muttil North,627328,567,32,221916,Muttil,5637,Kalpetta,6098,,19.0,1,29571.09739662759,19594842.191790916,1,191768,6403,KALPETTA,522,Wayanad,191768
189340,TUVVUR,32,592,05642,627485,KERALA,Malappuram,Nilambur,Thuvvur,627485,562,32,221603,Thuvvur,5642,Kalikavu,6692,,36.0,1,33988.57643250399,32454407.04786945,1,191472,6881,KALIKAVU,517,Malappuram,191472
189337,KALIKAVU,32,592,05642,627483,KERALA,Malappuram,Nilambur,Kalikavu,627483,562,32,221546,Chokkad,5642,Kalikavu,6692,,36.0,1,28737.623481768424,34635486.71106195,1,191469,6881,KALIKAVU,517,Malappuram,191469
189345,EDAKKARA,32,592,05642,627474,KERALA,Malappuram,Nilambur,Edakkara,627474,562,32,221548,Edakkara,5642,Nilambur,6038,,35.0,1,63419.029051357815,89755908.57547253,1,191477,6346,NILAMBUR,517,Malappuram,191477
398649,CHERANGOD,33,611,05754,635083,TAMIL NADU,The Nilgiris,Panthalur,CHERANGODE1,635083,587,33,228966,Cherangodu,5754,Gudalur,6335,,109.0,1,53225.771017077954,80534330.70779818,1,404017,6640,GUDALUR,541,The Nilgiris,404017
398782,MUNANAD,33,611,05754,635081,TAMIL NADU,The Nilgiris,Panthalur,MOONANAD1,635081,587,33,228969,Nellakotta,5754,Gudalur,6335,,109.0,1,39596.36919434099,26324079.02706282,1,404154,6640,GUDALUR,541,The Nilgiris,404154
189435,CHIRAL,32,590,05636,627320,KERALA,Wayanad,Sulthanbathery,Cheeral,627320,567,32,221932,Nenmeni,5636,Sulthan Bathery,6100,,18.0,1,22921.686131320545,27607344.974255543,1,191569,6405,SULTHAN BATHERY,522,Wayanad,191569
189432,KUPPADI,32,590,05636,627318,KERALA,Wayanad,Sulthanbathery,Kuppadi,627318,567,32,221933,Noolpuzha,5636,Sulthan Bathery,6100,,18.0,1,40507.400195524424,28931903.892919354,1,191566,6405,SULTHAN BATHERY,522,Wayanad,191566
189440,KIDANGANAD,32,590,05636,627313,KERALA,Wayanad,Sulthanbathery,Kidanganad,627313,567,32,221933,Noolpuzha,5636,Sulthan Bathery,6100,,18.0,1,93653.8382887951,184043296.46182677,1,191574,6405,SULTHAN BATHERY,522,Wayanad,191574
189331,PORUR,32,592,05642,627480,KERALA,Malappuram,Nilambur,Porur,627480,562,32,221601,Porur,5642,Wandoor,6046,,36.0,1,35305.33835407734,36221778.33269562,1,191463,6354,WANDOOR,517,Malappuram,191463
189348,VELLAYUR,32,592,05642,627484,KERALA,Malappuram,Nilambur,Vellayur,627484,562,32,221546,Chokkad,5642,Kalikavu,6692,,36.0,1,31145.10705064683,24435110.07312922,1,191480,6881,KALIKAVU,517,Malappuram,191480
189332,WANDUR,32,592,05642,627481,KERALA,Malappuram,Nilambur,Wandoor,627481,562,32,221599,Mambad,5642,Wandoor,6046,,36.0,1,38671.86174821294,34999752.35786577,1,191464,6354,WANDOOR,517,Malappuram,191464
189341,NILAMBUR,32,592,05642,627488,KERALA,Malappuram,Nilambur,Nilambur (CT),627488,562,32,0,,5642,Nilambur,6038,,35.0,1,34775.66057426062,30799339.614791706,1,191473,6346,NILAMBUR,517,Malappuram,191473
189346,CHUNGATTARA,32,592,05642,627473,KERALA,Malappuram,Nilambur,Chungathara,627473,562,32,221547,Chungathara,5642,Nilambur,6038,,35.0,1,82013.47435651411,79864160.62383226,1,191478,6346,NILAMBUR,517,Malappuram,191478
398750,ERUMADU,33,611,05754,635080,TAMIL NADU,The Nilgiris,Panthalur,ERUMAD1,635080,587,33,228966,Cherangodu,5754,Gudalur,6335,,109.0,1,26100.796721312323,28697304.47978676,1,404122,6640,GUDALUR,541,The Nilgiris,404122
189434,NENMENI,32,590,05636,627321,KERALA,Wayanad,Sulthanbathery,Nenmeni,627321,567,32,221932,Nenmeni,5636,Sulthan Bathery,6100,,18.0,1,33729.036664353654,43834428.44617404,1,191568,6405,SULTHAN BATHERY,522,Wayanad,191568
189433,SULTAN'S BATTERY,32,590,05636,627317,KERALA,Wayanad,Sulthanbathery,Sulthanbathery,627317,567,32,0,,5636,Sulthan Bathery,6100,,18.0,1,27004.459698172395,21966336.092834044,1,191567,6405,SULTHAN BATHERY,522,Wayanad,191567
177942,BEGUR FOREST,29,577,05573,619070,KARNATAKA,Mysuru,Heggadadevankote,BEGURA JUNGLE,619070,545,29,219461,N.Begur,5573,Heggadadevankote,5886,,,1,46918.84619469958,107402776.60070708,1,179962,6217,HEGGADADEVANKOTE,500,Mysuru,179962
189343,PULLIPPADAM,32,592,05642,627470,KERALA,Malappuram,Nilambur,Pullipadam,627470,562,32,221545,Chaliyar,5642,Wandoor,6046,,34.0,1,45933.15296696481,68070787.08855182,1,191475,6354,WANDOOR,517,Malappuram,191475
189342,AKAMPADAM,32,592,05642,627471,KERALA,Malappuram,Nilambur,Akampadam,627471,562,32,221545,Chaliyar,5642,Nilambur,6038,,34.0,1,64068.735041438296,96080887.94210154,1,191474,6346,NILAMBUR,517,Malappuram,191474
189347,KURUMBALANGODU,32,592,05642,627472,KERALA,Malappuram,Nilambur,Kurumbilangode,627472,562,32,221545,Chaliyar,5642,Nilambur,6038,,35.0,1,70281.42485064034,168312609.118047,1,191479,6346,NILAMBUR,517,Malappuram,191479
189636,MUPPAINAD,32,590,05637,627339,KERALA,Wayanad,Vythiri,Muppainad,627339,567,32,221915,Muppainadu,5637,Kalpetta,6098,,19.0,1,47866.69020415182,65828155.99674438,1,191771,6403,KALPETTA,522,Wayanad,191771
189436,TOMATTUCHAL,32,590,05636,627323,KERALA,Wayanad,Sulthanbathery,Thomattuchal,627323,567,32,221929,Ambalavayal,5636,Sulthan Bathery,6100,,18.0,1,28535.08376615988,37993151.59280944,1,191570,6405,SULTHAN BATHERY,522,Wayanad,191570
189441,AMBALAVAYAL,32,590,05636,627322,KERALA,Wayanad,Sulthanbathery,Ambalavayal,627322,567,32,221929,Ambalavayal,5636,Sulthan Bathery,6100,,18.0,1,23694.492605688218,19607959.959206063,1,191575,6405,SULTHAN BATHERY,522,Wayanad,191575
189430,KRISHNAGIRI,32,590,05636,627316,KERALA,Wayanad,Sulthanbathery,Krishnagiri,627316,567,32,221930,Meenangadi,5636,Sulthan Bathery,6100,,18.0,1,29609.539256223106,29048410.898499943,1,191564,6405,SULTHAN BATHERY,522,Wayanad,191564
189428,IRULAM,32,590,05636,627314,KERALA,Wayanad,Sulthanbathery,Irulam,627314,567,32,221934,Poothadi,5636,Sulthan Bathery,6100,,18.0,1,39125.46236665908,55425777.63981825,1,191562,6405,SULTHAN BATHERY,522,Wayanad,191562
189439,PADICHIRA,32,590,05636,627312,KERALA,Wayanad,Sulthanbathery,Padichira,627312,567,32,221931,Mullankolly,5636,Panamaram,6693,,18.0,1,32725.10780916403,49742988.77515504,1,191573,6882,PANAMARAM,522,Wayanad,191573
178055,HOSUR,29,577,05573,619066,KARNATAKA,Mysuru,Heggadadevankote,Netkalhundi,619066,545,29,273307,Kothegala,5573,Heggadadevankote,5886,,,1,2255.879647786924,262059.425569295,1,180077,6217,HEGGADADEVANKOTE,500,Mysuru,180077
189429,PURAKKADI,32,590,05636,627315,KERALA,Wayanad,Sulthanbathery,Purakkadi,627315,567,32,221930,Meenangadi,5636,Sulthan Bathery,6100,,18.0,1,30976.304958584846,31939708.99350072,1,191563,6405,SULTHAN BATHERY,522,Wayanad,191563
189634,KANIYAMBETTA,32,590,05637,627327,KERALA,Wayanad,Vythiri,Kaniambetta,627327,567,32,221912,Kaniambetta,5637,Kalpetta,6098,,19.0,1,39248.37111240139,34049768.85792787,1,191769,6403,KALPETTA,522,Wayanad,191769
189437,PUTTADI,32,590,05636,627310,KERALA,Wayanad,Sulthanbathery,Poothadi,627310,567,32,221934,Poothadi,5636,Panamaram,6693,,18.0,1,23785.33635590622,22520463.363045186,1,191571,6882,PANAMARAM,522,Wayanad,191571
189427,NADAVAYAL,32,590,05636,627309,KERALA,Wayanad,Sulthanbathery,Nadavayal,627309,567,32,221912,Kaniambetta,5636,Panamaram,6693,,18.0,1,34740.32890208598,44572024.76390718,1,191561,6882,PANAMARAM,522,Wayanad,191561
189438,PULPALLI,32,590,05636,627311,KERALA,Wayanad,Sulthanbathery,Pulpalli,627311,567,32,221931,Mullankolly,5636,Panamaram,6693,,18.0,1,51538.2739486776,82482294.48065594,1,191572,6882,PANAMARAM,522,Wayanad,191572
177944,KADEGADDE,29,577,05573,619060,KARNATAKA,Mysuru,Heggadadevankote,Kadegadde,619060,545,29,219445,D.B.Kuppe,5573,Heggadadevankote,5886,,,1,5955.148451219129,1506479.375314775,1,179964,6217,HEGGADADEVANKOTE,500,Mysuru,179964
178054,THIRMANIHALABALLI,29,577,05573,619061,KARNATAKA,Mysuru,Heggadadevankote,Vadakanamala,619061,545,29,219445,D.B.Kuppe,5573,Heggadadevankote,5886,,,1,3570.4089812303855,728940.40330909,1,180076,6217,HEGGADADEVANKOTE,500,Mysuru,180076
177945,VADAKANAMAL,29,577,05573,619062,KARNATAKA,Mysuru,Heggadadevankote,Thimmanihosahalli,619062,545,29,219445,D.B.Kuppe,5573,Heggadadevankote,5886,,,1,2709.1369556948,290310.450782255,1,179965,6217,HEGGADADEVANKOTE,500,Mysuru,179965
177946,DODDABYRANAKUPPE,29,577,05573,619063,KARNATAKA,Mysuru,Heggadadevankote,Doddabyranakuppe,619063,545,29,219445,D.B.Kuppe,5573,Heggadadevankote,5886,,,1,3480.9207041929094,527649.539125135,1,179966,6217,HEGGADADEVANKOTE,500,Mysuru,179966
177948,ANEMALA,29,577,05573,619065,KARNATAKA,Mysuru,Heggadadevankote,Anemala,619065,545,29,219445,D.B.Kuppe,5573,Heggadadevankote,5886,,,1,3460.1503490310506,658275.446880135,1,179968,6217,HEGGADADEVANKOTE,500,Mysuru,179968
189500,PARAPPANANGADI,32,592,05645,627540,KERALA,Malappuram,Tirurangadi,Parappanangadi,627540,562,32,0,,5645,Tirurangadi,6044,,0.0,1,18156.719489827716,7345102.729782105,1,191634,6352,TIRURANGADI,517,Malappuram,191634
189499,NEDUVA,32,592,05645,627554,KERALA,Malappuram,Tirurangadi,Neduva (CT),627554,562,32,0,,5645,Tirurangadi,6044,,43.0,1,23020.063468671116,16089114.08371021,1,191633,6352,TIRURANGADI,517,Malappuram,191633
189498,ARIYALLUR,32,592,05645,627544,KERALA,Malappuram,Tirurangadi,Ariyallur (CT),627544,562,32,221589,Vallikkunnu,5645,Tirurangadi,6044,,42.0,1,21134.237217767644,12129451.081348294,1,191632,6352,TIRURANGADI,517,Malappuram,191632
189490,VALLIKKUNNU,32,592,05645,627539,KERALA,Malappuram,Tirurangadi,Vallikkunnu,627539,562,32,221589,Vallikkunnu,5645,Tirurangadi,6044,,42.0,1,17009.73087466839,12695820.19870372,1,191624,6352,TIRURANGADI,517,Malappuram,191624
189200,KADALUNDI,32,591,05640,627442,KERALA,Kozhikode,Kozhikode,Kadalundi (OG),627442,561,32,221458,Kadalundi,5640,Kozhikode,6024,,29.0,1,20451.698247716977,13245885.94564277,1,191332,6332,KOZHIKODE,516,Kozhikode,191332
189199,KARUVANTURUTTI,32,591,05640,627438,KERALA,Kozhikode,Kozhikode,Karuvanthuruthy (CT),627438,561,32,0,,5640,Kozhikode,6024,,29.0,1,12165.44836613397,7432852.367219795,1,191331,6332,KOZHIKODE,516,Kozhikode,191331
189198,FEROKH,32,591,05640,627439,KERALA,Kozhikode,Kozhikode,Feroke (CT),627439,561,32,0,,5640,Kozhikode,6024,,29.0,1,12844.484429517972,6925991.6121356,1,191330,6332,KOZHIKODE,516,Kozhikode,191330
189201,BEYPORE,32,591,05640,627437,KERALA,Kozhikode,Kozhikode,Beypore (CT),627437,561,32,0,,5640,Kozhikode,6024,,29.0,1,16196.358430766102,11477377.16049595,1,191333,6332,KOZHIKODE,516,Kozhikode,191333
189197,RAMANATTUKARA,32,591,05640,627435,KERALA,Kozhikode,Kozhikode,Ramanattukara (CT),627435,561,32,0,,5640,Kozhikode,6024,,29.0,1,20985.11567483735,12237048.082449365,1,191329,6332,KOZHIKODE,516,Kozhikode,191329
189202,CHERUVANNUR,32,591,05640,627436,KERALA,Kozhikode,Kozhikode,Cheruvannur (CT),627436,561,32,0,,5640,Kozhikode,6024,,29.0,1,19456.14874862715,11010742.1052874,1,191334,6332,KOZHIKODE,516,Kozhikode,191334
189217,OLAVANNA,32,591,05640,627432,KERALA,Kozhikode,Kozhikode,Olavanna (CT),627432,561,32,221459,Olavanna,5640,Kozhikode,6024,,30.0,1,24671.21373457241,11391662.804278554,1,191349,6332,KOZHIKODE,516,Kozhikode,191349
189203,PANNIANKARA,32,591,05640,803267,KERALA,Kozhikode,Kozhikode,Kozhikode (M Corp.),803267,561,32,0,,5640,Kozhikode,6024,,28.0,1,11861.312728428862,7974122.93459631,1,191335,6332,KOZHIKODE,516,Kozhikode,191335
189191,PANTIRANKAVU,32,591,05640,627433,KERALA,Kozhikode,Kozhikode,Pantheeramkavu (CT),627433,561,32,221459,Olavanna,5640,Kozhikode,6024,,30.0,1,24258.185529173654,11045334.59787336,1,191323,6332,KOZHIKODE,516,Kozhikode,191323
189190,VALAVANAD,32,591,05640,803267,KERALA,Kozhikode,Kozhikode,Kozhikode (M Corp.),803267,561,32,0,,5640,Kozhikode,6024,,28.0,1,14821.1529878517,8638193.1675644,1,191322,6332,KOZHIKODE,516,Kozhikode,191322
189215,PERUNANNA,32,591,05640,627434,KERALA,Kozhikode,Kozhikode,Perumanna (CT),627434,561,32,221469,Perumanna,5640,Kozhikode,6024,,30.0,1,21602.89107552748,17957301.36192668,1,191347,6332,KOZHIKODE,516,Kozhikode,191347
189204,NAGARAM,32,591,05640,803267,KERALA,Kozhikode,Kozhikode,Kozhikode (M Corp.),803267,561,32,0,,5640,Kozhikode,6024,,28.0,1,9643.175475959535,3999771.821178915,1,191336,6332,KOZHIKODE,516,Kozhikode,191336
189205,KASABA,32,591,05640,803267,KERALA,Kozhikode,Kozhikode,Kozhikode (M Corp.),803267,561,32,0,,5640,Kozhikode,6024,,27.0,1,16233.543210573125,6112738.263410375,1,191337,6332,KOZHIKODE,516,Kozhikode,191337
189188,KOTTULI,32,591,05640,803267,KERALA,Kozhikode,Kozhikode,Kozhikode (M Corp.),803267,561,32,0,,5640,Kozhikode,6024,,27.0,1,11860.610710782506,5306066.896173105,1,191320,6332,KOZHIKODE,516,Kozhikode,191320
189216,NELLIKKOD,32,591,05640,803267,KERALA,Kozhikode,Kozhikode,Kozhikode (M Corp.),803267,561,32,0,,5640,Kozhikode,6024,,28.0,1,18743.225827621838,10569505.24965527,1,191348,6332,KOZHIKODE,516,Kozhikode,191348
189214,KUTTIKKATTUR,32,591,05640,627431,KERALA,Kozhikode,Kozhikode,Kuttikkattoor (CT),627431,561,32,221465,Kunnamangalam,5640,Kunnamangalam,6025,,30.0,1,16724.360312976165,11361070.102239545,1,191346,6333,KUNNAMANGALAM,516,Kozhikode,191346
189206,KACHERI,32,591,05640,803267,KERALA,Kozhikode,Kozhikode,Kozhikode (M Corp.),803267,561,32,0,,5640,Kozhikode,6024,,27.0,1,11684.330938000972,6076562.72646998,1,191338,6332,KOZHIKODE,516,Kozhikode,191338
189189,CHEVAYUR,32,591,05640,803267,KERALA,Kozhikode,Kozhikode,Kozhikode (M Corp.),803267,561,32,0,,5640,Kozhikode,6024,,27.0,1,14176.349641923818,9981833.821708245,1,191321,6332,KOZHIKODE,516,Kozhikode,191321
189221,CHELAVUR,32,591,05640,803267,KERALA,Kozhikode,Kozhikode,Kozhikode (M Corp.),803267,561,32,0,,5640,Kozhikode,6024,,27.0,1,16128.089775287825,11120132.4383848,1,191353,6332,KOZHIKODE,516,Kozhikode,191353
189207,VENGERI,32,591,05640,803267,KERALA,Kozhikode,Kozhikode,Kozhikode (M Corp.),803267,561,32,0,,5640,Kozhikode,6024,,27.0,1,18786.393087932578,10979077.585064365,1,191339,6332,KOZHIKODE,516,Kozhikode,191339
189210,PUTIYANGADI,32,591,05640,645600,KERALA,Kozhikode,Kozhikode,Puthiyangadi (OG) (Part),645600,561,32,0,,5640,Chelannur,6022,,27.0,1,15080.953403385118,7391865.440776635,1,191342,6330,CHELANNUR,516,Kozhikode,191342
189223,KURUVATTUR,32,591,05640,627425,KERALA,Kozhikode,Kozhikode,Kuruvattur (CT),627425,561,32,221466,Kuruvattur,5640,Kunnamangalam,6025,,26.0,1,24813.079233266686,18235549.37241979,1,191355,6333,KUNNAMANGALAM,516,Kozhikode,191355
189208,KAKKODI,32,591,05640,627424,KERALA,Kozhikode,Kozhikode,Kakkodi (CT),627424,561,32,221444,Kakkodi,5640,Chelannur,6022,,26.0,1,26169.38493033763,18531683.85113047,1,191340,6330,CHELANNUR,516,Kozhikode,191340
189209,ELATTUR,32,591,05640,627441,KERALA,Kozhikode,Kozhikode,Elathur (OG),627441,561,32,0,,5640,Chelannur,6022,,26.0,1,23062.09519919583,14824249.05094167,1,191341,6330,CHELANNUR,516,Kozhikode,191341
189222,MADAVUR,32,591,05640,627417,KERALA,Kozhikode,Kozhikode,Madavoor,627417,561,32,221452,Madavoor,5640,Koduvally,6023,,31.0,1,30292.773171431814,20245907.56574662,1,191354,6331,KODUVALLY,516,Kozhikode,191354
189194,CHELANNUR,32,591,05640,627422,KERALA,Kozhikode,Kozhikode,Chelannur (CT),627422,561,32,221443,Chelannur,5640,Chelannur,6022,,26.0,1,27715.380002711117,24329356.91869218,1,191326,6330,CHELANNUR,516,Kozhikode,191326
189193,TALAKKULATTUR,32,591,05640,627423,KERALA,Kozhikode,Kozhikode,Thalakkulathur (CT),627423,561,32,221448,Thalakulathur,5640,Chelannur,6022,,26.0,1,25510.141237792235,19157532.429070186,1,191325,6330,CHELANNUR,516,Kozhikode,191325
189452,NARIKKUNI,32,591,,627402,KERALA,Kozhikode,Thamarassery,Narikkuni,627402,561,32,221447,Narikunni,5938,Chelannur,6022,,31.0,1,22633.710343955096,18434171.260429986,1,191586,6330,CHELANNUR,516,Kozhikode,191586
189195,KAKKUR,32,591,05640,627401,KERALA,Kozhikode,Kozhikode,Kakkur,627401,561,32,221445,Kakkur,5640,Chelannur,6022,,26.0,1,27401.864374390047,21078005.623477906,1,191327,6330,CHELANNUR,516,Kozhikode,191327
189156,ATTOLI,32,591,05639,627400,KERALA,Kozhikode,Koyilandi,Atholi (CT),627400,561,32,221435,Atholi,5639,Balusseri,6021,,25.0,1,28138.510183252805,22785267.44019089,1,191287,6329,BALUSSERI,516,Kozhikode,191287
189196,NANMANDA,32,591,05640,627421,KERALA,Kozhikode,Kozhikode,Nanmanda (CT),627421,561,32,221446,Nanmanda,5640,Chelannur,6022,,26.0,1,33650.652634186525,24074601.226065416,1,191328,6330,CHELANNUR,516,Kozhikode,191328
189451,SIVAPURAM,32,591,,627385,KERALA,Kozhikode,Thamarassery,Sivapuram,627385,561,32,221442,Unnikulum,5938,Balusseri,6021,,25.0,1,31655.195296573704,20791067.85323844,1,191585,6329,BALUSSERI,516,Kozhikode,191585
189155,BALUSSERI,32,591,05639,627397,KERALA,Kozhikode,Koyilandi,Balusseri (CT),627397,561,32,221436,Balusseri,5639,Balusseri,6021,,25.0,1,28433.471191945882,22146591.00602163,1,191286,6329,BALUSSERI,516,Kozhikode,191286
189153,ULLIYERI,32,591,05639,627398,KERALA,Kozhikode,Koyilandi,Ulliyeri (CT),627398,561,32,221441,Uliyeri,5639,Balusseri,6021,,25.0,1,27944.89571025402,28431033.293795425,1,191284,6329,BALUSSERI,516,Kozhikode,191284
189450,PANANGAD,32,591,,627396,KERALA,Kozhikode,Thamarassery,Panangad (CT),627396,561,32,221440,Panangad,5938,Balusseri,6021,,25.0,1,21218.764312852316,11383110.744104965,1,191584,6329,BALUSSERI,516,Kozhikode,191584
189449,KINALUR,32,591,,627383,KERALA,Kozhikode,Thamarassery,Kinalur,627383,561,32,221440,Panangad,5938,Balusseri,6021,,25.0,1,30487.085580838448,13398266.002378294,1,191583,6329,BALUSSERI,516,Kozhikode,191583
581053,CHEMANCHERI,32,591,05639,627399,KERALA,Kozhikode,Koyilandi,Chemancheri (CT),627399,561,32,221485,Chemanachery,5639,Kunnamangalam,6025,,32.0,2,22358.403102632437,17456248.75206891,2,587363,6333,KUNNAMANGALAM,516,Kozhikode,587363
189171,CHENGOTTUKAVU,32,591,05639,627382,KERALA,Kozhikode,Koyilandi,Chengottukavu,627382,561,32,221486,Chengottukavu,5639,Panthalayani,6028,,23.0,1,18258.523904545036,14959865.016309494,1,191302,6336,PANTHALAYANI,516,Kozhikode,191302
189172,PANTALAYINI,32,591,05639,803266,KERALA,Kozhikode,Koyilandi,Quilandy (M),803266,561,32,0,,5639,Panthalayani,6028,,23.0,1,17991.901629993237,13023586.654257836,1,191303,6336,PANTHALAYANI,516,Kozhikode,191303
189166,VIYYUR,32,591,05639,803266,KERALA,Kozhikode,Koyilandi,Quilandy (M),803266,561,32,0,,5639,Panthalayani,6028,,23.0,1,14159.35237318606,8767629.38997042,1,191297,6336,PANTHALAYANI,516,Kozhikode,191297
189165,MUDADI,32,591,05639,627375,KERALA,Kozhikode,Koyilandi,Moodadi,627375,561,32,221487,Moodadi,5639,Panthalayani,6028,,23.0,1,27992.713620640803,18558667.74638489,1,191296,6336,PANTHALAYANI,516,Kozhikode,191296
189167,ARIKKULAM,32,591,05639,627376,KERALA,Kozhikode,Koyilandi,Arikkulam (Part),627376,561,32,221484,Arikulam,5639,Panthalayani,6028,,24.0,1,34607.35291587384,24601898.86719039,1,191298,6336,PANTHALAYANI,516,Kozhikode,191298
189164,KIZHARIYUR,32,591,05639,627394,KERALA,Kozhikode,Koyilandi,Keezhariyur (CT),627394,561,32,221479,Keezhariyur,5639,Melday,6027,,24.0,1,19465.50245013175,13329800.77456992,1,191295,6335,MELDAY,516,Kozhikode,191295
189173,TIKKODI,32,591,05639,627393,KERALA,Kozhikode,Koyilandi,Thikkody (CT),627393,561,32,221482,Thikkodi,5639,Melday,6027,,23.0,1,20541.054044212582,15533179.804109985,1,191304,6335,MELDAY,516,Kozhikode,191304
189158,PAYYOLI,32,591,05639,627367,KERALA,Kozhikode,Koyilandi,Payyoli,627367,561,32,0,,5639,Melday,6027,,23.0,1,17421.760853803993,10187226.16280578,1,191289,6335,MELDAY,516,Kozhikode,191289
189162,KOZHUKALLUR,32,591,05639,627391,KERALA,Kozhikode,Koyilandi,Kozhukkallur (CT),627391,561,32,221480,Meppayur,5639,Melday,6027,,24.0,1,22743.22074782197,13175548.24921609,1,191293,6335,MELDAY,516,Kozhikode,191293
189154,AVIDANALLUR,32,591,05639,627381,KERALA,Kozhikode,Koyilandi,Avitanallur,627381,561,32,221438,Kottur,5639,Balusseri,6021,,25.0,1,27229.81227657315,17496981.682152685,1,191285,6329,BALUSSERI,516,Kozhikode,191285
189168,NADUVANNUR,32,591,05639,627395,KERALA,Kozhikode,Koyilandi,Naduvannur (CT),627395,561,32,221439,Naduvannur,5639,Balusseri,6021,,25.0,1,23198.443009352224,22560847.705680694,1,191299,6329,BALUSSERI,516,Kozhikode,191299
189176,KOTTUR,32,591,05639,627377,KERALA,Kozhikode,Koyilandi,Kottur,627377,561,32,221438,Kottur,5639,Balusseri,6021,,25.0,1,18332.832580248447,11682795.68139962,1,191308,6329,BALUSSERI,516,Kozhikode,191308
189157,KURACHUND,32,591,05639,627379,KERALA,Kozhikode,Koyilandi,Koorachundu,627379,561,32,221437,Koorachundu,5639,Balusseri,6021,,25.0,1,32336.72296064083,31499679.36220628,1,191288,6329,BALUSSERI,516,Kozhikode,191288
189169,NOCHCHAD,32,591,05639,627374,KERALA,Kozhikode,Koyilandi,Nochad,627374,561,32,221493,Nochad,5639,Perambra,6029,,24.0,1,28082.357993677913,26181617.97172803,1,191300,6337,PERAMBRA,516,Kozhikode,191300
189170,KAYANNA,32,591,05639,627378,KERALA,Kozhikode,Koyilandi,Kayanna,627378,561,32,221491,Kayanna,5639,Perambra,6029,,25.0,1,25575.816201473004,23712184.874398395,1,191301,6337,PERAMBRA,516,Kozhikode,191301
189175,ERAVATTUR,32,591,05639,627389,KERALA,Kozhikode,Koyilandi,Menhaniam (CT),627389,561,32,221494,Perambra,5639,Perambra,6029,,24.0,1,17105.115094230263,10676223.838603245,1,191307,6337,PERAMBRA,516,Kozhikode,191307
189151,ERAVATTUR,32,591,05639,627387,KERALA,Kozhikode,Koyilandi,Eravattur (CT),627387,561,32,221494,Perambra,5639,Perambra,6029,,24.0,1,27880.618536093207,16448891.815278735,1,191282,6337,PERAMBRA,516,Kozhikode,191282
189150,KUTTALI,32,591,05639,627388,KERALA,Kozhikode,Koyilandi,Koothali (CT),627388,561,32,221492,Koothali,5639,Perambra,6029,,24.0,1,14409.076164756641,8460143.68433426,1,191281,6337,PERAMBRA,516,Kozhikode,191281
189149,PERAMBRA,32,591,05639,627373,KERALA,Kozhikode,Koyilandi,Perambra,627373,561,32,221488,Chakittapara,5639,Perambra,6029,,24.0,1,24133.041962204024,15262392.784379674,1,191280,6337,PERAMBRA,516,Kozhikode,191280
189163,TURAYUR,32,591,05639,627392,KERALA,Kozhikode,Koyilandi,Thurayur (CT),627392,561,32,221483,Thurayur,5639,Melday,6027,,24.0,1,18954.37457775795,10147744.01217751,1,191294,6335,MELDAY,516,Kozhikode,191294
189161,MEPPAIUR,32,591,05639,627390,KERALA,Kozhikode,Koyilandi,Meppayyur (CT),627390,561,32,221480,Meppayur,5639,Melday,6027,,24.0,1,18755.600354306494,10922167.55894631,1,191292,6335,MELDAY,516,Kozhikode,191292
189159,IRINGAL,32,591,05639,627386,KERALA,Kozhikode,Koyilandi,Iringal (CT),627386,561,32,0,,5639,Melday,6027,,23.0,1,17226.301828465585,12994778.34222299,1,191290,6335,MELDAY,516,Kozhikode,191290
189602,MANIYUR,32,591,05638,627366,KERALA,Kozhikode,Vatakara,Maniyur (CT),627366,561,32,221496,Maniyur,5638,Thodannur,6030,,21.0,1,25719.69504823589,19503776.614151325,1,191736,6338,THODANNUR,516,Kozhikode,191736
189601,PALAYAD,32,591,05638,627365,KERALA,Kozhikode,Vatakara,Palayad (CT),627365,561,32,221496,Maniyur,5638,Thodannur,6030,,21.0,1,19185.015073830204,13151155.24402164,1,191735,6338,THODANNUR,516,Kozhikode,191735
189160,CHERUVANNUR,32,591,05639,627368,KERALA,Kozhikode,Koyilandi,Cheruvannur,627368,561,32,221490,Cheruvannur,5639,Perambra,6029,,24.0,1,27318.8672068102,22662475.550434217,1,191291,6337,PERAMBRA,516,Kozhikode,191291
189606,THIRUVALLUR,32,591,05638,627349,KERALA,Kozhikode,Vatakara,Thiruvallur,627349,561,32,221497,Thiruvallur,5638,Thodannur,6030,,21.0,1,17057.11689654067,11883235.461119765,1,191740,6338,THODANNUR,516,Kozhikode,191740
189588,NADAKKUTAZHA,32,591,05638,803265,KERALA,Kozhikode,Vatakara,Vadakara (M),803265,561,32,0,,5638,Vadakara,6032,,20.0,1,22614.467415824358,13246605.594266886,1,191722,6340,VADAKARA,516,Kozhikode,191722
189589,VADAKARA,32,591,05638,803265,KERALA,Kozhikode,Vatakara,Vadakara (M),803265,561,32,0,,5638,Vadakara,6032,,20.0,1,22781.78789414761,9346949.61666047,1,191723,6340,VADAKARA,516,Kozhikode,191723
189587,VILLIAPPALLI,32,591,05638,627364,KERALA,Kozhikode,Vatakara,Villiappally (CT),627364,561,32,221498,Villiyappally,5638,Vadakara,6032,,21.0,1,33896.642526782125,18055881.419638894,1,191721,6340,VADAKARA,516,Kozhikode,191721
189586,KOTTAPPALLI,32,591,05638,627363,KERALA,Kozhikode,Vatakara,Kottappally (CT),627363,561,32,221497,Thiruvallur,5638,Thodannur,6030,,21.0,1,25781.71330579453,17315800.60425501,1,191720,6338,THODANNUR,516,Kozhikode,191720
189582,VELAM,32,591,05638,627350,KERALA,Kozhikode,Vatakara,Velom,627350,561,32,221478,Velom,5638,Kunnummal,6026,,21.0,1,27296.358365883763,27251641.135207184,1,191716,6334,KUNNUMMAL,516,Kozhikode,191716
189590,CHORODE,32,591,05638,627361,KERALA,Kozhikode,Vatakara,Chorode (CT),627361,561,32,221506,Chorode,5638,Vadakara,6032,,20.0,1,21057.06518632481,14204405.53073243,1,191724,6340,VADAKARA,516,Kozhikode,191724
189585,AYANCHERI,32,591,05638,627362,KERALA,Kozhikode,Vatakara,Ayancheri (CT),627362,561,32,221495,Ayancheri,5638,Thodannur,6030,,21.0,1,35878.632663499215,21623494.837537106,1,191719,6338,THODANNUR,516,Kozhikode,191719
189592,ONCHIYAM,32,591,05638,627341,KERALA,Kozhikode,Vatakara,Onchiam,627341,561,32,221508,Onchiyam,5638,Vadakara,6032,,20.0,1,15447.19226103447,10222682.93131643,1,191726,6340,VADAKARA,516,Kozhikode,191726
189583,KUTTYADI,32,591,05638,627351,KERALA,Kozhikode,Vatakara,Kuttiadi,627351,561,32,221474,Kuttiadi,5638,Kunnummal,6026,,21.0,1,21387.320529561024,15691068.43345563,1,191717,6334,KUNNUMMAL,516,Kozhikode,191717
189591,ERAMALA,32,591,05638,627359,KERALA,Kozhikode,Vatakara,Eramala (CT),627359,561,32,221507,Eramala,5638,Vadakara,6032,,20.0,1,29292.42470640956,19050851.93663205,1,191725,6340,VADAKARA,516,Kozhikode,191725
189584,PURAMERI,32,591,05638,627348,KERALA,Kozhikode,Vatakara,Purameri,627348,561,32,221501,Purameri,5638,Thuneri,6031,,21.0,1,39442.986365236044,20608237.603194226,1,191718,6339,THUNERI,516,Kozhikode,191718
189604,KUNNUMMAL,32,591,05638,627356,KERALA,Kozhikode,Vatakara,Kunnummal (CT),627356,561,32,221473,Kunnumal,5638,Kunnummal,6026,,21.0,1,22643.511647602594,12123341.301401814,1,191738,6334,KUNNUMMAL,516,Kozhikode,191738
189593,AZHIYUR,32,591,05638,627360,KERALA,Kozhikode,Vatakara,Azhiyur (CT),627360,561,32,221505,Azhiyur,5638,Vadakara,6032,,20.0,1,15375.866781288292,10475871.134565474,1,191727,6340,VADAKARA,516,Kozhikode,191727
189443,VAVAD,32,591,,627404,KERALA,Kozhikode,Thamarassery,Vavad,627404,561,32,0,,5938,Koduvally,6023,,31.0,1,17186.11172378592,8367427.963119405,1,191577,6331,KODUVALLY,516,Kozhikode,191577
189456,RAROTT,32,591,,627405,KERALA,Kozhikode,Thamarassery,Raroth,627405,561,32,235965,Kattippara,5938,Koduvally,6023,,31.0,1,24814.21088436754,25189911.45181929,1,191590,6331,KODUVALLY,516,Kozhikode,191590
189457,UNNIKULAM,32,591,,627384,KERALA,Kozhikode,Thamarassery,Unnikulam,627384,561,32,221442,Unnikulum,5938,Balusseri,6021,,25.0,1,29406.28164128259,19095851.76335544,1,191591,6329,BALUSSERI,516,Kozhikode,191591
189447,KEDAVUR,32,591,,627406,KERALA,Kozhikode,Thamarassery,Kedavur,627406,561,32,235965,Kattippara,5938,Koduvally,6023,,31.0,1,49853.997751734576,50385008.64627566,1,191581,6331,KODUVALLY,516,Kozhikode,191581
189448,KANTILAD,32,591,,627380,KERALA,Kozhikode,Thamarassery,Kanthalad,627380,561,32,221440,Panangad,5938,Balusseri,6021,,25.0,1,40183.441669816544,36905713.76864762,1,191582,6329,BALUSSERI,516,Kozhikode,191582
189147,CHAKKITTAPARA,32,591,05639,627372,KERALA,Kozhikode,Koyilandi,Chakkittapara,627372,561,32,221488,Chakittapara,5639,Perambra,6029,,24.0,1,68688.14380388621,123605117.148705,1,191278,6337,PERAMBRA,516,Kozhikode,191278
189270,VELLAMUNDA,32,590,05635,627307,KERALA,Wayanad,Mananthavady,Vellamunda,627307,567,32,221928,Vellamunda,5635,Mananthavady,6099,,17.0,1,31538.600734000524,38591175.28529399,1,191402,6404,MANANTHAVADY,522,Wayanad,191402
189271,KANJIRANGAD,32,590,05635,627308,KERALA,Wayanad,Mananthavady,Kanjirangad,627308,567,32,221927,Thondernad,5635,Mananthavady,6099,,17.0,1,42186.81034129321,35315284.2480721,1,191403,6404,MANANTHAVADY,522,Wayanad,191403
189268,VALAT,32,590,05635,627300,KERALA,Wayanad,Mananthavady,Valat,627300,567,32,221925,Thavinhal,5635,Mananthavady,6099,,17.0,1,29436.603327334982,28403709.364778444,1,191400,6404,MANANTHAVADY,522,Wayanad,191400
190167,KOTTYUR,32,589,,627257,KERALA,Kannur,Iritty,Kottiyoor,627257,557,32,221231,Kottiyoor,5937,Peravoor,5990,,16.0,1,47159.7267412145,88316238.16253272,1,192303,6300,PERAVOOR,512,Kannur,192303
189605,NADAPURAM,32,591,05638,627357,KERALA,Kozhikode,Vatakara,Nadapuram (CT),627357,561,32,221476,Nadapuram,5638,Kunnummal,6026,,22.0,1,29903.726004061307,21703219.940004334,1,191739,6334,KUNNUMMAL,516,Kozhikode,191739
189599,EDACHERI,32,591,05638,627358,KERALA,Kozhikode,Vatakara,Edacheri (CT),627358,561,32,221500,Edacheri,5638,Thuneri,6031,,22.0,1,30590.675921252965,17678568.444347974,1,191733,6339,THUNERI,516,Kozhikode,191733
335881,MAHE,34,635,05913,804039,PUDUCHERRY,Puducherry,Mahe Taluk,Mahe (M),804039,600,34,0,,5913,Mahe,6487,,,1,5747.2308754820215,1723813.89210869,1,340933,0, ,0,,340933
189594,TUNERI,32,591,05638,627355,KERALA,Kozhikode,Vatakara,Thuneri (CT),627355,561,32,221502,Thuneri,5638,Thuneri,6031,,22.0,1,24020.67787136083,15996454.860745534,1,191728,6339,THUNERI,516,Kozhikode,191728
190356,PERINGATTUR,32,589,05634,627292,KERALA,Kannur,Thalassery,Peringathur (CT),627292,557,32,0,,5634,Panoor,6694,,14.0,1,29119.148520336832,22259399.885688044,1,192492,6883,PANOOR,512,Kannur,192492
189603,NARIPETTA,32,591,05638,627347,KERALA,Kozhikode,Vatakara,Narippatta,627347,561,32,221477,Naripetta,5638,Kunnummal,6026,,22.0,1,30485.53272769062,22145971.23517385,1,191737,6334,KUNNUMMAL,516,Kozhikode,191737
190355,CHOCKLI,32,589,05634,627291,KERALA,Kannur,Thalassery,Chockli (CT),627291,557,32,221248,Chokli,5634,Panoor,6694,,13.0,1,20222.350151404193,12557042.52374071,1,192491,6883,PANOOR,512,Kannur,192491
190353,KODIYERI,32,589,05634,627290,KERALA,Kannur,Thalassery,New Mahe (CT),627290,557,32,221254,New Mahi,5634,Thalassery,5992,,13.0,1,22860.35228968568,11142044.14671278,1,192489,6302,THALASSERY,512,Kannur,192489
335880,MAHE,34,635,05913,804039,PUDUCHERRY,Puducherry,Mahe Taluk,Mahe (M),804039,600,34,0,,5913,Mahe,6487,,,1,22298.579694033346,7693964.0329321,1,340932,0, ,0,,340932
189596,VANIMAL,32,591,05638,627342,KERALA,Kozhikode,Vatakara,Vanimel,627342,561,32,221503,Valayam,5638,Thuneri,6031,,22.0,1,31635.104254938953,25184213.96842229,1,191730,6339,THUNERI,516,Kozhikode,191730
189481,KOTTAKKAL,32,592,05644,627527,KERALA,Malappuram,Tirur,Kottakkal (CT),627527,562,32,0,,5644,Malappuram,6036,,46.0,1,29045.337796652693,21114493.878012985,1,191615,6344,MALAPPURAM,517,Malappuram,191615
189480,PONMALA,32,592,05644,627518,KERALA,Malappuram,Tirur,Ponmala,627518,562,32,221532,Ponmala,5644,Malappuram,6036,,46.0,1,30511.339779818725,22660331.368334204,1,191614,6344,MALAPPURAM,517,Malappuram,191614
189367,KODUR,32,592,05643,627510,KERALA,Malappuram,Perinthalmanna,Kodur (CT),627510,562,32,221536,Kodur,5643,Mankada,6037,,40.0,1,28236.126474894292,24461838.66713079,1,191501,6345,MANKADA,517,Malappuram,191501
189502,MATTATTUR,32,592,05645,627549,KERALA,Malappuram,Tirurangadi,Othukkungal (CT),627549,562,32,221593,Othukkungal,5645,Vengara,6045,,41.0,1,32415.536173021,18616592.01069157,1,191636,6353,VENGARA,517,Malappuram,191636
188969,MALAPPURAM,32,592,05641,803269,KERALA,Malappuram,Ernad,Malappuram (M),803269,562,32,0,,5641,Malappuram,6036,,40.0,1,17897.918485318416,8529714.663467545,1,191099,6344,MALAPPURAM,517,Malappuram,191099
188971,PANAKKAD,32,592,05641,803269,KERALA,Malappuram,Ernad,Malappuram (M),803269,562,32,0,,5641,Malappuram,6036,,40.0,1,22546.903813417557,11633002.18562781,1,191101,6344,MALAPPURAM,517,Malappuram,191101
188970,MELMURI,32,592,05641,803269,KERALA,Malappuram,Ernad,Malappuram (M),803269,562,32,0,,5641,Malappuram,6036,,40.0,1,21347.942427476966,14214837.50539432,1,191100,6344,MALAPPURAM,517,Malappuram,191100
188973,PUKKOTTUR,32,592,05641,627457,KERALA,Malappuram,Ernad,Pookkottur,627457,562,32,221533,Pookkottur,5641,Malappuram,6036,,40.0,1,27673.160844798655,22152200.221526086,1,191103,6344,MALAPPURAM,517,Malappuram,191103
188987,PULPATTA,32,592,05641,627458,KERALA,Malappuram,Ernad,Pulpatta,627458,562,32,221514,Pulpatta,5641,Areakode,6033,,40.0,1,37846.133591495054,31789191.77268111,1,191117,6341,AREAKODE,517,Malappuram,191117
188983,KAVANUR,32,592,05641,627452,KERALA,Malappuram,Ernad,Kavanoor,627452,562,32,221511,Kavannur,5641,Areakode,6033,,34.0,1,31901.743697050984,31854349.49686744,1,191113,6341,AREAKODE,517,Malappuram,191113
189076,MORAYUR,32,592,,627456,KERALA,Malappuram,Kondotty,Morayur,627456,562,32,221531,Morayur,5941,Kondotty,6034,,40.0,1,34733.351197462216,26245932.454226065,1,191206,6342,KONDOTTY,517,Malappuram,191206
189078,NEDIYIRUPPU,32,592,,627455,KERALA,Malappuram,Kondotty,Nediyiruppu,627455,562,32,0,,5941,Kondotty,6034,,33.0,1,23120.947734234058,19930401.33391577,1,191208,6342,KONDOTTY,517,Malappuram,191208
189073,KONDOTTI,32,592,,627468,KERALA,Malappuram,Kondotty,Kondotty (CT),627468,562,32,0,,5941,Kondotty,6034,,33.0,1,13823.888087698107,11316617.228569334,1,191203,6342,KONDOTTY,517,Malappuram,191203
189077,KUZHIMANNA,32,592,,627453,KERALA,Malappuram,Kondotty,Kuzhimanna,627453,562,32,221513,Kuzhimanna,5941,Areakode,6033,,34.0,1,30756.816139989227,23652281.38987514,1,191207,6341,AREAKODE,517,Malappuram,191207
189074,VILAYIL,32,592,,627454,KERALA,Malappuram,Kondotty,Muthuvallur,627454,562,32,239029,Muduvalur,5941,Areakode,6033,,33.0,1,34269.54294160567,28449891.649114415,1,191204,6341,AREAKODE,517,Malappuram,191204
189075,CHIKKOD,32,592,,627446,KERALA,Malappuram,Kondotty,Cheekkode,627446,562,32,221510,Chekkode,5941,Areakode,6033,,33.0,1,25082.50100685966,16402100.527361615,1,191205,6341,AREAKODE,517,Malappuram,191205
189080,VAZHAKKAD,32,592,,627444,KERALA,Malappuram,Kondotty,Vazhakkad,627444,562,32,221522,Vazhakkad,5941,Kondotty,6034,,33.0,1,27739.233915438635,24689424.217964936,1,191210,6342,KONDOTTY,517,Malappuram,191210
189218,KAKKAD,32,591,05640,627419,KERALA,Kozhikode,Kozhikode,Kakkad,627419,561,32,221462,Karasseri,5640,Kunnamangalam,6025,,32.0,1,15779.060477534238,10841351.55166029,1,191350,6333,KUNNAMANGALAM,516,Kozhikode,191350
189219,TAZHAKKOD,32,591,05640,627428,KERALA,Kozhikode,Kozhikode,Thazhecode (CT),627428,561,32,0,,5640,Kunnamangalam,6025,,32.0,1,23775.17997081492,20320387.311126236,1,191351,6333,KUNNAMANGALAM,516,Kozhikode,191351
189211,NILESWARAM,32,591,05640,627414,KERALA,Kozhikode,Kozhikode,Neeleswaram,627414,561,32,0,,5640,Kunnamangalam,6025,,32.0,1,19069.256825026398,14390618.852764726,1,191343,6333,KUNNAMANGALAM,516,Kozhikode,191343
189070,CHERUKAVU,32,592,,627467,KERALA,Malappuram,Kondotty,Cherukavu (CT),627467,562,32,221517,Cherukavu,5941,Kondotty,6034,,33.0,1,21932.910108047206,15294994.14653866,1,191200,6342,KONDOTTY,517,Malappuram,191200
189072,PULIKKAL,32,592,,627445,KERALA,Malappuram,Kondotty,Pulikkal,627445,562,32,221521,Pulikkal,5941,Kondotty,6034,,33.0,1,33511.39712084002,30656549.441180956,1,191202,6342,KONDOTTY,517,Malappuram,191202
189081,VAZHAYUR,32,592,,627466,KERALA,Malappuram,Kondotty,Vazhayur (CT),627466,562,32,221517,Cherukavu,5941,Kondotty,6034,,33.0,1,27520.087955870484,24262940.777683854,1,191211,6342,KONDOTTY,517,Malappuram,191211
189226,MAVUR,32,591,05640,627429,KERALA,Kozhikode,Kozhikode,Mavoor (CT),627429,561,32,221467,Mavoor,5640,Kunnamangalam,6025,,30.0,1,21534.24198123924,20971110.948904663,1,191358,6333,KUNNAMANGALAM,516,Kozhikode,191358
189225,PERUVAYAL,32,591,05640,627430,KERALA,Kozhikode,Kozhikode,Peruvayal (CT),627430,561,32,221470,Peruvayal,5640,Kunnamangalam,6025,,30.0,1,23726.573281199624,16710740.54647445,1,191357,6333,KUNNAMANGALAM,516,Kozhikode,191357
189213,PULAKKOD,32,591,05640,627427,KERALA,Kozhikode,Kozhikode,Poolacode (CT),627427,561,32,221461,Chathamangalam,5640,Kunnamangalam,6025,,30.0,1,33107.63635154337,29845949.83805666,1,191345,6333,KUNNAMANGALAM,516,Kozhikode,191345
189224,KUNNAMANGALAM,32,591,05640,627426,KERALA,Kozhikode,Kozhikode,Kunnamangalam (CT),627426,561,32,221465,Kunnamangalam,5640,Kunnamangalam,6025,,30.0,1,28897.52526810728,26197820.733210504,1,191356,6333,KUNNAMANGALAM,516,Kozhikode,191356
189212,CHATAMANGALAM,32,591,05640,627416,KERALA,Kozhikode,Kozhikode,Chathamangalam,627416,561,32,221461,Chathamangalam,5640,Kunnamangalam,6025,,30.0,1,20889.11319933467,12115433.7366358,1,191344,6333,KUNNAMANGALAM,516,Kozhikode,191344
189442,KODUVALLI,32,591,,627440,KERALA,Kozhikode,Thamarassery,Koduvally (OG),627440,561,32,0,,5938,Koduvally,6023,,31.0,1,21371.74226689155,15137362.851963125,1,191576,6331,KODUVALLY,516,Kozhikode,191576
189444,KIZHAKKOT,32,591,,627403,KERALA,Kozhikode,Thamarassery,Kizhakkoth,627403,561,32,221449,Kizhakkoth,5938,Koduvally,6023,,31.0,1,24439.12057978471,21265836.412866734,1,191578,6331,KODUVALLY,516,Kozhikode,191578
188985,ARIKKOD,32,592,05641,627447,KERALA,Malappuram,Ernad,Areekode,627447,562,32,221509,Areekode,5641,Areakode,6033,,34.0,1,22112.133007386492,17045466.607831504,1,191115,6341,AREAKODE,517,Malappuram,191115
188986,URANGATTIRI,32,592,05641,627448,KERALA,Malappuram,Ernad,Urangattiri,627448,562,32,221515,Urungattiri,5641,Areakode,6033,,34.0,1,25865.664465109425,30765049.132607136,1,191116,6341,AREAKODE,517,Malappuram,191116
188984,KIZHUPARAMBA,32,592,05641,627465,KERALA,Malappuram,Ernad,Kizhuparamba (CT),627465,562,32,221512,Kizhuparamba,5641,Areakode,6033,,34.0,1,20582.35734273488,15413455.085826645,1,191114,6341,AREAKODE,517,Malappuram,191114
189192,KODIYATTUR,32,591,05640,627420,KERALA,Kozhikode,Kozhikode,Kodiyathur,627420,561,32,221464,Kodiyathur,5640,Kunnamangalam,6025,,32.0,1,36776.14055127925,30580702.88661094,1,191324,6333,KUNNAMANGALAM,516,Kozhikode,191324
189220,KUMARANALLUR,32,591,05640,627418,KERALA,Kozhikode,Kozhikode,Kumaranallur,627418,561,32,221462,Karasseri,5640,Kunnamangalam,6025,,32.0,1,21652.126446324546,19572783.242457874,1,191352,6333,KUNNAMANGALAM,516,Kozhikode,191352
189453,KUDARANJI,32,591,,627412,KERALA,Kozhikode,Thamarassery,Koodaranji,627412,561,32,221451,Koodaranji,5938,Koduvally,6023,,32.0,1,61818.67925929699,120965462.01102208,1,191587,6331,KODUVALLY,516,Kozhikode,191587
189454,TIRUVAMBADI,32,591,,627413,KERALA,Kozhikode,Thamarassery,Thiruvambadi,627413,561,32,221456,Thiruvambadi,5938,Koduvally,6023,,32.0,1,82479.09208693562,92157742.12595645,1,191588,6331,KODUVALLY,516,Kozhikode,191588
189446,NELLIPOIL,32,591,,627411,KERALA,Kozhikode,Thamarassery,Nellipoyil,627411,561,32,221463,Kodencheri,5938,Kunnamangalam,6025,,32.0,1,29070.577801000054,34951919.00930522,1,191580,6333,KUNNAMANGALAM,516,Kozhikode,191580
189639,KUNNATTIDAVAKA,32,590,05637,627335,KERALA,Wayanad,Vythiri,Kunnathidavaka,627335,567,32,221921,Vythiri,5637,Kalpetta,6098,,19.0,1,29364.591524470896,34017045.30367362,1,191774,6403,KALPETTA,522,Wayanad,191774
189637,CHUNDEL,32,590,05637,627336,KERALA,Wayanad,Vythiri,Chundale,627336,567,32,221921,Vythiri,5637,Kalpetta,6098,,19.0,1,20915.90461966865,16988140.50732274,1,191772,6403,KALPETTA,522,Wayanad,191772
189445,PUTTUR,32,591,,627415,KERALA,Kozhikode,Thamarassery,Puthur,627415,561,32,221453,Omassery,5938,Koduvally,6023,,31.0,1,24655.092304774425,17118013.80556143,1,191579,6331,KODUVALLY,516,Kozhikode,191579
189455,KUDATTAI,32,591,,627409,KERALA,Kozhikode,Thamarassery,Koodathayi,627409,561,32,221463,Kodencheri,5938,Koduvally,6023,,31.0,1,30148.521033696426,24645102.810616374,1,191589,6331,KODUVALLY,516,Kozhikode,191589
581054,CHEMANCHERI,32,591,05639,627399,KERALA,Kozhikode,Koyilandi,Chemancheri (CT),627399,561,32,221485,Chemanachery,5639,Kunnamangalam,6025,,32.0,2,58103.23557458514,26887079.45540561,2,587364,6333,KUNNAMANGALAM,516,Kozhikode,587364
189458,ENGAPUZHA,32,591,,627408,KERALA,Kozhikode,Thamarassery,Engapuzha,627408,561,32,221454,Puthuppady,5938,Koduvally,6023,,32.0,1,24300.772027532108,21360343.883247975,1,191592,6331,KODUVALLY,516,Kozhikode,191592
189459,PUDUPPADI,32,591,,627407,KERALA,Kozhikode,Thamarassery,Puthuppadi,627407,561,32,221454,Puthuppady,5938,Koduvally,6023,,32.0,1,35276.63509361696,39011660.78546103,1,191593,6331,KODUVALLY,516,Kozhikode,191593
189638,POZHUTANA,32,590,05637,627334,KERALA,Wayanad,Vythiri,Pozhuthana,627334,567,32,221918,Pozhuthana,5637,Kalpetta,6098,,19.0,1,34158.281340282105,50264720.74601061,1,191773,6403,KALPETTA,522,Wayanad,191773
189635,ACHURANAM,32,590,05637,627333,KERALA,Wayanad,Vythiri,Achooranam,627333,567,32,221918,Pozhuthana,5637,Kalpetta,6098,,19.0,1,36015.82443170488,21989908.156306457,1,191770,6403,KALPETTA,522,Wayanad,191770
189627,TARIYOD,32,590,05637,627332,KERALA,Wayanad,Vythiri,Thariyode,627332,567,32,221919,Thariyode,5637,Kalpetta,6098,,19.0,1,44097.79055325573,59768241.59547936,1,191762,6403,KALPETTA,522,Wayanad,191762
189625,KAVUMMANDAM,32,590,05637,627331,KERALA,Wayanad,Vythiri,Kavumannam,627331,567,32,221919,Thariyode,5637,Kalpetta,6098,,19.0,1,23902.98018207648,16508507.13994619,1,191760,6403,KALPETTA,522,Wayanad,191760
189626,PADINJARATTARA,32,590,05637,627324,KERALA,Wayanad,Vythiri,Padinharethara,627324,567,32,221917,Padinharethara,5637,Kalpetta,6098,,19.0,1,35049.15759109177,41599829.95960529,1,191761,6403,KALPETTA,522,Wayanad,191761
189632,KALPETTA,32,590,05637,803264,KERALA,Wayanad,Vythiri,Kalpetta (M),803264,567,32,0,,5637,Kalpetta,6098,,19.0,1,40678.98679807583,36412669.13670953,1,191767,6403,KALPETTA,522,Wayanad,191767
189624,VENGAPPALLI,32,590,05637,627330,KERALA,Wayanad,Vythiri,Vengappally,627330,567,32,221920,Vengappally,5637,Kalpetta,6098,,19.0,1,32524.175259833963,22661071.957234755,1,191759,6403,KALPETTA,522,Wayanad,191759
189623,KOTTATTARA,32,590,05637,627326,KERALA,Wayanad,Vythiri,Kottathara,627326,567,32,221913,Kottathara,5637,Kalpetta,6098,,19.0,1,37551.23012974128,32874085.96414157,1,191758,6403,KALPETTA,522,Wayanad,191758
189264,ANCHUKUNNU,32,590,05635,627305,KERALA,Wayanad,Mananthavady,Anchukunnu,627305,567,32,221924,Panamaram,5635,Panamaram,6693,,17.0,1,41094.56048391846,32305202.90949935,1,191396,6882,PANAMARAM,522,Wayanad,191396
189260,PANARAM,32,590,05635,627304,KERALA,Wayanad,Mananthavady,Panamaram,627304,567,32,221924,Panamaram,5635,Panamaram,6693,,17.0,1,38824.691912571296,27478685.90044787,1,191392,6882,PANAMARAM,522,Wayanad,191392
189261,CHERRUKATTUR,32,590,05635,627303,KERALA,Wayanad,Mananthavady,Cherukottur,627303,567,32,221924,Panamaram,5635,Panamaram,6693,,17.0,1,26998.62153468465,19001647.98544119,1,191393,6882,PANAMARAM,522,Wayanad,191393
189275,PAYYAMPALLI,32,590,05635,627295,KERALA,Wayanad,Mananthavady,Payyampally,627295,567,32,0,,5635,Mananthavady,6099,,17.0,1,28675.844420500092,26624956.95332621,1,191407,6404,MANANTHAVADY,522,Wayanad,191407
189274,TRISSHALERI,32,590,05635,627294,KERALA,Wayanad,Mananthavady,Thrissilery,627294,567,32,221926,Thirunelly,5635,Mananthavady,6099,,17.0,1,41408.82269377164,57508547.25395908,1,191406,6404,MANANTHAVADY,522,Wayanad,191406
189273,TIRUNELLI,32,590,05635,627293,KERALA,Wayanad,Mananthavady,Thirunelly,627293,567,32,221926,Thirunelly,5635,Mananthavady,6099,,17.0,1,66733.92333060177,155208941.50451317,1,191405,6404,MANANTHAVADY,522,Wayanad,191405
173295,KUTTA,29,576,,618078,KARNATAKA,Kodagu,PONNAMPET,Kutta,618078,541,29,218751,Kutta,7125,Ponnampet,7489,,,1,26373.38462334474,22989649.553777784,1,175272,0, ,496,Kodagu,175272
189622,KUPPADITTARA,32,590,05637,627325,KERALA,Wayanad,Vythiri,Kuppadithara,627325,567,32,221917,Padinharethara,5637,Kalpetta,6098,,19.0,1,26902.114291473044,16608164.173440035,1,191757,6403,KALPETTA,522,Wayanad,191757
189263,PORUNNANNUR,32,590,05635,627306,KERALA,Wayanad,Mananthavady,Porunnanore,627306,567,32,221928,Vellamunda,5635,Mananthavady,6099,,17.0,1,38029.42827250975,29196033.674643263,1,191395,6404,MANANTHAVADY,522,Wayanad,191395
189269,EDAVAKA,32,590,05635,627301,KERALA,Wayanad,Mananthavady,Edavaka,627301,567,32,221922,Edavaka,5635,Mananthavady,6099,,17.0,1,29826.48163795141,27901334.182781555,1,191401,6404,MANANTHAVADY,522,Wayanad,191401
189262,NALLURNAD,32,590,05635,627302,KERALA,Wayanad,Mananthavady,Nalloornad,627302,567,32,221922,Edavaka,5635,Mananthavady,6099,,17.0,1,29484.117700607814,21839644.81036258,1,191394,6404,MANANTHAVADY,522,Wayanad,191394
189267,MANANTAVADI,32,590,05635,627296,KERALA,Wayanad,Mananthavady,Mananthavady,627296,567,32,0,,5635,Mananthavady,6099,,17.0,1,43614.46136121447,55855899.953841,1,191399,6404,MANANTHAVADY,522,Wayanad,191399
189266,TAVINNAL,32,590,05635,627297,KERALA,Wayanad,Mananthavady,Thavinhal,627297,567,32,221925,Thavinhal,5635,Mananthavady,6099,,17.0,1,41636.74992271899,55558079.21233146,1,191398,6404,MANANTHAVADY,522,Wayanad,191398
173294,MANCHALL,29,576,,618077,KARNATAKA,Kodagu,PONNAMPET,Manchalli & Forest,618077,541,29,218751,Kutta,7125,Ponnampet,7489,,,1,17916.991441174483,16642832.00903005,1,175271,0, ,496,Kodagu,175271
186498,Beruga,29,576,,618076,KARNATAKA,Kodagu,PONNAMPET,Kurchi,618076,541,29,218760,Srimangala,7125,Ponnampet,7489,,,1,22921.065941789173,23287760.91267917,1,188587,0, ,496,Kodagu,188587
173293,Beruga,29,576,,924064,KARNATAKA,Kodagu,PONNAMPET,BEERUGA,924064,541,29,218760,Srimangala,7125,Ponnampet,7489,,,1,26049.94031416472,30114285.615477353,1,175270,0, ,496,Kodagu,175270
173297,NAIKERI,29,576,,618072,KARNATAKA,Kodagu,PONNAMPET,Nalkeri Forest,618072,541,29,0,,7125,Ponnampet,7489,,,1,50120.793916668365,128320766.76992874,1,175274,0, ,496,Kodagu,175274
178000,METIKUPPE STATE FOREST,29,577,05573,618868,KARNATAKA,Mysuru,Heggadadevankote,Metikuppe Forest,618868,545,29,219443,Chakkodanahalli,5573,Heggadadevankote,5886,,,1,55210.04008566606,58421642.14189786,1,180021,6217,HEGGADADEVANKOTE,500,Mysuru,180021
189148,CHANGAROTT,32,591,05639,627370,KERALA,Kozhikode,Koyilandi,Changaroth,627370,561,32,221489,Changaroth,5639,Perambra,6029,,24.0,1,21051.95335833157,18581172.840709373,1,191279,6337,PERAMBRA,516,Kozhikode,191279
189152,PALERI,32,591,05639,627369,KERALA,Kozhikode,Koyilandi,Palery,627369,561,32,221489,Changaroth,5639,Perambra,6029,,24.0,1,24006.416239297287,13765296.92734912,1,191283,6337,PERAMBRA,516,Kozhikode,191283
189174,CHEMBANOD,32,591,05639,627371,KERALA,Kozhikode,Koyilandi,Chempanoda,627371,561,32,221488,Chakittapara,5639,Perambra,6029,,24.0,1,38267.752261972906,54446351.0010764,1,191306,6337,PERAMBRA,516,Kozhikode,191306
189581,MARUDONKARA,32,591,05638,627352,KERALA,Kozhikode,Vatakara,Maruthonkara,627352,561,32,221471,Kavilumpara,5638,Kunnummal,6026,,22.0,1,32715.807279782104,31049686.745017607,1,191715,6334,KUNNUMMAL,516,Kozhikode,191715
189580,KAYAKODI,32,591,05638,627346,KERALA,Kozhikode,Vatakara,Kayakkodi,627346,561,32,221472,Kayakkodi,5638,Kunnummal,6026,,22.0,1,28646.72880424245,28376049.561519384,1,191714,6334,KUNNUMMAL,516,Kozhikode,191714
189579,KAVILUMPARA,32,591,05638,627345,KERALA,Kozhikode,Vatakara,Kavilumpara,627345,561,32,221471,Kavilumpara,5638,Kunnummal,6026,,22.0,1,61731.39064527619,86481614.54628828,1,191713,6334,KUNNUMMAL,516,Kozhikode,191713
189597,TINUR,32,591,05638,627344,KERALA,Kozhikode,Vatakara,Thinoor,627344,561,32,221477,Naripetta,5638,Kunnummal,6026,,22.0,1,27054.745132383807,31566518.71717302,1,191731,6334,KUNNUMMAL,516,Kozhikode,191731
189272,TONDARNAD,32,590,05635,627299,KERALA,Wayanad,Mananthavady,Thondernad,627299,567,32,221927,Thondernad,5635,Mananthavady,6099,,17.0,1,56351.13528912076,102168188.82144123,1,191404,6404,MANANTHAVADY,522,Wayanad,191404
189600,VILANGAD,32,591,05638,627343,KERALA,Kozhikode,Vatakara,Vilangad,627343,561,32,221504,Vanimel,5638,Thuneri,6031,,22.0,1,25100.45141748757,21767826.39280946,1,191734,6339,THUNERI,516,Kozhikode,191734
189265,PERIYA,32,590,05635,627298,KERALA,Wayanad,Mananthavady,Periya,627298,567,32,221925,Thavinhal,5635,Mananthavady,6099,,17.0,1,46712.16081744103,66284112.64408091,1,191397,6404,MANANTHAVADY,522,Wayanad,191397
189598,CHEKKYAD,32,591,05638,627354,KERALA,Kozhikode,Vatakara,Chekkiad (CT),627354,561,32,221499,Chekkiad,5638,Thuneri,6031,,22.0,1,40150.618207858526,25888553.08992419,1,191732,6339,THUNERI,516,Kozhikode,191732
189595,VALAYAM,32,591,05638,627353,KERALA,Kozhikode,Vatakara,Valayam (CT),627353,561,32,221503,Valayam,5638,Thuneri,6031,,22.0,1,34868.30840103904,23213306.147270765,1,191729,6339,THUNERI,516,Kozhikode,191729
190345,PANUR,32,589,05634,627288,KERALA,Kannur,Thalassery,Panoor (CT),627288,557,32,0,,5634,Kuthuparamba,5988,,14.0,1,17723.239745281495,8456733.86226117,1,192481,6298,KUTHUPARAMBA,512,Kannur,192481
578374,PANNAYANNUR,32,589,05634,913032,KERALA,Kannur,Thalassery,Thalassery,913032,557,32,0,,5634,Thalassery,5992,,13.0,1,26046.66763695218,17553897.492559876,1,584535,6302,THALASSERY,512,Kannur,584535
190342,TRIPRANGOTTUR,32,589,05634,627271,KERALA,Kannur,Thalassery,Thrippangottur,627271,557,32,221214,Trippangottur,5634,Kuthuparamba,5988,,14.0,1,40095.03662228146,34381509.19447871,1,192478,6298,KUTHUPARAMBA,512,Kannur,192478
578375,PANNAYANNUR,32,589,05634,627289,KERALA,Kannur,Thalassery,Panniyannur (CT),627289,557,32,221211,Panniyannur,5634,Panoor,6694,,14.0,1,31385.5449120161,22632943.941742275,1,584536,6883,PANOOR,512,Kannur,584536
190343,KOLAVALLUR,32,589,05634,627287,KERALA,Kannur,Thalassery,Kolavelloor (CT),627287,557,32,221208,Kunnathuparamba,5634,Kuthuparamba,5988,,14.0,1,24691.18183820386,14756779.93755121,1,192479,6298,KUTHUPARAMBA,512,Kannur,192479
190352,ERANHOLI,32,589,05634,627283,KERALA,Kannur,Thalassery,Eranholi (CT),627283,557,32,221250,Eranholi,5634,Thalassery,5992,,13.0,1,18075.574744333328,10549198.249548985,1,192488,6302,THALASSERY,512,Kannur,192488
190344,PUTTUR,32,589,05634,627270,KERALA,Kannur,Thalassery,Puthoor,627270,557,32,221208,Kunnathuparamba,5634,Kuthuparamba,5988,,14.0,1,23356.220212584158,17365597.31853342,1,192480,6298,KUTHUPARAMBA,512,Kannur,192480
190354,KADIRUR,32,589,05634,627284,KERALA,Kannur,Thalassery,Kadirur (CT),627284,557,32,221251,Kadirur,5634,Panoor,6694,,13.0,1,22818.671525780304,12865248.067751465,1,192490,6883,PANOOR,512,Kannur,192490
190349,DHARMADAM,32,589,05634,627282,KERALA,Kannur,Thalassery,Dharmadom (CT),627282,557,32,221249,Dharmadam,5634,Thalassery,5992,,12.0,1,18145.068664845694,11565240.373135574,1,192485,6302,THALASSERY,512,Kannur,192485
190196,MUZHAPPILANGAD,32,589,05633,627249,KERALA,Kannur,Kannur,Muzhappilangad (CT),627249,557,32,221183,Muzhappilangad,5633,Edakkad,5984,,12.0,1,17013.185553010233,7356911.61569184,1,192332,6294,EDAKKAD,512,Kannur,192332
190358,PATTIYAM,32,589,05634,627285,KERALA,Kannur,Thalassery,Pattiom (CT),627285,557,32,221213,Pattiam,5634,Kuthuparamba,5988,,14.0,1,27052.21279412875,13237177.82489844,1,192494,6298,KUTHUPARAMBA,512,Kannur,192494
190348,PINARAYI,32,589,05634,627281,KERALA,Kannur,Thalassery,Pinarayi (CT),627281,557,32,221256,Pinarayi,5634,Thalassery,5992,,12.0,1,16222.077084606102,10659144.834457384,1,192484,6302,THALASSERY,512,Kannur,192484
190347,ERUVATTI,32,589,05634,627280,KERALA,Kannur,Thalassery,Eruvatti (CT),627280,557,32,221256,Pinarayi,5634,Thalassery,5992,,12.0,1,13635.011840626896,10316939.23777332,1,192483,6302,THALASSERY,512,Kannur,192483
190359,KOTTAYAM,32,589,05634,627279,KERALA,Kannur,Thalassery,Kottayam,627279,557,32,221253,Kottayam,5634,Thalassery,5992,,14.0,1,18435.891808922264,9278806.901656626,1,192495,6302,THALASSERY,512,Kannur,192495
190368,CHERUVANCHERI,32,589,05634,627269,KERALA,Kannur,Thalassery,Cheruvanchery,627269,557,32,221213,Pattiam,5634,Kuthuparamba,5988,,14.0,1,82241.6474928787,104136445.49220593,1,192504,6298,KUTHUPARAMBA,512,Kannur,192504
190173,KADAMBUR,32,589,05633,627246,KERALA,Kannur,Kannur,Kadachira (CT),627246,557,32,0,,5633,Edakkad,5984,,12.0,1,20201.90445811816,10432147.294444285,1,192309,6294,EDAKKAD,512,Kannur,192309
190360,KUTTUPARAMBA,32,589,05634,803262,KERALA,Kannur,Thalassery,Koothuparamba (M),803262,557,32,0,,5634,Kuthuparamba,5988,,14.0,1,29098.757738318433,17655304.831663884,1,192496,6298,KUTHUPARAMBA,512,Kannur,192496
190350,PATIRIYAD,32,589,05634,627275,KERALA,Kannur,Thalassery,Pathiriyad (CT),627275,557,32,221215,Vengad,5634,Kuthuparamba,5988,,12.0,1,18014.891475717795,13537472.757521264,1,192486,6298,KUTHUPARAMBA,512,Kannur,192486
190172,MAVILAYI,32,589,05633,627247,KERALA,Kannur,Kannur,Mavilayi (CT),627247,557,32,221184,Peralasseri,5633,Edakkad,5984,,12.0,1,17586.915297485975,8598751.169019595,1,192308,6294,EDAKKAD,512,Kannur,192308
190357,MANANDERI,32,589,05634,627278,KERALA,Kannur,Thalassery,Manantheri (CT),627278,557,32,221207,Chittariparamba,5634,Kuthuparamba,5988,,15.0,1,26702.40181809025,17625969.4778307,1,192493,6298,KUTHUPARAMBA,512,Kannur,192493
190175,EDAKKAD,32,589,05633,627245,KERALA,Kannur,Kannur,Thottada (CT),627245,557,32,0,,5633,Edakkad,5984,,11.0,1,30998.2127019201,20674768.11004905,1,192311,6294,EDAKKAD,512,Kannur,192311
190169,MAKRERI,32,589,05633,627248,KERALA,Kannur,Kannur,Peralassery (CT),627248,557,32,0,,5633,Thalassery,5992,,12.0,1,22515.36972635947,11048539.861893255,1,192305,6302,THALASSERY,512,Kannur,192305
190367,KOLAYAD,32,589,05634,627266,KERALA,Kannur,Thalassery,Koloyad,627266,557,32,221230,Kolayad,5634,Peravoor,5990,,15.0,1,34298.27174287965,17073067.5265932,1,192503,6300,PERAVOOR,512,Kannur,192503
190351,KANNAVAM,32,589,05634,627267,KERALA,Kannur,Thalassery,Kannavam,627267,557,32,221207,Chittariparamba,5634,Kuthuparamba,5988,,15.0,1,28804.51040466477,17623604.721236084,1,192487,6298,KUTHUPARAMBA,512,Kannur,192487
190363,KANDANKUNNU,32,589,05634,627277,KERALA,Kannur,Thalassery,Kandamkunnu (CT),627277,557,32,221209,Mangattidom,5634,Kuthuparamba,5988,,15.0,1,23291.627536684482,16935047.36195977,1,192499,6298,KUTHUPARAMBA,512,Kannur,192499
190174,CHEMBILOD,32,589,05633,627244,KERALA,Kannur,Kannur,Chala (CT),627244,557,32,0,,5633,Edakkad,5984,,12.0,1,19879.15439500007,9735777.039791064,1,192310,6294,EDAKKAD,512,Kannur,192310
190361,MANGATTIDAM,32,589,05634,627276,KERALA,Kannur,Thalassery,Mangattidam (CT),627276,557,32,221209,Mangattidom,5634,Kuthuparamba,5988,,15.0,1,24635.51832492952,16816155.959878575,1,192497,6298,KUTHUPARAMBA,512,Kannur,192497
190366,VEKKALAM,32,589,05634,627265,KERALA,Kannur,Thalassery,Vekkalam,627265,557,32,221230,Kolayad,5634,Peravoor,5990,,15.0,1,34581.13511717655,22939017.30977983,1,192502,6300,PERAVOOR,512,Kannur,192502
190170,IRIVERI,32,589,05633,627243,KERALA,Kannur,Kannur,Iriveri (CT),627243,557,32,221178,Chembilode,5633,Edakkad,5984,,12.0,1,18335.485531921124,12879582.264948435,1,192306,6294,EDAKKAD,512,Kannur,192306
190365,PADUVILAYI,32,589,05634,627274,KERALA,Kannur,Thalassery,Paduvilayi (CT),627274,557,32,221215,Vengad,5634,Thalassery,5992,,12.0,1,23164.510303000658,15956619.88789275,1,192501,6302,THALASSERY,512,Kannur,192501
190341,VELLARVALLI,32,589,05634,,KERALA,Kannur,Thalassery,,0,557,32,0,,5634,Peravoor,5990,,15.0,1,9786.491484351734,2875113.057294775,1,192477,6300,PERAVOOR,512,Kannur,192477
190178,CHELORA,32,589,05633,627241,KERALA,Kannur,Kannur,Chelora (CT),627241,557,32,0,,5633,Edakkad,5984,,11.0,1,20456.776024996074,11918529.79829239,1,192314,6294,EDAKKAD,512,Kannur,192314
190171,ANCHARKKANDI,32,589,05633,627242,KERALA,Kannur,Kannur,Ancharakandy (CT),627242,557,32,221176,Ancharakandy,5633,Edakkad,5984,,12.0,1,19779.981035994355,16809542.315915845,1,192307,6294,EDAKKAD,512,Kannur,192307
190362,SIVAPURAM,32,589,05634,627268,KERALA,Kannur,Thalassery,Sivapuram,627268,557,32,221232,Malur,5634,Peravoor,5990,,15.0,1,32595.744212589998,27488359.204867035,1,192498,6300,PERAVOOR,512,Kannur,192498
190340,TOLAMBRA,32,589,05634,627263,KERALA,Kannur,Thalassery,Tholambra,627263,557,32,221232,Malur,5634,Peravoor,5990,,15.0,1,19770.10640963826,14281544.50456126,1,192476,6300,PERAVOOR,512,Kannur,192476
190160,VELLARVALLI,32,589,,627264,KERALA,Kannur,Iritty,Vellarvelly,627264,557,32,221234,Peravoor,5937,Peravoor,5990,,16.0,1,27987.451373342436,14206542.528986044,1,192296,6300,PERAVOOR,512,Kannur,192296
190164,PAZHASSI,32,589,,803261,KERALA,Kannur,Iritty,Mattannur (M),803261,557,32,0,,5937,Edakkad,5984,,15.0,1,28189.453568577825,22543071.584892213,1,192300,6294,EDAKKAD,512,Kannur,192300
190161,MANATTANA,32,589,,627260,KERALA,Kannur,Iritty,Manathana,627260,557,32,221234,Peravoor,5937,Peravoor,5990,,16.0,1,26305.073004976428,17618498.70854859,1,192297,6300,PERAVOOR,512,Kannur,192297
190191,KANNUR I,32,589,05633,803259,KERALA,Kannur,Kannur,Kannur (M),803259,557,32,0,,5633,Kannur,5987,,11.0,1,19827.797466793952,10526560.122634685,1,192327,6297,KANNUR,512,Kannur,192327
190179,ELAYAVUR,32,589,05633,627240,KERALA,Kannur,Kannur,Elayavoor (CT),627240,557,32,0,,5633,Edakkad,5984,,11.0,1,24341.27947325613,12150384.640083356,1,192315,6294,EDAKKAD,512,Kannur,192315
190190,KANNUR II,32,589,05633,803260,KERALA,Kannur,Kannur,Kannur Cantonment (CB),803260,557,32,0,,5633,Kannur,5987,,11.0,1,11997.141235039688,3739277.7864486,1,192326,6297,KANNUR,512,Kannur,192326
190189,PALLIKUNNU,32,589,05633,627239,KERALA,Kannur,Kannur,Pallikkunnu (CT),627239,557,32,0,,5633,Kannur,5987,,10.0,1,14411.965463950544,8211808.809016535,1,192325,6297,KANNUR,512,Kannur,192325
190181,PUZHATHI,32,589,05633,627238,KERALA,Kannur,Kannur,Puzhathi (CT),627238,557,32,0,,5633,Kannur,5987,,10.0,1,17946.479203132272,9885485.42231358,1,192317,6297,KANNUR,512,Kannur,192317
190187,AZHIKKOD SOUTH,32,589,05633,627231,KERALA,Kannur,Kannur,Azhikode South (CT),627231,557,32,221202,Azhikode,5633,Kannur,5987,,10.0,1,12905.460013467502,7348769.315070015,1,192323,6297,KANNUR,512,Kannur,192323
190195,CHIRAKKAL,32,589,05633,627233,KERALA,Kannur,Kannur,Chirakkal (CT),627233,557,32,221203,Chirakkal,5633,Kannur,5987,,10.0,1,24217.87117839449,13359373.19746302,1,192331,6297,KANNUR,512,Kannur,192331
190188,VALAPATTANAM,32,589,05633,627232,KERALA,Kannur,Kannur,Valapattanam (CT),627232,557,32,221206,Valapattanam,5633,Kannur,5987,,10.0,1,8028.579890560872,2004960.80296193,1,192324,6297,KANNUR,512,Kannur,192324
190186,AZHIKKOD NORTH,32,589,05633,627230,KERALA,Kannur,Kannur,Azhikode North (CT),627230,557,32,221202,Azhikode,5633,Kannur,5987,,10.0,1,14664.448169490192,10254430.17817579,1,192322,6297,KANNUR,512,Kannur,192322
190182,KANNADIPARMBA,32,589,05633,627234,KERALA,Kannur,Kannur,Kannadiparamba (CT),627234,557,32,221243,Narath,5633,Kalliasseri,6695,,10.0,1,16746.905479541885,9339577.40466727,1,192318,6884,KALLIASSERI,512,Kannur,192318
190180,VALIYANNUR,32,589,05633,627237,KERALA,Kannur,Kannur,Varam (CT),627237,557,32,0,,5633,Kannur,5987,,11.0,1,14971.767585964597,10078141.618415585,1,192316,6297,KANNUR,512,Kannur,192316
190177,KANHIROD,32,589,05633,627236,KERALA,Kannur,Kannur,Kanhirode (CT),627236,557,32,221182,Munderi,5633,Edakkad,5984,,11.0,1,16200.248215661488,8188522.300452305,1,192313,6294,EDAKKAD,512,Kannur,192313
190364,KIZHALLUR,32,589,05634,627273,KERALA,Kannur,Thalassery,Keezhallur (CT),627273,557,32,221197,Keezhallur,5634,Edakkad,5984,,15.0,1,27745.447844765626,29391623.63963456,1,192500,6294,EDAKKAD,512,Kannur,192500
190176,MUNDERI,32,589,05633,627235,KERALA,Kannur,Kannur,Munderi (CT),627235,557,32,221182,Munderi,5633,Edakkad,5984,,11.0,1,20587.74539695895,12595848.91423488,1,192312,6294,EDAKKAD,512,Kannur,192312
190163,TILLANGERI,32,589,,627262,KERALA,Kannur,Iritty,Thillenkeri,627262,557,32,221201,Thillankeri,5937,Iritty,5986,,15.0,1,24720.702751309855,26076664.77611278,1,192299,6296,IRITTY,512,Kannur,192299
190339,KUDALI,32,589,05634,627272,KERALA,Kannur,Thalassery,Koodali (CT),627272,557,32,221199,Koodali,5634,Iritty,5986,,15.0,1,23486.434631047345,18653893.413954116,1,192475,6296,IRITTY,512,Kannur,192475
190165,MUZHAKKUNNU,32,589,,627261,KERALA,Kannur,Iritty,Muzhakkunnu,627261,557,32,221233,Muzhakkunnu,5937,Peravoor,5990,,16.0,1,29336.809258019166,31836605.678308956,1,192301,6300,PERAVOOR,512,Kannur,192301
190390,CHELERI,32,589,05632,627216,KERALA,Kannur,Taliparamba,Cheleri (CT),627216,557,32,221187,Kolacherry,5632,Irikkur,5985,,8.0,1,17521.968018741056,8598547.877501395,1,192526,6295,IRIKKUR,512,Kannur,192526
190159,KOLARI,32,589,,803261,KERALA,Kannur,Iritty,Mattannur (M),803261,557,32,0,,5937,Iritty,5986,,15.0,1,39190.39399375055,34734125.62448645,1,192295,6296,IRITTY,512,Kannur,192295
190374,MANIYUR,32,589,05632,627217,KERALA,Kannur,Taliparamba,Maniyoor (CT),627217,557,32,221188,Kuttiattor,5632,Irikkur,5985,,8.0,1,23102.781331238617,14925468.379398815,1,192510,6295,IRIKKUR,512,Kannur,192510
190156,CHAVASSERI,32,589,,627251,KERALA,Kannur,Iritty,Chavassery,627251,557,32,0,,5937,Iritty,5986,,16.0,1,26620.77088827253,25028330.98345695,1,192292,6296,IRITTY,512,Kannur,192292
190346,PATTANUR,32,589,05634,627250,KERALA,Kannur,Thalassery,Pattannur,627250,557,32,221199,Koodali,5634,Iritty,5986,,15.0,1,23407.889134368535,24504401.59029701,1,192482,6296,IRITTY,512,Kannur,192482
190158,KIZHUR,32,589,,627252,KERALA,Kannur,Iritty,Keezhur,627252,557,32,0,,5937,Iritty,5986,,16.0,1,20644.460430086507,19530923.70989741,1,192294,6296,IRITTY,512,Kannur,192294
190387,MAYYIL,32,589,05632,627214,KERALA,Kannur,Taliparamba,Mayyil (CT),627214,557,32,221190,Mayyil,5632,Irikkur,5985,,8.0,1,17501.86578165031,12806142.491449716,1,192523,6295,IRIKKUR,512,Kannur,192523
190388,KUTTYATTUR,32,589,05632,627213,KERALA,Kannur,Taliparamba,Kuttiattoor (CT),627213,557,32,221188,Kuttiattor,5632,Irikkur,5985,,8.0,1,24246.43686538502,22087203.271838523,1,192524,6295,IRIKKUR,512,Kannur,192524
190157,EDAKKANAM,32,589,,,KERALA,Kannur,Iritty, ,0,557,32,0,,5937,Iritty,5986,,16.0,1,11878.70414607727,5077317.43014293,1,192293,6296,IRITTY,512,Kannur,192293
190375,IRIKKUR,32,589,05632,627212,KERALA,Kannur,Taliparamba,Irikkur (CT),627212,557,32,221186,Irikkur,5632,Irikkur,5985,,9.0,1,23304.3553915932,12307601.3182039,1,192511,6295,IRIKKUR,512,Kannur,192511
190168,PAYAM,32,589,,627253,KERALA,Kannur,Iritty,Payam,627253,557,32,221200,Payam,5937,Iritty,5986,,16.0,1,28329.563834642504,28132456.27646922,1,192304,6296,IRITTY,512,Kannur,192304
190385,KAYARALAM,32,589,05632,627208,KERALA,Kannur,Taliparamba,Kayaralam,627208,557,32,221190,Mayyil,5632,Irikkur,5985,,8.0,1,24385.096889087396,21919111.196717206,1,192521,6295,IRIKKUR,512,Kannur,192521
190155,PADIYUR,32,589,,627203,KERALA,Kannur,Iritty,Padiyoor,627203,557,32,221191,Padiyur,5937,Irikkur,5985,,15.0,1,29943.337375090097,27797218.01144491,1,192291,6295,IRIKKUR,512,Kannur,192291
190184,PAPPINISSERI,32,589,05633,627228,KERALA,Kannur,Kannur,Pappinisseri (CT),627228,557,32,221244,Pappinisseri,5633,Kalliasseri,6695,,10.0,1,20759.07339237871,15929503.1349629,1,192320,6884,KALLIASSERI,512,Kannur,192320
190183,NARATT,32,589,05633,627227,KERALA,Kannur,Kannur,Narath (CT),627227,557,32,221243,Narath,5633,Kalliasseri,6695,,10.0,1,14604.816720705134,8545357.683711555,1,192319,6884,KALLIASSERI,512,Kannur,192319
190185,KALYASSERI,32,589,05633,627229,KERALA,Kannur,Kannur,Kalliasseri (CT),627229,557,32,221239,Kalliassery,5633,Kalliasseri,6695,,7.0,1,25100.077079449078,16578528.103704786,1,192321,6884,KALLIASSERI,512,Kannur,192321
190389,KOLACHERI,32,589,05632,627215,KERALA,Kannur,Taliparamba,Kolacherry (CT),627215,557,32,221187,Kolacherry,5632,Irikkur,5985,,8.0,1,24796.9814835376,13159918.78987501,1,192525,6295,IRIKKUR,512,Kannur,192525
190194,MATTUL,32,589,05633,627219,KERALA,Kannur,Kannur,Mattool,627219,557,32,221225,Mattool,5633,Kalliasseri,6695,,7.0,1,22470.678694548264,14754334.089802206,1,192330,6884,KALLIASSERI,512,Kannur,192330
190192,KANNAPURAM,32,589,05633,627226,KERALA,Kannur,Kannur,Kannapuram (CT),627226,557,32,221240,Kannapuram,5633,Kalliasseri,6695,,7.0,1,24444.34506479269,16003672.215463394,1,192328,6884,KALLIASSERI,512,Kannur,192328
190382,MORAZHA,32,589,05632,803258,KERALA,Kannur,Taliparamba,Taliparamba (M),803258,557,32,0,,5632,Taliparamba,5991,,8.0,1,19670.642804098035,14945132.436256545,1,192518,6301,TALIPARAMBA,512,Kannur,192518
190384,ANDUR,32,589,05632,803258,KERALA,Kannur,Taliparamba,Taliparamba (M),803258,557,32,0,,5632,Taliparamba,5991,,8.0,1,16714.453431365993,10862230.76921592,1,192520,6301,TALIPARAMBA,512,Kannur,192520
190193,CHERUKUNNU,32,589,05633,627225,KERALA,Kannur,Kannur,Cherukunnu (CT),627225,557,32,221238,Cherukunnu,5633,Kalliasseri,6695,,7.0,1,17942.906575070156,16408665.547957744,1,192329,6884,KALLIASSERI,512,Kannur,192329
190381,PATTUVAM,32,589,05632,627196,KERALA,Kannur,Taliparamba,Pattuvam,627196,557,32,221246,Pattuvam,5632,Taliparamba,5991,,7.0,1,22225.024301038702,17093683.093847945,1,192517,6301,TALIPARAMBA,512,Kannur,192517
190162,KANICHAR,32,589,,627259,KERALA,Kannur,Iritty,Kanichar,627259,557,32,221228,Kanichar,5937,Peravoor,5990,,16.0,1,43372.056399432266,40421571.81259832,1,192298,6300,PERAVOOR,512,Kannur,192298
190166,KELAKAM,32,589,,627258,KERALA,Kannur,Iritty,Kelakam,627258,557,32,221229,Kelakam,5937,Peravoor,5990,,16.0,1,35840.65810213163,57504266.89915143,1,192302,6300,PERAVOOR,512,Kannur,192302
190149,ARALAM,32,589,,627256,KERALA,Kannur,Iritty,Aralam,627256,557,32,221195,Aralam,5937,Iritty,5986,,16.0,1,63802.58692174881,124922846.64681645,1,192285,6296,IRITTY,512,Kannur,192285
173290,PARAKATAGERI (BIRUNANI),29,576,,618059,KARNATAKA,Kodagu,PONNAMPET,Parakatageri,618059,541,29,218734,Birunani,7125,Ponnampet,7489,,,1,29628.97044350376,39100971.76855469,1,175267,0, ,496,Kodagu,175267
190150,AYYANKUNNU,32,589,,627255,KERALA,Kannur,Iritty,Ayyankunnu,627255,557,32,221196,Ayyankunnu,5937,Iritty,5986,,16.0,1,42404.63418719843,84032553.07613033,1,192286,6296,IRITTY,512,Kannur,192286
173284,BADAGA,29,576,,618013,KARNATAKA,Kodagu,PONNAMPET,V.Badaga,618013,541,29,272710,K.Badaga,7125,Ponnampet,7489,,,1,33080.65409147996,44366784.08519399,1,175261,0, ,496,Kodagu,175261
173133,HEGGALA FOREST,29,576,05568,618004,KARNATAKA,Kodagu,Virajpet,Heggala,618004,541,29,218732,Betoli,5568,Virajpet,5863,,,1,44557.84100045598,77543845.51658684,1,175109,6194,VIRAJPET,496,Kodagu,175109
188833,HOSUR,29,577,05573,619067,KARNATAKA,Mysuru,Heggadadevankote,HOSURU.,619067,545,29,219445,D.B.Kuppe,5573,Heggadadevankote,5886,,,1,2159.4220238886646,236972.164193105,1,190954,6217,HEGGADADEVANKOTE,500,Mysuru,190954
177949,GOLUR,29,577,05573,619068,KARNATAKA,Mysuru,Heggadadevankote,Golur,619068,545,29,219445,D.B.Kuppe,5573,Heggadadevankote,5886,,,1,1878.9288270411735,224392.120483105,1,179969,6217,HEGGADADEVANKOTE,500,Mysuru,179969
177950,MACHUR,29,577,05573,619069,KARNATAKA,Mysuru,Heggadadevankote,Machur,619069,545,29,219445,D.B.Kuppe,5573,Heggadadevankote,5886,,,1,2874.2035459590124,366228.096140595,1,179970,6217,HEGGADADEVANKOTE,500,Mysuru,179970
178015,KAKANAKOTE FOREST,29,577,05573,619059,KARNATAKA,Mysuru,Heggadadevankote,Kakanakote,619059,545,29,219445,D.B.Kuppe,5573,Heggadadevankote,5886,,,1,59719.921063203285,137413249.68803057,1,180037,6217,HEGGADADEVANKOTE,500,Mysuru,180037
173296,TERALU,29,576,,618060,KARNATAKA,Kodagu,PONNAMPET,Theralu,618060,541,29,218734,Birunani,7125,Ponnampet,7489,,,1,42686.11478433399,68737596.92200212,1,175273,0, ,496,Kodagu,175273
190281,MADAYI,32,589,,627224,KERALA,Kannur,Payyannur,Madayi (CT),627224,557,32,221224,Madayi,6599,Kalliasseri,6695,,7.0,1,19954.651831882107,17879208.089487296,1,192417,6884,KALLIASSERI,512,Kannur,192417
190383,KURUMATTUR,32,589,05632,627211,KERALA,Kannur,Taliparamba,Kurumathur (CT),627211,557,32,221241,Kurumathur,5632,Taliparamba,5991,,8.0,1,27306.91080977962,27943652.808186054,1,192519,6301,TALIPARAMBA,512,Kannur,192519
190380,TALIPPARAMBA,32,589,05632,803258,KERALA,Kannur,Taliparamba,Taliparamba (M),803258,557,32,0,,5632,Taliparamba,5991,,8.0,1,21545.97894424783,17771910.0175506,1,192516,6301,TALIPARAMBA,512,Kannur,192516
190292,EZHOM,32,589,,627223,KERALA,Kannur,Payyannur,Ezhome (CT),627223,557,32,221219,Ezhome,6599,Kalliasseri,6695,,7.0,1,28849.726286773795,19936659.70088214,1,192428,6884,KALLIASSERI,512,Kannur,192428
190285,RAMANTALI,32,589,,627177,KERALA,Kannur,Payyannur,Ramanthali,627177,557,32,221227,Ramanthali,6599,Payyannur,5989,,6.0,1,28519.710453947555,32324938.373465907,1,192421,6299,PAYYANNUR,512,Kannur,192421
190282,CHERUTAZHAM,32,589,,627221,KERALA,Kannur,Payyannur,Cheruthazham (CT),627221,557,32,221217,Cheruthazham,6599,Kalliasseri,6695,,7.0,1,34500.20049250951,33143391.39315036,1,192418,6884,KALLIASSERI,512,Kannur,192418
190376,KUTTIYERI,32,589,05632,627195,KERALA,Kannur,Taliparamba,Kuttiyeri,627195,557,32,221245,Pariyaram,5632,Taliparamba,5991,,8.0,1,22360.973309389814,23271104.07204253,1,192512,6301,TALIPARAMBA,512,Kannur,192512
190391,KUVERI,32,589,05632,627194,KERALA,Kannur,Taliparamba,Panniyoor,627194,557,32,221241,Kurumathur,5632,Taliparamba,5991,,8.0,1,25113.82851496244,26104620.6843596,1,192527,6301,TALIPARAMBA,512,Kannur,192527
190284,KUNHIMANGALAM,32,589,,627220,KERALA,Kannur,Payyannur,Kunhimangalam (CT),627220,557,32,221223,Kunhimangalam,6599,Payyannur,5989,,7.0,1,21195.921721472554,16452982.5890698,1,192420,6299,PAYYANNUR,512,Kannur,192420
190377,PARIYARAM,32,589,05632,627210,KERALA,Kannur,Taliparamba,Pariyaram (CT),627210,557,32,221245,Pariyaram,5632,Taliparamba,5991,,8.0,1,38315.84782306658,34636320.811313614,1,192513,6301,TALIPARAMBA,512,Kannur,192513
190154,KALLIYAD,32,589,,627204,KERALA,Kannur,Iritty,Kalliad,627204,557,32,221191,Padiyur,5937,Irikkur,5985,,15.0,1,31361.72619323675,28150478.204956416,1,192290,6295,IRIKKUR,512,Kannur,192290
190373,MALAPPATTAM,32,589,05632,627206,KERALA,Kannur,Taliparamba,Malapattam,627206,557,32,221189,Malapattom,5632,Irikkur,5985,,8.0,1,24126.230052124196,20389447.525082625,1,192509,6295,IRIKKUR,512,Kannur,192509
190386,CHENGALAYI,32,589,05632,627207,KERALA,Kannur,Taliparamba,Chengalai,627207,557,32,221237,Chengalai,5632,Taliparamba,5991,,9.0,1,29772.95289537674,22589814.883696,1,192522,6301,TALIPARAMBA,512,Kannur,192522
190372,SRIKANDAPURAM,32,589,05632,627205,KERALA,Kannur,Taliparamba,Sreekandapuram,627205,557,32,0,,5632,Irikkur,5985,,9.0,1,30554.262259630388,36135483.04541823,1,192508,6295,IRIKKUR,512,Kannur,192508
190151,VILAMANA,32,589,,627254,KERALA,Kannur,Iritty,Vilamana,627254,557,32,221200,Payam,5937,Iritty,5986,,16.0,1,30002.696420412976,26179779.2721288,1,192287,6296,IRITTY,512,Kannur,192287
190152,VATATTUR,32,589,,627202,KERALA,Kannur,Iritty,Vayathur,627202,557,32,221194,Ulikkal,5937,Irikkur,5985,,9.0,1,38029.441346978885,45533204.6643139,1,192288,6295,IRIKKUR,512,Kannur,192288
190153,NUCHIYAD,32,589,,627201,KERALA,Kannur,Iritty,Nuchiyad,627201,557,32,221194,Ulikkal,5937,Irikkur,5985,,9.0,1,32292.895779106475,32023633.37125915,1,192289,6295,IRIKKUR,512,Kannur,192289
190370,CHUZHALI,32,589,05632,627197,KERALA,Kannur,Taliparamba,Chuzhali,627197,557,32,221237,Chengalai,5632,Taliparamba,5991,,9.0,1,35069.859049215156,49825380.09888046,1,192506,6301,TALIPARAMBA,512,Kannur,192506
190371,NIDIYANGA,32,589,05632,627198,KERALA,Kannur,Taliparamba,Nediyanga,627198,557,32,0,,5632,Irikkur,5985,,9.0,1,29055.27843928393,34458365.08958063,1,192507,6295,IRIKKUR,512,Kannur,192507
190394,PAYYAVUR,32,589,05632,627200,KERALA,Kannur,Taliparamba,Payyavoor,627200,557,32,221192,Payyavoor,5632,Irikkur,5985,,9.0,1,46871.20830454325,71197669.60410953,1,192530,6295,IRIKKUR,512,Kannur,192530
190283,KADANNAPALLI,32,589,,627222,KERALA,Kannur,Payyannur,Kadannappalli (CT),627222,557,32,221220,Kadannapally -Panapuzha,6599,Payyannur,5989,,7.0,1,19050.369765662927,19140724.1241644,1,192419,6299,PAYYANNUR,512,Kannur,192419
189803,TRIKKARIPPUR SOUTH,32,588,05631,627174,KERALA,Kasaragod,Hosdurg,South Thrikkaripur (CT),627174,558,32,221292,Thrikkaripur,5631,Nileshwar,5996,,5.0,1,31336.22841970109,19436013.356812775,1,191938,6306,NILESHWAR,513,Kasaragod,191938
190286,PAYYANNUR,32,589,,803257,KERALA,Kannur,Payyannur,Payyannur (M),803257,557,32,0,,6599,Payyannur,5989,,6.0,1,25539.276897431464,20989443.721492045,1,192422,6299,PAYYANNUR,512,Kannur,192422
190287,KOROM,32,589,,803257,KERALA,Kannur,Payyannur,Payyannur (M),803257,557,32,0,,6599,Payyannur,5989,,6.0,1,25946.201573629023,19802255.32122051,1,192423,6299,PAYYANNUR,512,Kannur,192423
190291,PANAPPUZHA,32,589,,627218,KERALA,Kannur,Payyannur,Panapuzha,627218,557,32,221220,Kadannapally -Panapuzha,6599,Payyannur,5989,,7.0,1,38923.388874086755,36260325.47633699,1,192427,6299,PAYYANNUR,512,Kannur,192427
190289,VELLUR,32,589,,803257,KERALA,Kannur,Payyannur,Payyannur (M),803257,557,32,0,,6599,Payyannur,5989,,6.0,1,22550.159208853096,15825972.94189111,1,192425,6299,PAYYANNUR,512,Kannur,192425
189798,UDINUR,32,588,05631,627164,KERALA,Kasaragod,Hosdurg,Udinoor,627164,558,32,221290,Padne,5631,Nileshwar,5996,,5.0,1,23054.614496290058,13250217.74590722,1,191933,6306,NILESHWAR,513,Kasaragod,191933
189797,TRIKKARIPPUR NORTH,32,588,05631,627173,KERALA,Kasaragod,Hosdurg,North Thrikkaripur (CT),627173,558,32,221292,Thrikkaripur,5631,Nileshwar,5996,,5.0,1,15937.309492354527,8058610.810679485,1,191932,6306,NILESHWAR,513,Kasaragod,191932
190288,KANKOL,32,589,,627179,KERALA,Kannur,Payyannur,Kankole,627179,557,32,221221,Kankole- Alapadamba,6599,Payyannur,5989,,6.0,1,20727.32822406407,17297436.550640915,1,192424,6299,PAYYANNUR,512,Kannur,192424
190290,ERAMAM,32,589,,627181,KERALA,Kannur,Payyannur,Eramam,627181,557,32,221218,Eramam -Kuttoor,6599,Payyannur,5989,,6.0,1,30761.63229703775,21072778.30515592,1,192426,6299,PAYYANNUR,512,Kannur,192426
190393,ERUVASSHI,32,589,05632,627199,KERALA,Kannur,Taliparamba,Eruvassy,627199,557,32,221185,Eruvessey,5632,Irikkur,5985,,9.0,1,42597.21008598906,52751019.19439022,1,192529,6295,IRIKKUR,512,Kannur,192529
190395,KOVERI,32,589,05632,627193,KERALA,Kannur,Taliparamba,Kooveri,627193,557,32,221236,Chapparapadavu,5632,Taliparamba,5991,,8.0,1,35993.815994224315,40188831.27980553,1,192531,6301,TALIPARAMBA,512,Kannur,192531
190378,NADUVIL,32,589,05632,627192,KERALA,Kannur,Taliparamba,New Naduvil,627192,557,32,221242,Naduvil,5632,Taliparamba,5991,,9.0,1,44777.614472400615,67695440.00351375,1,192514,6301,TALIPARAMBA,512,Kannur,192514
173237,PALANGALA,29,576,05568,618002,KARNATAKA,Kodagu,Virajpet,Palangala,618002,541,29,218749,Kedamullur,5568,Virajpet,5863,,,1,56183.74181192413,49624693.5113761,1,175213,6194,VIRAJPET,496,Kodagu,175213
173263,PADINALKNA GHAT RF,29,576,05566,617848,KARNATAKA,Kodagu,Madikeri,Chelavara,617848,541,29,218684,Nariandada,5566,Madikeri,5861,,,1,85831.49555716911,166622401.78134623,1,175240,6192,MADIKERI,496,Kodagu,175240
190379,VELLAD,32,589,05632,627191,KERALA,Kannur,Taliparamba,Vellad,627191,557,32,221235,Alakode,5632,Taliparamba,5991,,9.0,1,39354.77083586261,61965929.88827999,1,192515,6301,TALIPARAMBA,512,Kannur,192515
190392,TIMIRI,32,589,05632,627186,KERALA,Kannur,Taliparamba,Thimiri,627186,557,32,221235,Alakode,5632,Taliparamba,5991,,9.0,1,52601.221086402446,61177092.97753536,1,192528,6301,TALIPARAMBA,512,Kannur,192528
190272,KARUVELLUR,32,589,,627209,KERALA,Kannur,Payyannur,Karivellur (CT),627209,557,32,221222,Karivellur -Peralam,6599,Payyannur,5989,,6.0,1,19322.52578200273,11214756.51908321,1,192408,6299,PAYYANNUR,512,Kannur,192408
190293,KUTTUR,32,589,,627183,KERALA,Kannur,Payyannur,Kuttoor,627183,557,32,221218,Eramam -Kuttoor,6599,Payyannur,5989,,6.0,1,30143.604837834162,23018127.58433817,1,192429,6299,PAYYANNUR,512,Kannur,192429
189796,MANIYAT,32,588,05631,627172,KERALA,Kasaragod,Hosdurg,Maniyat (CT),627172,558,32,221291,Pilicode,5631,Nileshwar,5996,,5.0,1,8709.678001138236,3161996.961581145,1,191931,6306,NILESHWAR,513,Kasaragod,191931
189804,PADANNA,32,588,05631,627163,KERALA,Kasaragod,Hosdurg,Padne,627163,558,32,221290,Padne,5631,Nileshwar,5996,,0.0,1,21308.4162222124,15008385.172285706,1,191939,6306,NILESHWAR,513,Kasaragod,191939
190274,PERINTATTA,32,589,,627182,KERALA,Kannur,Payyannur,Perinthatta,627182,557,32,221226,Peringome -Vayakkara,6599,Payyannur,5989,,6.0,1,18640.81198427214,19912556.444034964,1,192410,6299,PAYYANNUR,512,Kannur,192410
190277,VELLORA,32,589,,627184,KERALA,Kannur,Payyannur,Vellora,627184,557,32,221218,Eramam -Kuttoor,6599,Payyannur,5989,,6.0,1,35730.39161628081,32354501.749965206,1,192413,6299,PAYYANNUR,512,Kannur,192413
190273,PERALAM,32,589,,627178,KERALA,Kannur,Payyannur,Peralam,627178,557,32,221222,Karivellur -Peralam,6599,Payyannur,5989,,6.0,1,18052.312735038333,11696872.52999609,1,192409,6299,PAYYANNUR,512,Kannur,192409
189795,PILIKODU,32,588,05631,627171,KERALA,Kasaragod,Hosdurg,Pilicode (CT),627171,558,32,221291,Pilicode,5631,Nileshwar,5996,,5.0,1,14014.503070027817,8384397.2010153,1,191930,6306,NILESHWAR,513,Kasaragod,191930
190275,ALAPPADAMBA,32,589,,627180,KERALA,Kannur,Payyannur,Alapadamba,627180,557,32,221221,Kankole- Alapadamba,6599,Payyannur,5989,,6.0,1,24625.927799402227,27120390.21855245,1,192411,6299,PAYYANNUR,512,Kannur,192411
189802,KODAKKAD,32,588,05631,627162,KERALA,Kasaragod,Hosdurg,Kodakkad,627162,558,32,221291,Pilicode,5631,Nileshwar,5996,,5.0,1,20328.189310991766,19023014.39427601,1,191937,6306,NILESHWAR,513,Kasaragod,191937
190369,ALAKKOD,32,589,05632,627190,KERALA,Kannur,Taliparamba,Alakode,627190,557,32,221235,Alakode,5632,Taliparamba,5991,,9.0,1,46372.765780384296,77923606.81161292,1,192505,6301,TALIPARAMBA,512,Kannur,192505
190278,TIRUMENI,32,589,,627189,KERALA,Kannur,Payyannur,Thirumeni,627189,557,32,221216,Cherupuzha,6599,Payyannur,5989,,6.0,1,23960.610396005843,14735317.494636595,1,192414,6299,PAYYANNUR,512,Kannur,192414
189794,CHERUVATTUR,32,588,05631,627176,KERALA,Kasaragod,Hosdurg,Cheruvathur (OG),627176,558,32,221286,Cheruvathur,5631,Nileshwar,5996,,5.0,1,19826.881734639705,18383469.69220246,1,191929,6306,NILESHWAR,513,Kasaragod,191929
190276,PERINGOM,32,589,,627185,KERALA,Kannur,Payyannur,Peringome,627185,557,32,221226,Peringome -Vayakkara,6599,Payyannur,5989,,6.0,1,41201.878108891004,47063475.42153374,1,192412,6299,PAYYANNUR,512,Kannur,192412
189801,TIMIRI,32,588,05631,627161,KERALA,Kasaragod,Hosdurg,Thimiri,627161,558,32,221288,Kayyur Cheemeni,5631,Nileshwar,5996,,5.0,1,14965.746695254365,7510562.715953775,1,191936,6306,NILESHWAR,513,Kasaragod,191936
189791,NILESWARAM,32,588,05631,627175,KERALA,Kasaragod,Hosdurg,Nileshwar (OG),627175,558,32,0,,5631,Nileshwar,5996,,5.0,1,18922.12509949733,13814335.579817904,1,191926,6306,NILESHWAR,513,Kasaragod,191926
189793,KLAYIKODE,32,588,05631,627160,KERALA,Kasaragod,Hosdurg,Kilayikode,627160,558,32,221288,Kayyur Cheemeni,5631,Nileshwar,5996,,5.0,1,12980.668631994218,7906395.701857195,1,191928,6306,NILESHWAR,513,Kasaragod,191928
189799,CHIMENI-I,32,588,05631,627158,KERALA,Kasaragod,Hosdurg,Cheemeni,627158,558,32,221288,Kayyur Cheemeni,5631,Nileshwar,5996,,5.0,1,29491.539530485003,39731732.536168575,1,191934,6306,NILESHWAR,513,Kasaragod,191934
189800,KAYYURU,32,588,05631,627159,KERALA,Kasaragod,Hosdurg,Kayyur,627159,558,32,221288,Kayyur Cheemeni,5631,Nileshwar,5996,,5.0,1,26164.577389010898,21334504.737539146,1,191935,6306,NILESHWAR,513,Kasaragod,191935
189792,PEROL,32,588,05631,627170,KERALA,Kasaragod,Hosdurg,Perole (CT),627170,558,32,0,,5631,Nileshwar,5996,,5.0,1,16880.943561403794,14681308.04361973,1,191927,6306,NILESHWAR,513,Kasaragod,191927
190280,VAYAKKARA,32,589,,627187,KERALA,Kannur,Payyannur,Vayakkara,627187,557,32,221216,Cherupuzha,6599,Payyannur,5989,,6.0,1,39670.64942032642,38765252.10623724,1,192416,6299,PAYYANNUR,512,Kannur,192416
189789,KANHANGAD,32,588,05631,803256,KERALA,Kasaragod,Hosdurg,Kanhangad (M),803256,558,32,0,,5631,Kanhangad,5993,,4.0,1,23554.326640459574,17912763.54788829,1,191924,6303,KANHANGAD,513,Kasaragod,191924
190279,PULINGOM,32,589,,627188,KERALA,Kannur,Payyannur,Pulingome,627188,557,32,221216,Cherupuzha,6599,Payyannur,5989,,6.0,1,30929.12654829144,37410148.49947618,1,192415,6299,PAYYANNUR,512,Kannur,192415
190141,CHIMENI-II,32,588,,627157,KERALA,Kasaragod,Vellarikkundu,Cheemeni II,627157,558,32,221289,Kinanoor Karindalam,5933,Parappa,6696,,4.0,1,15125.455212380868,4271127.535044785,1,192277,6885,PARAPPA,513,Kasaragod,192277
189790,PUTUKKAI,32,588,05631,803256,KERALA,Kasaragod,Hosdurg,Kanhangad (M),803256,558,32,0,,5631,Nileshwar,5996,,4.0,1,13091.901883740502,6941993.040656445,1,191925,6306,NILESHWAR,513,Kasaragod,191925
190142,BIMANADI,32,588,,627150,KERALA,Kasaragod,Vellarikkundu,Bheemanady,627150,558,32,221289,Kinanoor Karindalam,5933,Parappa,6696,,5.0,1,28092.915223730677,37008619.44081842,1,192278,6885,PARAPPA,513,Kasaragod,192278
190148,KARINTALAM,32,588,,627156,KERALA,Kasaragod,Vellarikkundu,Karindalam,627156,558,32,221289,Kinanoor Karindalam,5933,Parappa,6696,,4.0,1,30033.756753056263,21928302.696216784,1,192284,6885,PARAPPA,513,Kasaragod,192284
189805,MADIKKAI,32,588,05631,627154,KERALA,Kasaragod,Hosdurg,Madikai,627154,558,32,221261,Madikkai,5631,Kanhangad,5993,,4.0,1,23744.890850782787,24656747.114598244,1,191940,6303,KANHANGAD,513,Kasaragod,191940
190143,CHITTARIKKAL,32,588,,627149,KERALA,Kasaragod,Vellarikkundu,Chittarikkal,627149,558,32,221287,East Eleri,5933,Parappa,6696,,5.0,1,26944.620038137804,26982772.287407864,1,192279,6885,PARAPPA,513,Kasaragod,192279
190145,KINANUR,32,588,,627155,KERALA,Kasaragod,Vellarikkundu,Kinanoor,627155,558,32,221289,Kinanoor Karindalam,5933,Parappa,6696,,4.0,1,36186.20493452862,26414558.230139796,1,192281,6885,PARAPPA,513,Kasaragod,192281
189786,HOSDURG,32,588,05631,803256,KERALA,Kasaragod,Hosdurg,Kanhangad (M),803256,558,32,0,,5631,Kanhangad,5993,,4.0,1,18352.24553919889,7733077.90225376,1,191921,6303,KANHANGAD,513,Kasaragod,191921
190144,PALAVAYAL,32,588,,627148,KERALA,Kasaragod,Vellarikkundu,Palavayal,627148,558,32,221287,East Eleri,5933,Parappa,6696,,5.0,1,29126.423696878963,37756630.14003226,1,192280,6885,PARAPPA,513,Kasaragod,192280
189785,BALLA,32,588,05631,803256,KERALA,Kasaragod,Hosdurg,Kanhangad (M),803256,558,32,0,,5631,Kanhangad,5993,,4.0,1,19058.539279457676,8984848.936600896,1,191920,6303,KANHANGAD,513,Kasaragod,191920
173274,AYYENGERI,29,576,05566,617807,KARNATAKA,Kodagu,Madikeri,Aiyangeri,617807,541,29,272703,Aiyamgeri,5566,Madikeri,5861,,,1,47884.23483130895,61310513.7094569,1,175251,6192,MADIKERI,496,Kodagu,175251
186594,SANNA PULIKOTU,29,576,05566,617796,KARNATAKA,Kodagu,Madikeri,Sannapulikotu (No.2),617796,541,29,272703,Aiyamgeri,5566,Madikeri,5861,,,1,41370.62365054185,47543540.49481166,1,188686,6192,MADIKERI,496,Kodagu,188686
189787,AMBALATTARA,32,588,05631,627153,KERALA,Kasaragod,Hosdurg,Ambalathara,627153,558,32,221261,Madikkai,5631,Kanhangad,5993,,4.0,1,38472.95997986356,30047729.25754373,1,191922,6303,KANHANGAD,513,Kasaragod,191922
190134,TAYANUR,32,588,,627152,KERALA,Kasaragod,Vellarikkundu,Thayanur,627152,558,32,221260,Kodombellur,5933,Parappa,6696,,4.0,1,39468.0640457696,42721500.4517175,1,192270,6885,PARAPPA,513,Kasaragod,192270
189784,ANJANUR,32,588,05631,627169,KERALA,Kasaragod,Hosdurg,Ajanur (CT),627169,558,32,221257,Ajanoor,5631,Kanhangad,5993,,4.0,1,25976.74834879727,17302012.80072965,1,191919,6303,KANHANGAD,513,Kasaragod,191919
190147,ELERI WEST,32,588,,627147,KERALA,Kasaragod,Vellarikkundu,West Eleri,627147,558,32,221294,West Eleri,5933,Parappa,6696,,5.0,1,35921.30158658625,42749591.200644016,1,192283,6885,PARAPPA,513,Kasaragod,192283
190146,PARAPPA,32,588,,627151,KERALA,Kasaragod,Vellarikkundu,Parappa,627151,558,32,221258,Balal,5933,Parappa,6696,,4.0,1,36836.39260634624,27300166.574455906,1,192282,6885,PARAPPA,513,Kasaragod,192282
189782,CHITTARI,32,588,05631,627138,KERALA,Kasaragod,Hosdurg,Chithari,627138,558,32,221257,Ajanoor,5631,Kanhangad,5993,,4.0,1,16894.04357132788,15601634.64826397,1,191917,6303,KANHANGAD,513,Kasaragod,191917
190139,MALOTH,32,588,,627146,KERALA,Kasaragod,Vellarikkundu,Maloth,627146,558,32,221258,Balal,5933,Parappa,6696,,4.0,1,35703.176727652055,43442092.34788018,1,192275,6885,PARAPPA,513,Kasaragod,192275
190135,BELLURU,32,588,,627141,KERALA,Kasaragod,Vellarikkundu,Belur,627141,558,32,221260,Kodombellur,5933,Parappa,6696,,4.0,1,33503.539932582564,35480601.99401364,1,192271,6885,PARAPPA,513,Kasaragod,192271
189781,PUCHAKKAD,32,588,05631,627168,KERALA,Kasaragod,Hosdurg,Keekan (CT),627168,558,32,221262,Pallikkara,5631,Kanhangad,5993,,3.0,1,12201.208859737335,4391669.618795555,1,191916,6303,KANHANGAD,513,Kasaragod,191916
189783,PULLURU,32,588,05631,627140,KERALA,Kasaragod,Hosdurg,Pullur,627140,558,32,221264,Pullurperiya,5631,Kanhangad,5993,,3.0,1,37609.62697865692,29183094.490053557,1,191918,6303,KANHANGAD,513,Kasaragod,191918
173197,SANNA PULIKOTU,29,576,05566,938967,KARNATAKA,Kodagu,Madikeri,MUNDROT,938967,541,29,218668,Bhagamandala,5566,Madikeri,5861,,,1,77636.72776265605,165988465.22101897,1,175173,6192,MADIKERI,496,Kodagu,175173
190140,BALAL,32,588,,627145,KERALA,Kasaragod,Vellarikkundu,Balal,627145,558,32,221258,Balal,5933,Parappa,6696,,4.0,1,56650.13770621449,57758481.90516864,1,192276,6885,PARAPPA,513,Kasaragod,192276
189780,PALLIKERE-I,32,588,05631,627167,KERALA,Kasaragod,Hosdurg,Pallikkara (CT),627167,558,32,221262,Pallikkara,5631,Kanhangad,5993,,3.0,1,14224.499426070148,6708350.750714815,1,191915,6303,KANHANGAD,513,Kasaragod,191915
190136,KODOT,32,588,,627142,KERALA,Kasaragod,Vellarikkundu,Kodom,627142,558,32,221260,Kodombellur,5933,Parappa,6696,,4.0,1,27306.43786200857,19368175.945206095,1,192272,6885,PARAPPA,513,Kasaragod,192272
189788,PERIYA,32,588,05631,627139,KERALA,Kasaragod,Hosdurg,Periya,627139,558,32,221264,Pullurperiya,5631,Kanhangad,5993,,3.0,1,32483.76575038215,36470395.16793538,1,191923,6303,KANHANGAD,513,Kasaragod,191923
189778,PALLIKKERE-II,32,588,05631,627136,KERALA,Kasaragod,Hosdurg,Pallikkara II,627136,558,32,221265,Udma,5631,Kanhangad,5993,,3.0,1,13890.065399816287,7861283.35549315,1,191913,6303,KANHANGAD,513,Kasaragod,191913
189779,PANIYAL,32,588,05631,627137,KERALA,Kasaragod,Hosdurg,Panayal,627137,558,32,221262,Pallikkara,5631,Kanhangad,5993,,3.0,1,33652.78255717026,30086074.93962252,1,191914,6303,KANHANGAD,513,Kasaragod,191914
190138,KALLAR,32,588,,627143,KERALA,Kasaragod,Vellarikkundu,Kallar,627143,558,32,221259,Kallar,5933,Parappa,6696,,4.0,1,46101.54090599835,56650922.08725519,1,192274,6885,PARAPPA,513,Kasaragod,192274
189777,UDUMA,32,588,05631,627166,KERALA,Kasaragod,Hosdurg,Udma (CT),627166,558,32,221265,Udma,5631,Kanhangad,5993,,3.0,1,10468.084784906267,5030083.69438635,1,191912,6303,KANHANGAD,513,Kasaragod,191912
173210,KARIKE,29,576,05566,617793,KARNATAKA,Kodagu,Madikeri,Karike,617793,541,29,218676,Karike,5566,Madikeri,5861,,,1,23975.39275729779,19492755.31170763,1,175186,6192,MADIKERI,496,Kodagu,175186
189776,BARE,32,588,05631,627165,KERALA,Kasaragod,Hosdurg,Bare (CT),627165,558,32,221265,Udma,5631,Kanhangad,5993,,3.0,1,17966.00871445966,13316295.217042346,1,191911,6303,KANHANGAD,513,Kasaragod,191911
190137,PANATADI,32,588,,627144,KERALA,Kasaragod,Vellarikkundu,Panathady,627144,558,32,221263,Panathady,5933,Parappa,6696,,4.0,1,61419.21639086288,93812176.05444334,1,192273,6885,PARAPPA,513,Kasaragod,192273
189870,KALANADU,32,588,05630,627100,KERALA,Kasaragod,Kasaragod,Kalnad,627100,558,32,221267,Chemnad,5630,Kasargod,5994,,3.0,1,13415.78744011026,9211261.99282615,1,192005,6304,KASARGOD,513,Kasaragod,192005
189852,BEDADKA,32,588,05630,627114,KERALA,Kasaragod,Kasaragod,Bedadka,627114,558,32,221266,Bedaduka,5630,Karadka,6697,,3.0,1,28967.80687812094,31267853.95644516,1,191987,6886,KARADKA,513,Kasaragod,191987
189850,MUNNAD,32,588,05630,627115,KERALA,Kasaragod,Kasaragod,Munnad,627115,558,32,221266,Bedaduka,5630,Karadka,6697,,3.0,1,39916.340319103285,39591476.29363581,1,191985,6886,KARADKA,513,Kasaragod,191985
189853,KOCATTUR,32,588,05630,627113,KERALA,Kasaragod,Kasaragod,Kolathur,627113,558,32,221266,Bedaduka,5630,Karadka,6697,,3.0,1,25904.521165324568,18495867.79710639,1,191988,6886,KARADKA,513,Kasaragod,191988
189863,TEKKIL,32,588,05630,627102,KERALA,Kasaragod,Kasaragod,Thekkil,627102,558,32,221267,Chemnad,5630,Kasargod,5994,,3.0,1,18238.231409021322,15071727.485549975,1,191998,6304,KASARGOD,513,Kasaragod,191998
189851,KUTTIKOLU,32,588,05630,627116,KERALA,Kasaragod,Kasaragod,Kuttikole,627116,558,32,221271,Kutikkol,5630,Karadka,6697,,3.0,1,23063.388608809844,22970666.60876153,1,191986,6886,KARADKA,513,Kasaragod,191986
189879,TALANGERE,32,588,05630,913025,KERALA,Kasaragod,Kasaragod,Thalangara,913025,558,32,0,,5630,Kasargod,5994,,2.0,1,10600.781324202819,5379884.13068258,1,192014,6304,KASARGOD,513,Kasaragod,192014
189849,KALANADU,32,588,05630,627135,KERALA,Kasaragod,Kasaragod,Chemnad (CT),627135,558,32,221267,Chemnad,5630,Kasargod,5994,,3.0,1,13328.024829620268,7869914.749640895,1,191984,6304,KASARGOD,513,Kasaragod,191984
189877,PERAMBEL,32,588,05630,,KERALA,Kasaragod,Kasaragod, ,0,558,32,0,,5630,Kasargod,5994,,3.0,1,15054.3324160664,9974368.220287185,1,192012,6304,KASARGOD,513,Kasaragod,192012
189856,KARIVEDAKAM,32,588,05630,627117,KERALA,Kasaragod,Kasaragod,Karivedakam,627117,558,32,221271,Kutikkol,5630,Karadka,6697,,3.0,1,29158.849123016094,31772061.200609624,1,191991,6886,KARADKA,513,Kasaragod,191991
189857,BANDADKA,32,588,05630,627118,KERALA,Kasaragod,Kasaragod,Bandadka,627118,558,32,221271,Kutikkol,5630,Karadka,6697,,3.0,1,24651.42973775063,17639884.692343485,1,191992,6886,KARADKA,513,Kasaragod,191992
189866,TALANGERE,32,588,05630,803255,KERALA,Kasaragod,Kasaragod,Kasaragod (M),803255,558,32,0,,5630,Kasargod,5994,,2.0,1,16759.944714653866,10509422.741717145,1,192001,6304,KASARGOD,513,Kasaragod,192001
189873,CHANGALA,32,588,05630,627134,KERALA,Kasaragod,Kasaragod,Chengala (CT),627134,558,32,221268,Chengala,5630,Kasargod,5994,,2.0,1,16046.123307769609,10712976.245370414,1,192008,6304,KASARGOD,513,Kasaragod,192008
167528,ALETTI,29,575,05565,617768,KARNATAKA,Dakshina Kannada,Sulya,Aletty,617768,534,29,217376,Aletti,5565,Sulya,5819,,,1,57040.44728295029,80688719.55645797,1,169475,6150,SULYA,489,Dakshina Kannada,169475
189862,MULIYAR,32,588,05630,627112,KERALA,Kasaragod,Kasaragod,Muliyar,627112,558,32,221274,Muliyar,5630,Karadka,6697,,3.0,1,49659.53314763728,56741094.12334807,1,191997,6886,KARADKA,513,Kasaragod,191997
189869,ADKATBAILU,32,588,05630,913022,KERALA,Kasaragod,Kasaragod,Adkath Bail,913022,558,32,0,,5630,Kasargod,5994,,2.0,1,7205.527785244268,1987898.912621505,1,192004,6304,KASARGOD,513,Kasaragod,192004
189878,KODLU,32,588,05630,627133,KERALA,Kasaragod,Kasaragod,Kudlu (CT),627133,558,32,221272,Madhur,5630,Kasargod,5994,,2.0,1,17124.291650126874,12604770.18519183,1,192013,6304,KASARGOD,513,Kasaragod,192013
189867,CHANGALA,32,588,05630,627103,KERALA,Kasaragod,Kasaragod,Muttathody,627103,558,32,221268,Chengala,5630,Kasargod,5994,,2.0,1,17930.05301524941,11936581.47316998,1,192002,6304,KASARGOD,513,Kasaragod,192002
189876,PADI,32,588,05630,627104,KERALA,Kasaragod,Kasaragod,Pady,627104,558,32,221268,Chengala,5630,Kasargod,5994,,2.0,1,17566.796682636883,12629787.316939605,1,192011,6304,KASARGOD,513,Kasaragod,192011
173180,PPERAJE,29,576,05566,923915,KARNATAKA,Kodagu,Madikeri,P.PERAJE,923915,541,29,218685,Peraje,5566,Madikeri,5861,,,1,21656.701544173302,16129288.587967735,1,175156,6192,MADIKERI,496,Kodagu,175156
173179,KPERAJE,29,576,05566,617808,KARNATAKA,Kodagu,Madikeri,Kundalpadi Peraje,617808,541,29,218685,Peraje,5566,Madikeri,5861,,,1,16542.269035665937,9694568.075926306,1,175155,6192,MADIKERI,496,Kodagu,175155
189854,ADUR,32,588,05630,627110,KERALA,Kasaragod,Kasaragod,Adhur,627110,558,32,221270,Karadka,5630,Karadka,6697,,3.0,1,45568.5166473644,66945176.55343726,1,191989,6886,KARADKA,513,Kasaragod,191989
189872,KARADKA,32,588,05630,627111,KERALA,Kasaragod,Kasaragod,Karadka,627111,558,32,221270,Karadka,5630,Karadka,6697,,2.0,1,23280.65188519452,16788716.342234775,1,192007,6886,KARADKA,513,Kasaragod,192007
189864,MADHUR,32,588,05630,627132,KERALA,Kasaragod,Kasaragod,Madhur (CT),627132,558,32,221272,Madhur,5630,Kasargod,5994,,2.0,1,18584.39827479015,11524586.30292011,1,191999,6304,KASARGOD,513,Kasaragod,191999
189865,PADY,32,588,05630,627105,KERALA,Kasaragod,Kasaragod,Nekraje,627105,558,32,221268,Chengala,5630,Kasargod,5994,,2.0,1,26613.420796653085,21688280.26633705,1,192000,6304,KASARGOD,513,Kasaragod,192000
167252,MANDEKOLU,29,575,05565,617762,KARNATAKA,Dakshina Kannada,Sulya,Mandekolu,617762,534,29,217392,Mandekolu,5565,Sulya,5819,,,1,38503.80479965001,32573180.14483727,1,169198,6150,SULYA,489,Dakshina Kannada,169198
189858,KUDLE,32,588,05630,627130,KERALA,Kasaragod,Kasaragod,Puthur (CT),627130,558,32,221273,Mogral Puthur,5630,Kasargod,5994,,2.0,1,12732.454798544883,9191561.1420272,1,191993,6304,KASARGOD,513,Kasaragod,191993
189875,SHIRAVAGILU,32,588,05630,627131,KERALA,Kasaragod,Kasaragod,Shiribagilu (CT),627131,558,32,221272,Madhur,5630,Kasargod,5994,,2.0,1,10580.859734254856,5272515.15228661,1,192010,6304,KASARGOD,513,Kasaragod,192010
189861,ADURU,32,588,05630,627119,KERALA,Kasaragod,Kasaragod,Adoor,627119,558,32,221269,Delampady,5630,Karadka,6697,,2.0,1,31055.643072561776,24167742.324709676,1,191996,6886,KARADKA,513,Kasaragod,191996
189997,MOGRAL,32,588,,627129,KERALA,Kasaragod,Manjeswaram,Mogral (CT),627129,558,32,221279,Kumbala,5932,Manjeshwar,5995,,1.0,1,8995.486108144847,3712147.063682185,1,192132,6305,MANJESHWAR,513,Kasaragod,192132
189874,PATLA,32,588,05630,627099,KERALA,Kasaragod,Kasaragod,Patla,627099,558,32,221272,Madhur,5630,Kasargod,5994,,2.0,1,10779.598106493106,5754701.071535065,1,192009,6304,KASARGOD,513,Kasaragod,192009
189871,UBRANGALA,32,588,05630,627106,KERALA,Kasaragod,Kasaragod,Ubrangala,627106,558,32,221278,Kumbadaje,5630,Karadka,6697,,2.0,1,12936.628664046122,5862089.790479765,1,192006,6886,KARADKA,513,Kasaragod,192006
189846,BELA,32,588,05630,627090,KERALA,Kasaragod,Kasaragod,Bela,627090,558,32,221275,Badiyadka,5630,Manjeshwar,5995,,2.0,1,27343.20353393361,23506206.730866,1,191981,6305,MANJESHWAR,513,Kasaragod,191981
190002,KANNORU,32,588,,627093,KERALA,Kasaragod,Manjeswaram,Kannur,627093,558,32,221284,Puthige,5932,Manjeshwar,5995,,1.0,1,10415.028333762293,5963443.66429692,1,192137,6305,MANJESHWAR,513,Kasaragod,192137
189860,KUMBADAJE,32,588,05630,627107,KERALA,Kasaragod,Kasaragod,Kumbadaje,627107,558,32,221278,Kumbadaje,5630,Karadka,6697,,2.0,1,26858.471623006077,27631825.132529296,1,191995,6886,KARADKA,513,Kasaragod,191995
189976,KOIPADI,32,588,,627128,KERALA,Kasaragod,Manjeswaram,Koipady (CT),627128,558,32,221279,Kumbala,5932,Manjeshwar,5995,,1.0,1,16780.517826844076,14779092.943893995,1,192111,6305,MANJESHWAR,513,Kasaragod,192111
189868,NETTANIGE,32,588,05630,627109,KERALA,Kasaragod,Kasaragod,Bellur,627109,558,32,221276,Belloor,5630,Karadka,6697,,2.0,1,17668.797897536166,8416341.49867484,1,192003,6886,KARADKA,513,Kasaragod,192003
167242,JALSUR,29,575,05565,617760,KARNATAKA,Dakshina Kannada,Sulya,Jalsoor,617760,534,29,217385,Jalsuru,5565,Sulya,5819,,,1,37756.37601495709,15370694.31065084,1,169188,6150,SULYA,489,Dakshina Kannada,169188
167373,RF,29,575,05565,,KARNATAKA,Dakshina Kannada,Sulya,,0,534,29,0,,5565,Sulya,5819,,,1,5226.312343960029,729359.869728045,1,169319,6150,SULYA,489,Dakshina Kannada,169319
189855,DELAMPADI,32,588,05630,627120,KERALA,Kasaragod,Kasaragod,Delampady,627120,558,32,221269,Delampady,5630,Karadka,6697,,3.0,1,30064.75740577026,27968313.152457405,1,191990,6886,KARADKA,513,Kasaragod,191990
189847,NIRCHAL,32,588,05630,627089,KERALA,Kasaragod,Kasaragod,Nirchal,627089,558,32,221275,Badiyadka,5630,Manjeshwar,5995,,2.0,1,27269.16708632136,22095501.622143604,1,191982,6305,MANJESHWAR,513,Kasaragod,191982
189848,BADIADKA,32,588,05630,627088,KERALA,Kasaragod,Kasaragod,Badiyadka,627088,558,32,221275,Badiyadka,5630,Manjeshwar,5995,,2.0,1,26820.625913180585,25020281.753070883,1,191983,6305,MANJESHWAR,513,Kasaragod,191983
167311,NETTIANIMUDNURU,29,575,05564,617750,KARNATAKA,Dakshina Kannada,Puttur,Nettanigemudnoor,617750,534,29,217365,Nettanige Mudnuru,5564,Puttur,5818,,,1,37056.83971520598,28934506.28376178,1,169257,6149,PUTTUR,489,Dakshina Kannada,169257
189974,EDNAD,32,588,,627092,KERALA,Kasaragod,Manjeswaram,Edanad,627092,558,32,221284,Puthige,5932,Manjeshwar,5995,,1.0,1,12778.264702038521,7843952.09637969,1,192109,6305,MANJESHWAR,513,Kasaragod,192109
190000,ARIKADI,32,588,,627097,KERALA,Kasaragod,Manjeswaram,Arikady,627097,558,32,221279,Kumbala,5932,Manjeshwar,5995,,1.0,1,13224.644226819364,5412607.79560782,1,192135,6305,MANJESHWAR,513,Kasaragod,192135
167372,KANAKAMAJALU,29,575,05565,617761,KARNATAKA,Dakshina Kannada,Sulya,Kanaka Majalu,617761,534,29,217388,Kanaka Majalu,5565,Sulya,5819,,,1,19820.68198225693,11527075.252010845,1,169318,6150,SULYA,489,Dakshina Kannada,169318
189859,NETTANIGE,32,588,05630,627108,KERALA,Kasaragod,Kasaragod,Nettanige,627108,558,32,221276,Belloor,5630,Karadka,6697,,2.0,1,26495.50197397174,22981576.96185513,1,191994,6886,KARADKA,513,Kasaragod,191994
190003,ICHLAMPADI,32,588,,627098,KERALA,Kasaragod,Manjeswaram,Ichilampady,627098,558,32,221279,Kumbala,5932,Manjeshwar,5995,,1.0,1,16265.503196160833,7630896.92772229,1,192138,6305,MANJESHWAR,513,Kasaragod,192138
189996,PUTTIGE,32,588,,627091,KERALA,Kasaragod,Manjeswaram,Puthige,627091,558,32,221284,Puthige,5932,Manjeshwar,5995,,1.0,1,12828.260880292604,6214409.85351953,1,192131,6305,MANJESHWAR,513,Kasaragod,192131
167310,PADUVANNUR,29,575,05564,617749,KARNATAKA,Dakshina Kannada,Puttur,Paduvannur,617749,534,29,217342,Badagannuru,5564,Puttur,5818,,,1,28317.71987722548,17265475.845727004,1,169256,6149,PUTTUR,489,Dakshina Kannada,169256
189977,BADUR,32,588,,627083,KERALA,Kasaragod,Manjeswaram,Mugu,627083,558,32,221284,Puthige,5932,Manjeshwar,5995,,1.0,1,13342.544933239655,6032702.373100995,1,192112,6305,MANJESHWAR,513,Kasaragod,192112
189973,PADRE,32,588,,627087,KERALA,Kasaragod,Manjeswaram,Padre,627087,558,32,221277,Enmakaje,5932,Manjeshwar,5995,,1.0,1,21841.882149016823,17204589.53581597,1,192108,6305,MANJESHWAR,513,Kasaragod,192108
189972,BOMBRANA,32,588,,627096,KERALA,Kasaragod,Manjeswaram,Bombrana,627096,558,32,221279,Kumbala,5932,Manjeshwar,5995,,1.0,1,9538.431971390408,4169847.236229295,1,192107,6305,MANJESHWAR,513,Kasaragod,192107
190005,SHIRIYA,32,588,,627127,KERALA,Kasaragod,Manjeswaram,Shiriya (CT),627127,558,32,221280,Mangalpady,5932,Manjeshwar,5995,,1.0,1,9068.903659440437,4175412.79156419,1,192140,6305,MANJESHWAR,513,Kasaragod,192140
189998,UJARULWAR,32,588,,627095,KERALA,Kasaragod,Manjeswaram,Ujarulvar,627095,558,32,221279,Kumbala,5932,Manjeshwar,5995,,1.0,1,7492.477951397587,2510816.679147035,1,192133,6305,MANJESHWAR,513,Kasaragod,192133
189999,KIDORU,32,588,,627094,KERALA,Kasaragod,Manjeswaram,Kidoor,627094,558,32,221279,Kumbala,5932,Manjeshwar,5995,,1.0,1,13915.946946686017,5618091.879136305,1,192134,6305,MANJESHWAR,513,Kasaragod,192134
189961,MAIRE,32,588,,627084,KERALA,Kasaragod,Manjeswaram,Sheni,627084,558,32,221277,Enmakaje,5932,Manjeshwar,5995,,1.0,1,17079.615830450515,14378564.068473816,1,192096,6305,MANJESHWAR,513,Kasaragod,192096
189995,ANGADIMOGAR,32,588,,627082,KERALA,Kasaragod,Manjeswaram,Angadimogaru,627082,558,32,221284,Puthige,5932,Manjeshwar,5995,,1.0,1,8973.156001857675,3691946.39263694,1,192130,6305,MANJESHWAR,513,Kasaragod,192130
190004,HERORU,32,588,,627073,KERALA,Kasaragod,Manjeswaram,Heroor,627073,558,32,221280,Mangalpady,5932,Manjeshwar,5995,,1.0,1,10074.96624071926,5205784.3474544,1,192139,6305,MANJESHWAR,513,Kasaragod,192139
188869,PANAJE,29,575,05564,617742,KARNATAKA,Dakshina Kannada,Puttur,Panaje,617742,534,29,217367,Panaje,5564,Puttur,5818,,,1,19302.879601592766,15462351.971730815,1,190993,6149,PUTTUR,489,Dakshina Kannada,190993
189970,ICHLANGOD,32,588,,627072,KERALA,Kasaragod,Manjeswaram,Ichilangod,627072,558,32,221280,Mangalpady,5932,Manjeshwar,5995,,1.0,1,9727.63045941757,4968184.654767755,1,192105,6305,MANJESHWAR,513,Kasaragod,192105
189991,MANGALAPADI,32,588,,627126,KERALA,Kasaragod,Manjeswaram,Mangalpady (CT),627126,558,32,221280,Mangalpady,5932,Manjeshwar,5995,,1.0,1,12270.13578112892,7637676.409735645,1,192126,6305,MANJESHWAR,513,Kasaragod,192126
167228,NIDPALLI,29,575,05564,617748,KARNATAKA,Dakshina Kannada,Puttur,Nidpalli,617748,534,29,273299,Nidpalli,5564,Puttur,5818,,,1,22182.482199357913,13138551.95936754,1,169174,6149,PUTTUR,489,Dakshina Kannada,169174
189994,BADOR,32,588,,627081,KERALA,Kasaragod,Manjeswaram,Badoor,627081,558,32,221284,Puthige,5932,Manjeshwar,5995,,1.0,1,17748.570229648754,11424331.405439464,1,192129,6305,MANJESHWAR,513,Kasaragod,192129
189971,KAIYARU,32,588,,627062,KERALA,Kasaragod,Manjeswaram,Kaliyoor,627062,558,32,221282,Meenja,5932,Manjeshwar,5995,,1.0,1,19549.619816631206,15746065.323730635,1,192106,6305,MANJESHWAR,513,Kasaragod,192106
190001,KATTUKUKKE,32,588,,627086,KERALA,Kasaragod,Manjeswaram,Kattukukke,627086,558,32,221277,Enmakaje,5932,Manjeshwar,5995,,1.0,1,17635.516683169728,14698621.228652876,1,192136,6305,MANJESHWAR,513,Kasaragod,192136
189962,ENMAKAJE,32,588,,627085,KERALA,Kasaragod,Manjeswaram,Enmakaje,627085,558,32,221277,Enmakaje,5932,Manjeshwar,5995,,1.0,1,38241.86523172534,36706935.995168,1,192097,6305,MANJESHWAR,513,Kasaragod,192097
189992,KUBANORU,32,588,,627074,KERALA,Kasaragod,Manjeswaram,Kubanoor,627074,558,32,221280,Mangalpady,5932,Manjeshwar,5995,,1.0,1,8598.830567621486,3410329.10692986,1,192127,6305,MANJESHWAR,513,Kasaragod,192127
189993,KAIYARU,32,588,,627076,KERALA,Kasaragod,Manjeswaram,Kayyar,627076,558,32,221283,Paivalike,5932,Manjeshwar,5995,,1.0,1,11680.947460866364,7980904.757917605,1,192128,6305,MANJESHWAR,513,Kasaragod,192128
189990,KODIBAIL,32,588,,627071,KERALA,Kasaragod,Manjeswaram,Kodibail,627071,558,32,221280,Mangalpady,5932,Manjeshwar,5995,,1.0,1,7482.061903623133,2955396.876709375,1,192125,6305,MANJESHWAR,513,Kasaragod,192125
189986,BEKORU,32,588,,627075,KERALA,Kasaragod,Manjeswaram,Bekoor,627075,558,32,221280,Mangalpady,5932,Manjeshwar,5995,,1.0,1,5628.888134782964,1813750.15726044,1,192121,6305,MANJESHWAR,513,Kasaragod,192121
167200,BETTAMPADI,29,575,05564,617741,KARNATAKA,Dakshina Kannada,Puttur,Irde,617741,534,29,217347,Bettampady,5564,Puttur,5818,,,1,20667.13373285187,7820106.149540135,1,169146,6149,PUTTUR,489,Dakshina Kannada,169146
189969,UPPALA,32,588,,627125,KERALA,Kasaragod,Manjeswaram,Uppala (CT),627125,558,32,221280,Mangalpady,5932,Manjeshwar,5995,,1.0,1,20100.5211780974,7588657.73358734,1,192104,6305,MANJESHWAR,513,Kasaragod,192104
189989,MANJESHVAR,32,588,,627122,KERALA,Kasaragod,Manjeswaram,Manjeshwar (CT),627122,558,32,0,,5932,Manjeshwar,5995,,1.0,1,8260.982515471405,2060352.333039005,1,192124,6305,MANJESHWAR,513,Kasaragod,192124
167485,MANILA,29,575,05562,617590,KARNATAKA,Dakshina Kannada,Bantval,Manila,617590,534,29,273283,Manila,5562,Bantval,5815,,,1,17466.336326442317,11781443.48758515,1,169431,6146,BANTVAL,489,Dakshina Kannada,169431
189985,KOLORU,32,588,,,KERALA,Kasaragod,Manjeswaram, ,0,558,32,0,,5932,Manjeshwar,5995,,1.0,1,14655.033768917916,6560294.36416034,1,192120,6305,MANJESHWAR,513,Kasaragod,192120
189960,BAYAR,32,588,,627080,KERALA,Kasaragod,Manjeswaram,Bayar,627080,558,32,221283,Paivalike,5932,Manjeshwar,5995,,1.0,1,27882.98342613142,25802023.2175441,1,192095,6305,MANJESHWAR,513,Kasaragod,192095
190006,MAJIBAILU,32,588,,627068,KERALA,Kasaragod,Manjeswaram,Majibail,627068,558,32,221282,Meenja,5932,Manjeshwar,5995,,1.0,1,12244.609075870485,3572739.574609705,1,192141,6305,MANJESHWAR,513,Kasaragod,192141
190007,MEENJA,32,588,,627064,KERALA,Kasaragod,Manjeswaram,Meenja,627064,558,32,221282,Meenja,5932,Manjeshwar,5995,,1.0,1,23372.04927781037,10747949.06288424,1,192142,6305,MANJESHWAR,513,Kasaragod,192142
189967,KADAMBAILY,32,588,,627066,KERALA,Kasaragod,Manjeswaram,Moodambail,627066,558,32,221282,Meenja,5932,Manjeshwar,5995,,1.0,1,15233.57447236409,8338479.74434399,1,192102,6305,MANJESHWAR,513,Kasaragod,192102
189988,HOSABETTU (CT),32,588,,627123,KERALA,Kasaragod,Manjeswaram,Hosabettu (CT),627123,558,32,221281,Manjewswaram,5932,Manjeshwar,5995,,1.0,1,8161.903959832032,3136561.95565151,1,192123,6305,MANJESHWAR,513,Kasaragod,192123
167529,PERUVAI,29,575,05562,617589,KARNATAKA,Dakshina Kannada,Bantval,Peruvai,617589,534,29,217229,Peruvai,5562,Bantval,5815,,,1,15568.634375306774,10055004.353312805,1,169476,6146,BANTVAL,489,Dakshina Kannada,169476
189975,PAIVALIKE,32,588,,627078,KERALA,Kasaragod,Manjeswaram,Paivalike,627078,558,32,221283,Paivalike,5932,Manjeshwar,5995,,1.0,1,37956.68646449338,21302216.33693496,1,192110,6305,MANJESHWAR,513,Kasaragod,192110
167469,KARAPADI,29,575,05562,617596,KARNATAKA,Dakshina Kannada,Bantval,Punacha,617596,534,29,217232,Punacha,5562,Bantval,5815,,,1,27993.606657781722,30279542.572004654,1,169415,6146,BANTVAL,489,Dakshina Kannada,169415
189979,PAIVALIKE,32,588,,627079,KERALA,Kasaragod,Manjeswaram,Chippar,627079,558,32,221283,Paivalike,5932,Manjeshwar,5995,,1.0,1,10125.565542508002,5034511.409198705,1,192114,6305,MANJESHWAR,513,Kasaragod,192114
167308,KEPU,29,575,05562,617595,KARNATAKA,Dakshina Kannada,Bantval,Kepu,617595,534,29,217216,Kepu,5562,Bantval,5815,,,1,20007.505362516906,16624023.08607699,1,169254,6146,BANTVAL,489,Dakshina Kannada,169254
189978,HOSABETTU,32,588,,627123,KERALA,Kasaragod,Manjeswaram,Hosabettu (CT),627123,558,32,221281,Manjewswaram,5932,Manjeshwar,5995,,1.0,1,10218.093799667684,3284263.088658835,1,192113,6305,MANJESHWAR,513,Kasaragod,192113
189987,KADAMBARU,32,588,,627065,KERALA,Kasaragod,Manjeswaram,Kadambar,627065,558,32,221282,Meenja,5932,Manjeshwar,5995,,1.0,1,10385.940407775857,3941088.330024005,1,192122,6305,MANJESHWAR,513,Kasaragod,192122
189966,MINJA,32,588,,627063,KERALA,Kasaragod,Manjeswaram,Talikala,627063,558,32,221282,Meenja,5932,Manjeshwar,5995,,1.0,1,12099.085891042156,5895662.1517808,1,192101,6305,MANJESHWAR,513,Kasaragod,192101
167486,ALKE,29,575,05562,617591,KARNATAKA,Dakshina Kannada,Bantval,Alike,617591,534,29,217198,Alike,5562,Bantval,5815,,,1,17615.14159729502,15199628.314121375,1,169432,6146,BANTVAL,489,Dakshina Kannada,169432
189968,HOSABETTU,32,588,,627123,KERALA,Kasaragod,Manjeswaram,Hosabettu (CT),627123,558,32,221281,Manjewswaram,5932,Manjeshwar,5995,,1.0,1,12726.500144758314,6894203.22966728,1,192103,6305,MANJESHWAR,513,Kasaragod,192103
189980,UDIYAVARA,32,588,,913026,KERALA,Kasaragod,Manjeswaram,Udyawar,913026,558,32,221281,Manjewswaram,5932,Manjeshwar,5995,,1.0,1,11004.593316046485,4275475.035017215,1,192115,6305,MANJESHWAR,513,Kasaragod,192115
167306,KANYANA,29,575,05562,617588,KARNATAKA,Dakshina Kannada,Bantval,Kanyana,617588,534,29,217210,Kanyana,5562,Bantval,5815,,,1,25895.4877618265,16331684.818090616,1,169252,6146,BANTVAL,489,Dakshina Kannada,169252
167513,KARAPADI,29,575,05562,617587,KARNATAKA,Dakshina Kannada,Bantval,Karopady,617587,534,29,217212,Karopadi,5562,Bantval,5815,,,1,25123.590201860825,15911690.635363175,1,169459,6146,BANTVAL,489,Dakshina Kannada,169459
189984,KALIYORU,32,588,,627062,KERALA,Kasaragod,Manjeswaram,Kaliyoor,627062,558,32,221282,Meenja,5932,Manjeshwar,5995,,1.0,1,7259.615088787548,3629026.188229755,1,192119,6305,MANJESHWAR,513,Kasaragod,192119
189983,KOLIYORU,32,588,,627061,KERALA,Kasaragod,Manjeswaram,Koliyoor,627061,558,32,221282,Meenja,5932,Manjeshwar,5995,,1.0,1,10278.624375538764,5348535.212580125,1,192118,6305,MANJESHWAR,513,Kasaragod,192118
189963,KUNJATTURU,32,588,,627121,KERALA,Kasaragod,Manjeswaram,Kunjathur (CT),627121,558,32,221281,Manjewswaram,5932,Manjeshwar,5995,,1.0,1,14358.8039316359,8933963.467957335,1,192098,6305,MANJESHWAR,513,Kasaragod,192098
189964,VORKADI KASBA,32,588,,627057,KERALA,Kasaragod,Manjeswaram,Pavoor,627057,558,32,221285,Vorkady,5932,Manjeshwar,5995,,1.0,1,17131.11182533118,13679955.99320014,1,192099,6305,MANJESHWAR,513,Kasaragod,192099
189965,KODLAMOGAR,32,588,,627060,KERALA,Kasaragod,Manjeswaram,Kodalamogaru,627060,558,32,221285,Vorkady,5932,Manjeshwar,5995,,1.0,1,19029.417406057346,12068867.214461224,1,192100,6305,MANJESHWAR,513,Kasaragod,192100
189981,VORKADI,32,588,,627058,KERALA,Kasaragod,Manjeswaram,Vorkady,627058,558,32,221285,Vorkady,5932,Manjeshwar,5995,,1.0,1,15201.278578174055,10498820.045094335,1,192116,6305,MANJESHWAR,513,Kasaragod,192116
167216,TALPADI,29,575,,617519,KARNATAKA,Dakshina Kannada,Ullala,Talapady (CT),617519,534,29,217332,Talapady,7197,Ullala,7499,,,1,11730.878800359918,7029941.904845585,1,169162,0, ,489,Dakshina Kannada,169162
167280,SALETTURU,29,575,05562,617586,KARNATAKA,Dakshina Kannada,Bantval,Salethur,617586,534,29,273288,Salethooru,5562,Bantval,5815,,,1,13679.066372776377,5686625.399793375,1,169226,6146,BANTVAL,489,Dakshina Kannada,169226
189982,PADORU,32,588,,,KERALA,Kasaragod,Manjeswaram, ,0,558,32,0,,5932,Manjeshwar,5995,,1.0,1,20142.159977154777,11746790.403946236,1,192117,6305,MANJESHWAR,513,Kasaragod,192117
167282,NARINGANA,29,575,,617564,KARNATAKA,Dakshina Kannada,Ullala,Naringana,617564,534,29,217224,Naringana,7197,Ullala,7499,,,1,16140.903224492713,8573139.75823457,1,169228,0, ,489,Dakshina Kannada,169228
167296,KOLNAD,29,575,05562,617575,KARNATAKA,Dakshina Kannada,Bantval,Kolnadu,617575,534,29,217217,Kolandu,5562,Bantval,5815,,,1,45146.10299062473,24770557.503782965,1,169242,6146,BANTVAL,489,Dakshina Kannada,169242
167303,SOMESHVARA,29,575,05561,617517,KARNATAKA,Dakshina Kannada,Mangaluru,Someshwar (CT),617517,534,29,0,,5561,Mangaluru,5817,,,1,27250.169246406407,7618433.86221826,1,169249,6148,MANGALURU,489,Dakshina Kannada,169249
167289,BALEPUNI,29,575,,617565,KARNATAKA,Dakshina Kannada,Ullala,Balepuni,617565,534,29,217203,Balepuni,7197,Ullala,7499,,,1,12164.696622224566,7409628.3708606,1,169235,0, ,489,Dakshina Kannada,169235
167294,KAIRANGALA,29,575,,617604,KARNATAKA,Dakshina Kannada,Ullala,Kairangala (CT),617604,534,29,217203,Balepuni,7197,Ullala,7499,,,1,13380.27037886076,6983924.944889925,1,169240,0, ,489,Dakshina Kannada,169240
167321,IRA,29,575,,617566,KARNATAKA,Dakshina Kannada,Ullala,Ira,617566,534,29,217208,Ira,7197,Ullala,7499,,,1,20240.5532988592,13848679.466562845,1,169267,0, ,489,Dakshina Kannada,169267
